state_id,phase,iteration,checkpoint_sha256,certified_supporting_mass_A,derived_structural_nonproof_mass_B,matched_random_nonproof_mass_C,A_minus_B,A_minus_C,region_size,base_kg_manifest_sha256,evidence_manifest_sha256
4dca2566ec2be9b6,late,0,25b7b3a8b149795bc812f303178a81c2f1892e764d27cd5d4a54817a8bdbae5c,0.05356262755314482,0.08571428568235466,0.05711667051273708,-0.03215165812920984,-0.00355404295959226,12,28c2715fbc9b16a75dc7e849a907a807c5097918ff49a92fd0b76583533998a8,87c0cf2e0f6e4cf5cf1ed4a0f6eb27af0115a73f61e811e17185afa0d20e738e
42be4c9c478fcf87,mid,0,25b7b3a8b149795bc812f303178a81c2f1892e764d27cd5d4a54817a8bdbae5c,0.024984763650468624,0.042857142916443394,0.025010085353375663,-0.01787237926597477,-2.532170290703989e-05,6,28c2715fbc9b16a75dc7e849a907a807c5097918ff49a92fd0b76583533998a8,87c0cf2e0f6e4cf5cf1ed4a0f6eb27af0115a73f61e811e17185afa0d20e738e
e9cae6ed68f487bd,late,0,25b7b3a8b149795bc812f303178a81c2f1892e764d27cd5d4a54817a8bdbae5c,0.02498490351249928,0.04285714292328577,0.028571271035743976,-0.01787223941078649,-0.0035863675232446976,6,28c2715fbc9b16a75dc7e849a907a807c5097918ff49a92fd0b76583533998a8,87c0cf2e0f6e4cf5cf1ed4a0f6eb27af0115a73f61e811e17185afa0d20e738e
8aad5b2f419c6072,late,0,25b7b3a8b149795bc812f303178a81c2f1892e764d27cd5d4a54817a8bdbae5c,0.07858374510112072,0.12857142853037434,0.07861129149413174,-0.049987683429253624,-2.7546393011015913e-05,18,28c2715fbc9b16a75dc7e849a907a807c5097918ff49a92fd0b76583533998a8,87c0cf2e0f6e4cf5cf1ed4a0f6eb27af0115a73f61e811e17185afa0d20e738e
5fbcbd0c5df88ebb,late,0,25b7b3a8b149795bc812f303178a81c2f1892e764d27cd5d4a54817a8bdbae5c,0.053572100514014606,0.0857142858100789,0.04646308868994271,-0.03214218529606429,0.007109011824071899,12,28c2715fbc9b16a75dc7e849a907a807c5097918ff49a92fd0b76583533998a8,87c0cf2e0f6e4cf5cf1ed4a0f6eb27af0115a73f61e811e17185afa0d20e738e
114b4dce6f7bfe50,late,0,25b7b3a8b149795bc812f303178a81c2f1892e764d27cd5d4a54817a8bdbae5c,0.07859784941853237,0.12857142852353198,0.08571817046829487,-0.04997357910499961,-0.007120321049762499,18,28c2715fbc9b16a75dc7e849a907a807c5097918ff49a92fd0b76583533998a8,87c0cf2e0f6e4cf5cf1ed4a0f6eb27af0115a73f61e811e17185afa0d20e738e
916e555f6c4000ff,late,0,25b7b3a8b149795bc812f303178a81c2f1892e764d27cd5d4a54817a8bdbae5c,0.024995809937155816,0.042857142921004975,0.021434457898148726,-0.01786133298384916,0.0035613520390070895,6,28c2715fbc9b16a75dc7e849a907a807c5097918ff49a92fd0b76583533998a8,87c0cf2e0f6e4cf5cf1ed4a0f6eb27af0115a73f61e811e17185afa0d20e738e
6264497eaa048e7d,late,0,25b7b3a8b149795bc812f303178a81c2f1892e764d27cd5d4a54817a8bdbae5c,0.050002829842269725,0.08571428572340888,0.049982602154568116,-0.03571145588113915,2.02276877016086e-05,12,28c2715fbc9b16a75dc7e849a907a807c5097918ff49a92fd0b76583533998a8,87c0cf2e0f6e4cf5cf1ed4a0f6eb27af0115a73f61e811e17185afa0d20e738e
cd631ab31fac34e8,late,0,25b7b3a8b149795bc812f303178a81c2f1892e764d27cd5d4a54817a8bdbae5c,0.02857142863985227,0.04285714287995076,0.02144197343792339,-0.014285714240098488,0.00712945520192888,6,28c2715fbc9b16a75dc7e849a907a807c5097918ff49a92fd0b76583533998a8,87c0cf2e0f6e4cf5cf1ed4a0f6eb27af0115a73f61e811e17185afa0d20e738e
2fa902a4bde72d4f,late,0,25b7b3a8b149795bc812f303178a81c2f1892e764d27cd5d4a54817a8bdbae5c,0.07856306821371777,0.1285714289067047,0.08214662916027993,-0.05000836069298693,-0.0035835609465621615,18,28c2715fbc9b16a75dc7e849a907a807c5097918ff49a92fd0b76583533998a8,87c0cf2e0f6e4cf5cf1ed4a0f6eb27af0115a73f61e811e17185afa0d20e738e
58de86eedc55d29f,late,0,25b7b3a8b149795bc812f303178a81c2f1892e764d27cd5d4a54817a8bdbae5c,0.07857243524179999,0.12857142846879302,0.08216652815722472,-0.04999899322699303,-0.003594092915424729,18,28c2715fbc9b16a75dc7e849a907a807c5097918ff49a92fd0b76583533998a8,87c0cf2e0f6e4cf5cf1ed4a0f6eb27af0115a73f61e811e17185afa0d20e738e
55c6be1343917df6,late,0,25b7b3a8b149795bc812f303178a81c2f1892e764d27cd5d4a54817a8bdbae5c,0.07856283599852085,0.12857142869459123,0.08926631965843661,-0.050008592696070386,-0.01070348365991576,18,28c2715fbc9b16a75dc7e849a907a807c5097918ff49a92fd0b76583533998a8,87c0cf2e0f6e4cf5cf1ed4a0f6eb27af0115a73f61e811e17185afa0d20e738e
5c46d4cab0649bd7,late,0,25b7b3a8b149795bc812f303178a81c2f1892e764d27cd5d4a54817a8bdbae5c,0.07857243527829241,0.12857142844142355,0.07856313157865515,-0.04999899316313114,9.30369963726696e-06,18,28c2715fbc9b16a75dc7e849a907a807c5097918ff49a92fd0b76583533998a8,87c0cf2e0f6e4cf5cf1ed4a0f6eb27af0115a73f61e811e17185afa0d20e738e
30fc470f7401da0c,late,0,25b7b3a8b149795bc812f303178a81c2f1892e764d27cd5d4a54817a8bdbae5c,0.02857142858511331,0.042857142877669965,0.03213287864887267,-0.014285714292556654,-0.003561450063759356,6,28c2715fbc9b16a75dc7e849a907a807c5097918ff49a92fd0b76583533998a8,87c0cf2e0f6e4cf5cf1ed4a0f6eb27af0115a73f61e811e17185afa0d20e738e
36b2c85b266010b4,late,0,25b7b3a8b149795bc812f303178a81c2f1892e764d27cd5d4a54817a8bdbae5c,0.0785473906233705,0.12857142851668962,0.09287845147810729,-0.05002403789331912,-0.014331060854736788,18,28c2715fbc9b16a75dc7e849a907a807c5097918ff49a92fd0b76583533998a8,87c0cf2e0f6e4cf5cf1ed4a0f6eb27af0115a73f61e811e17185afa0d20e738e
149aab874634a179,late,0,25b7b3a8b149795bc812f303178a81c2f1892e764d27cd5d4a54817a8bdbae5c,0.028571428496922766,0.04285714290503945,0.02859075615450771,-0.01428571440811668,-1.932765758494437e-05,6,28c2715fbc9b16a75dc7e849a907a807c5097918ff49a92fd0b76583533998a8,87c0cf2e0f6e4cf5cf1ed4a0f6eb27af0115a73f61e811e17185afa0d20e738e
b3a6c7628630359d,late,0,25b7b3a8b149795bc812f303178a81c2f1892e764d27cd5d4a54817a8bdbae5c,0.032144592745343085,0.05714285712461082,0.039301962126801496,-0.024998264379267734,-0.00715736938145841,8,28c2715fbc9b16a75dc7e849a907a807c5097918ff49a92fd0b76583533998a8,87c0cf2e0f6e4cf5cf1ed4a0f6eb27af0115a73f61e811e17185afa0d20e738e
6fefd9d7d54089c4,late,0,25b7b3a8b149795bc812f303178a81c2f1892e764d27cd5d4a54817a8bdbae5c,0.024991176862801823,0.04285714285714286,0.025005180016160013,-0.017865965994341034,-1.4003153358189274e-05,6,28c2715fbc9b16a75dc7e849a907a807c5097918ff49a92fd0b76583533998a8,87c0cf2e0f6e4cf5cf1ed4a0f6eb27af0115a73f61e811e17185afa0d20e738e
df88e8a71a960d88,late,0,25b7b3a8b149795bc812f303178a81c2f1892e764d27cd5d4a54817a8bdbae5c,0.07500026655117309,0.12857142853721673,0.07496812873786897,-0.05357116198604364,3.213781330412002e-05,18,28c2715fbc9b16a75dc7e849a907a807c5097918ff49a92fd0b76583533998a8,87c0cf2e0f6e4cf5cf1ed4a0f6eb27af0115a73f61e811e17185afa0d20e738e
7c1c7ae6205df8bc,late,0,25b7b3a8b149795bc812f303178a81c2f1892e764d27cd5d4a54817a8bdbae5c,0.09998345707141063,0.17142857173875886,0.11785395480729823,-0.07144511466734824,-0.0178704977358876,24,28c2715fbc9b16a75dc7e849a907a807c5097918ff49a92fd0b76583533998a8,87c0cf2e0f6e4cf5cf1ed4a0f6eb27af0115a73f61e811e17185afa0d20e738e
0e6caa2b89c5671e,late,0,25b7b3a8b149795bc812f303178a81c2f1892e764d27cd5d4a54817a8bdbae5c,0.1464178093634863,0.25714285729338926,0.1714264050065242,-0.11072504792990295,-0.025008595643037895,36,28c2715fbc9b16a75dc7e849a907a807c5097918ff49a92fd0b76583533998a8,87c0cf2e0f6e4cf5cf1ed4a0f6eb27af0115a73f61e811e17185afa0d20e738e
d3e8b63f8afb91f4,late,0,25b7b3a8b149795bc812f303178a81c2f1892e764d27cd5d4a54817a8bdbae5c,0.07499970669725117,0.1285714285440591,0.07142221542949714,-0.05357172184680792,0.0035774912677540294,18,28c2715fbc9b16a75dc7e849a907a807c5097918ff49a92fd0b76583533998a8,87c0cf2e0f6e4cf5cf1ed4a0f6eb27af0115a73f61e811e17185afa0d20e738e
9af16211b24685c6,late,0,25b7b3a8b149795bc812f303178a81c2f1892e764d27cd5d4a54817a8bdbae5c,0.04998565426095328,0.08571428577358625,0.05716896960475597,-0.035728631512632975,-0.00718331534380269,12,28c2715fbc9b16a75dc7e849a907a807c5097918ff49a92fd0b76583533998a8,87c0cf2e0f6e4cf5cf1ed4a0f6eb27af0115a73f61e811e17185afa0d20e738e
db1e347046310118,late,0,25b7b3a8b149795bc812f303178a81c2f1892e764d27cd5d4a54817a8bdbae5c,0.024999736117731514,0.04285714281380785,0.028553216024035263,-0.017857406696076335,-0.003553479906303749,6,28c2715fbc9b16a75dc7e849a907a807c5097918ff49a92fd0b76583533998a8,87c0cf2e0f6e4cf5cf1ed4a0f6eb27af0115a73f61e811e17185afa0d20e738e
56a7dde81d335df3,late,0,25b7b3a8b149795bc812f303178a81c2f1892e764d27cd5d4a54817a8bdbae5c,0.07856330007239434,0.1285714284482659,0.07511544034140036,-0.05000812837587157,0.003447859730993985,18,28c2715fbc9b16a75dc7e849a907a807c5097918ff49a92fd0b76583533998a8,87c0cf2e0f6e4cf5cf1ed4a0f6eb27af0115a73f61e811e17185afa0d20e738e
48c43bbbdab973de,late,0,25b7b3a8b149795bc812f303178a81c2f1892e764d27cd5d4a54817a8bdbae5c,0.050026309189557513,0.08571428583744838,0.06428727905323231,-0.03568797664789086,-0.014260969863674797,12,28c2715fbc9b16a75dc7e849a907a807c5097918ff49a92fd0b76583533998a8,87c0cf2e0f6e4cf5cf1ed4a0f6eb27af0115a73f61e811e17185afa0d20e738e
23cf443537af1aae,late,0,25b7b3a8b149795bc812f303178a81c2f1892e764d27cd5d4a54817a8bdbae5c,0.024995921282089665,0.04285714294153209,0.028594215376993692,-0.017861221659442424,-0.0035982940949040275,6,28c2715fbc9b16a75dc7e849a907a807c5097918ff49a92fd0b76583533998a8,87c0cf2e0f6e4cf5cf1ed4a0f6eb27af0115a73f61e811e17185afa0d20e738e
0aaa7c8b0c525308,late,0,25b7b3a8b149795bc812f303178a81c2f1892e764d27cd5d4a54817a8bdbae5c,0.0642893421486455,0.11428571421881112,0.0785846005132991,-0.04999637207016562,-0.014295258364653604,16,28c2715fbc9b16a75dc7e849a907a807c5097918ff49a92fd0b76583533998a8,87c0cf2e0f6e4cf5cf1ed4a0f6eb27af0115a73f61e811e17185afa0d20e738e
d83a5c8ba6bc761e,late,0,25b7b3a8b149795bc812f303178a81c2f1892e764d27cd5d4a54817a8bdbae5c,0.0642901015258846,0.11428571422489323,0.07859856695011334,-0.049995612699008624,-0.014308465424228742,16,28c2715fbc9b16a75dc7e849a907a807c5097918ff49a92fd0b76583533998a8,87c0cf2e0f6e4cf5cf1ed4a0f6eb27af0115a73f61e811e17185afa0d20e738e
f1046a806aadfbe0,late,0,25b7b3a8b149795bc812f303178a81c2f1892e764d27cd5d4a54817a8bdbae5c,0.06429010164563424,0.11428571443776694,0.067864406305584,-0.0499956127921327,-0.003574304659949762,16,28c2715fbc9b16a75dc7e849a907a807c5097918ff49a92fd0b76583533998a8,87c0cf2e0f6e4cf5cf1ed4a0f6eb27af0115a73f61e811e17185afa0d20e738e
6fc2092861b32642,late,0,25b7b3a8b149795bc812f303178a81c2f1892e764d27cd5d4a54817a8bdbae5c,0.06429001974968186,0.11428571426138585,0.06783267109142187,-0.04999569451170399,-0.003542651341740005,16,28c2715fbc9b16a75dc7e849a907a807c5097918ff49a92fd0b76583533998a8,87c0cf2e0f6e4cf5cf1ed4a0f6eb27af0115a73f61e811e17185afa0d20e738e
776d096fbd7a62b8,late,0,25b7b3a8b149795bc812f303178a81c2f1892e764d27cd5d4a54817a8bdbae5c,0.021387548536357614,0.04285714286626602,0.03212941795207122,-0.021469594329908404,-0.010741869415713607,6,28c2715fbc9b16a75dc7e849a907a807c5097918ff49a92fd0b76583533998a8,87c0cf2e0f6e4cf5cf1ed4a0f6eb27af0115a73f61e811e17185afa0d20e738e
460752ddf653e004,late,0,25b7b3a8b149795bc812f303178a81c2f1892e764d27cd5d4a54817a8bdbae5c,0.07500584285174097,0.12857142857142856,0.07857680155762604,-0.053565585719687586,-0.0035709587058850717,18,28c2715fbc9b16a75dc7e849a907a807c5097918ff49a92fd0b76583533998a8,87c0cf2e0f6e4cf5cf1ed4a0f6eb27af0115a73f61e811e17185afa0d20e738e
30bcc4667ee54d7c,mid,0,25b7b3a8b149795bc812f303178a81c2f1892e764d27cd5d4a54817a8bdbae5c,0.02139322672343752,0.04285714285258128,0.025028053189491795,-0.021463916129143758,-0.0036348264660542758,6,28c2715fbc9b16a75dc7e849a907a807c5097918ff49a92fd0b76583533998a8,87c0cf2e0f6e4cf5cf1ed4a0f6eb27af0115a73f61e811e17185afa0d20e738e
7d4b1fee8b0f3782,late,0,25b7b3a8b149795bc812f303178a81c2f1892e764d27cd5d4a54817a8bdbae5c,0.0249819575303252,0.04285714288451234,0.02856155518669841,-0.01787518535418714,-0.0035795976563732096,6,28c2715fbc9b16a75dc7e849a907a807c5097918ff49a92fd0b76583533998a8,87c0cf2e0f6e4cf5cf1ed4a0f6eb27af0115a73f61e811e17185afa0d20e738e
8997c4eba59e8594,mid,0,25b7b3a8b149795bc812f303178a81c2f1892e764d27cd5d4a54817a8bdbae5c,0.024991916306325457,0.042857142811527055,0.032119751527778004,-0.017865226505201597,-0.007127835221452546,6,28c2715fbc9b16a75dc7e849a907a807c5097918ff49a92fd0b76583533998a8,87c0cf2e0f6e4cf5cf1ed4a0f6eb27af0115a73f61e811e17185afa0d20e738e
bac2b3a89002d2a2,late,0,25b7b3a8b149795bc812f303178a81c2f1892e764d27cd5d4a54817a8bdbae5c,0.1035747519964141,0.1714285713190935,0.11789146276378751,-0.0678538193226794,-0.014316710767373411,24,28c2715fbc9b16a75dc7e849a907a807c5097918ff49a92fd0b76583533998a8,87c0cf2e0f6e4cf5cf1ed4a0f6eb27af0115a73f61e811e17185afa0d20e738e
44564f38d84c578b,late,0,25b7b3a8b149795bc812f303178a81c2f1892e764d27cd5d4a54817a8bdbae5c,0.05360421537398798,0.08571428561393095,0.05357379896413941,-0.032110070239942966,3.0416409848570136e-05,12,28c2715fbc9b16a75dc7e849a907a807c5097918ff49a92fd0b76583533998a8,87c0cf2e0f6e4cf5cf1ed4a0f6eb27af0115a73f61e811e17185afa0d20e738e
60ac7ed07a88c8b5,late,0,25b7b3a8b149795bc812f303178a81c2f1892e764d27cd5d4a54817a8bdbae5c,0.049973396767982445,0.08571428575533993,0.05000165564939459,-0.035740888987357486,-2.8258881412147885e-05,12,28c2715fbc9b16a75dc7e849a907a807c5097918ff49a92fd0b76583533998a8,87c0cf2e0f6e4cf5cf1ed4a0f6eb27af0115a73f61e811e17185afa0d20e738e
624b9c4f6e51f9fa,late,0,25b7b3a8b149795bc812f303178a81c2f1892e764d27cd5d4a54817a8bdbae5c,0.10003145262600666,0.17142857151980304,0.10706356343790015,-0.07139711889379638,-0.007032110811893491,24,28c2715fbc9b16a75dc7e849a907a807c5097918ff49a92fd0b76583533998a8,87c0cf2e0f6e4cf5cf1ed4a0f6eb27af0115a73f61e811e17185afa0d20e738e
3b961a569be80755,late,0,25b7b3a8b149795bc812f303178a81c2f1892e764d27cd5d4a54817a8bdbae5c,0.024992204002496368,0.04285714289819708,0.021426818221045536,-0.017864938895700712,0.003565385781450832,6,28c2715fbc9b16a75dc7e849a907a807c5097918ff49a92fd0b76583533998a8,87c0cf2e0f6e4cf5cf1ed4a0f6eb27af0115a73f61e811e17185afa0d20e738e
5fb8d2642e68cf72,late,0,25b7b3a8b149795bc812f303178a81c2f1892e764d27cd5d4a54817a8bdbae5c,0.10000104351235238,0.171428571346463,0.10359642809350747,-0.07142752783411062,-0.0035953845811550894,24,28c2715fbc9b16a75dc7e849a907a807c5097918ff49a92fd0b76583533998a8,87c0cf2e0f6e4cf5cf1ed4a0f6eb27af0115a73f61e811e17185afa0d20e738e
499e4e4687fe7f82,late,0,25b7b3a8b149795bc812f303178a81c2f1892e764d27cd5d4a54817a8bdbae5c,0.024984903271702743,0.04285714287538918,0.025016940236098826,-0.017872239603686436,-3.2036964396083e-05,6,28c2715fbc9b16a75dc7e849a907a807c5097918ff49a92fd0b76583533998a8,87c0cf2e0f6e4cf5cf1ed4a0f6eb27af0115a73f61e811e17185afa0d20e738e
18ee6c5df8159acb,late,0,25b7b3a8b149795bc812f303178a81c2f1892e764d27cd5d4a54817a8bdbae5c,0.05002402048293055,0.08571428575533993,0.0500193835608754,-0.03569026527240938,4.636922055149817e-06,12,28c2715fbc9b16a75dc7e849a907a807c5097918ff49a92fd0b76583533998a8,87c0cf2e0f6e4cf5cf1ed4a0f6eb27af0115a73f61e811e17185afa0d20e738e
6f26e2f61472d2ba,late,0,25b7b3a8b149795bc812f303178a81c2f1892e764d27cd5d4a54817a8bdbae5c,0.02499592125548479,0.042857142895916286,0.028594982543487354,-0.017861221640431496,-0.0035990612880025634,6,28c2715fbc9b16a75dc7e849a907a807c5097918ff49a92fd0b76583533998a8,87c0cf2e0f6e4cf5cf1ed4a0f6eb27af0115a73f61e811e17185afa0d20e738e
a1b85cd1b385605f,late,0,25b7b3a8b149795bc812f303178a81c2f1892e764d27cd5d4a54817a8bdbae5c,0.09999424502786237,0.17142857127347771,0.11786465107310569,-0.07143432624561534,-0.017870406045243314,24,28c2715fbc9b16a75dc7e849a907a807c5097918ff49a92fd0b76583533998a8,87c0cf2e0f6e4cf5cf1ed4a0f6eb27af0115a73f61e811e17185afa0d20e738e
c6d589ffd6239ce1,mid,0,25b7b3a8b149795bc812f303178a81c2f1892e764d27cd5d4a54817a8bdbae5c,0.024993390237375075,0.042857142891354706,0.0321750593229397,-0.01786375265397963,-0.0071816690855646265,6,28c2715fbc9b16a75dc7e849a907a807c5097918ff49a92fd0b76583533998a8,87c0cf2e0f6e4cf5cf1ed4a0f6eb27af0115a73f61e811e17185afa0d20e738e
adac1ce9ac05888c,late,0,25b7b3a8b149795bc812f303178a81c2f1892e764d27cd5d4a54817a8bdbae5c,0.05357208935144781,0.08571428574621677,0.06070499087151326,-0.03214219639476896,-0.007132901520065446,12,28c2715fbc9b16a75dc7e849a907a807c5097918ff49a92fd0b76583533998a8,87c0cf2e0f6e4cf5cf1ed4a0f6eb27af0115a73f61e811e17185afa0d20e738e
30a0e035ac98894a,late,0,25b7b3a8b149795bc812f303178a81c2f1892e764d27cd5d4a54817a8bdbae5c,0.053555887947030874,0.08571428581464047,0.053545541432180675,-0.032158397867609594,1.0346514850198552e-05,12,28c2715fbc9b16a75dc7e849a907a807c5097918ff49a92fd0b76583533998a8,87c0cf2e0f6e4cf5cf1ed4a0f6eb27af0115a73f61e811e17185afa0d20e738e
298e329d46985be6,late,0,25b7b3a8b149795bc812f303178a81c2f1892e764d27cd5d4a54817a8bdbae5c,0.05357208917468638,0.08571428571884729,0.05000076853004953,-0.03214219654416091,0.0035713206446368467,12,28c2715fbc9b16a75dc7e849a907a807c5097918ff49a92fd0b76583533998a8,87c0cf2e0f6e4cf5cf1ed4a0f6eb27af0115a73f61e811e17185afa0d20e738e
db46035c8bb13484,late,0,25b7b3a8b149795bc812f303178a81c2f1892e764d27cd5d4a54817a8bdbae5c,0.05355588799263344,0.08571428588762575,0.06071034559751159,-0.032158397894992315,-0.0071544576048781505,12,28c2715fbc9b16a75dc7e849a907a807c5097918ff49a92fd0b76583533998a8,87c0cf2e0f6e4cf5cf1ed4a0f6eb27af0115a73f61e811e17185afa0d20e738e
868e275bc02ed9aa,late,0,25b7b3a8b149795bc812f303178a81c2f1892e764d27cd5d4a54817a8bdbae5c,0.049955910449529864,0.08571428581464047,0.05357616220088279,-0.0357583753651106,-0.003620251751352929,12,28c2715fbc9b16a75dc7e849a907a807c5097918ff49a92fd0b76583533998a8,87c0cf2e0f6e4cf5cf1ed4a0f6eb27af0115a73f61e811e17185afa0d20e738e
33ddae0fd74c1095,late,0,25b7b3a8b149795bc812f303178a81c2f1892e764d27cd5d4a54817a8bdbae5c,0.05356481871377214,0.08571428576446309,0.05713552702902102,-0.03214946705069095,-0.0035707083152488814,12,28c2715fbc9b16a75dc7e849a907a807c5097918ff49a92fd0b76583533998a8,87c0cf2e0f6e4cf5cf1ed4a0f6eb27af0115a73f61e811e17185afa0d20e738e
461699d7bb412c04,late,0,25b7b3a8b149795bc812f303178a81c2f1892e764d27cd5d4a54817a8bdbae5c,0.05357208919654356,0.08571428566866991,0.0536118143618044,-0.03214219647212635,-3.9725165260837136e-05,12,28c2715fbc9b16a75dc7e849a907a807c5097918ff49a92fd0b76583533998a8,87c0cf2e0f6e4cf5cf1ed4a0f6eb27af0115a73f61e811e17185afa0d20e738e
071ab07e1e38a628,late,0,25b7b3a8b149795bc812f303178a81c2f1892e764d27cd5d4a54817a8bdbae5c,0.05355588795651597,0.08571428591499523,0.05713503379448937,-0.032158397958479266,-0.003579145837973405,12,28c2715fbc9b16a75dc7e849a907a807c5097918ff49a92fd0b76583533998a8,87c0cf2e0f6e4cf5cf1ed4a0f6eb27af0115a73f61e811e17185afa0d20e738e
42accf704c38cba0,late,0,25b7b3a8b149795bc812f303178a81c2f1892e764d27cd5d4a54817a8bdbae5c,0.053572089423672406,0.08571428569147782,0.057164170737467664,-0.032142196267805415,-0.0035920813137952576,12,28c2715fbc9b16a75dc7e849a907a807c5097918ff49a92fd0b76583533998a8,87c0cf2e0f6e4cf5cf1ed4a0f6eb27af0115a73f61e811e17185afa0d20e738e
c10ec77ff32ffa91,late,0,25b7b3a8b149795bc812f303178a81c2f1892e764d27cd5d4a54817a8bdbae5c,0.028571428544059092,0.042857142895916286,0.02496813181385708,-0.014285714351857194,0.0036032967302020123,6,28c2715fbc9b16a75dc7e849a907a807c5097918ff49a92fd0b76583533998a8,87c0cf2e0f6e4cf5cf1ed4a0f6eb27af0115a73f61e811e17185afa0d20e738e
54793d67d9944eb8,late,0,25b7b3a8b149795bc812f303178a81c2f1892e764d27cd5d4a54817a8bdbae5c,0.053572089452182635,0.08571428573709361,0.053554560843736616,-0.032142196284910975,1.7528608446018556e-05,12,28c2715fbc9b16a75dc7e849a907a807c5097918ff49a92fd0b76583533998a8,87c0cf2e0f6e4cf5cf1ed4a0f6eb27af0115a73f61e811e17185afa0d20e738e
8f08729d2995a817,late,0,25b7b3a8b149795bc812f303178a81c2f1892e764d27cd5d4a54817a8bdbae5c,0.02503239967724132,0.042857142816088635,0.02501813479564411,-0.017824743138847316,1.4264881597208373e-05,6,28c2715fbc9b16a75dc7e849a907a807c5097918ff49a92fd0b76583533998a8,87c0cf2e0f6e4cf5cf1ed4a0f6eb27af0115a73f61e811e17185afa0d20e738e
07e3a9d289c6178d,late,0,25b7b3a8b149795bc812f303178a81c2f1892e764d27cd5d4a54817a8bdbae5c,0.10003624210931847,0.17142857140120196,0.09999783511140552,-0.0713923292918835,3.8406997912951435e-05,24,28c2715fbc9b16a75dc7e849a907a807c5097918ff49a92fd0b76583533998a8,87c0cf2e0f6e4cf5cf1ed4a0f6eb27af0115a73f61e811e17185afa0d20e738e
7102b379fd198e9c,late,0,25b7b3a8b149795bc812f303178a81c2f1892e764d27cd5d4a54817a8bdbae5c,0.07502309320758167,0.12857142843458116,0.07493638063654688,-0.05354833522699949,8.671257103479157e-05,18,28c2715fbc9b16a75dc7e849a907a807c5097918ff49a92fd0b76583533998a8,87c0cf2e0f6e4cf5cf1ed4a0f6eb27af0115a73f61e811e17185afa0d20e738e
d722ebf1d24090c6,late,0,25b7b3a8b149795bc812f303178a81c2f1892e764d27cd5d4a54817a8bdbae5c,0.049985256969391066,0.08571428574621677,0.053557770346685414,-0.035729028776825704,-0.003572513377294348,12,28c2715fbc9b16a75dc7e849a907a807c5097918ff49a92fd0b76583533998a8,87c0cf2e0f6e4cf5cf1ed4a0f6eb27af0115a73f61e811e17185afa0d20e738e
8ce9f2f52718d991,late,0,25b7b3a8b149795bc812f303178a81c2f1892e764d27cd5d4a54817a8bdbae5c,0.05000568837992025,0.08571428575077836,0.05001014989402045,-0.03570859737085811,-4.4615141002041225e-06,12,28c2715fbc9b16a75dc7e849a907a807c5097918ff49a92fd0b76583533998a8,87c0cf2e0f6e4cf5cf1ed4a0f6eb27af0115a73f61e811e17185afa0d20e738e
bf37710c7cf719ac,late,0,25b7b3a8b149795bc812f303178a81c2f1892e764d27cd5d4a54817a8bdbae5c,0.02499645945349654,0.042857142895916286,0.02141692555185342,-0.017860683442419745,0.0035795339016431206,6,28c2715fbc9b16a75dc7e849a907a807c5097918ff49a92fd0b76583533998a8,87c0cf2e0f6e4cf5cf1ed4a0f6eb27af0115a73f61e811e17185afa0d20e738e
2180a713bbe5e4f3,late,0,25b7b3a8b149795bc812f303178a81c2f1892e764d27cd5d4a54817a8bdbae5c,0.04998583796035795,0.08571428566410834,0.05359973739355818,-0.03572844770375039,-0.0036138994332002294,12,28c2715fbc9b16a75dc7e849a907a807c5097918ff49a92fd0b76583533998a8,87c0cf2e0f6e4cf5cf1ed4a0f6eb27af0115a73f61e811e17185afa0d20e738e
e935be4a08f19bb3,late,0,25b7b3a8b149795bc812f303178a81c2f1892e764d27cd5d4a54817a8bdbae5c,0.0821463752421975,0.1285714283866846,0.08213125679016411,-0.04642505314448708,1.511845203339135e-05,18,28c2715fbc9b16a75dc7e849a907a807c5097918ff49a92fd0b76583533998a8,87c0cf2e0f6e4cf5cf1ed4a0f6eb27af0115a73f61e811e17185afa0d20e738e
e70a019fe84490e1,late,0,25b7b3a8b149795bc812f303178a81c2f1892e764d27cd5d4a54817a8bdbae5c,0.028571428797987044,0.042857142877669965,0.024980817640723255,-0.014285714079682921,0.0035906111572637893,6,28c2715fbc9b16a75dc7e849a907a807c5097918ff49a92fd0b76583533998a8,87c0cf2e0f6e4cf5cf1ed4a0f6eb27af0115a73f61e811e17185afa0d20e738e
9e3b391509c72b22,mid,0,25b7b3a8b149795bc812f303178a81c2f1892e764d27cd5d4a54817a8bdbae5c,0.024993047091585136,0.042857142811527055,0.0285693701052566,-0.01786409571994192,-0.0035763230136714626,6,28c2715fbc9b16a75dc7e849a907a807c5097918ff49a92fd0b76583533998a8,87c0cf2e0f6e4cf5cf1ed4a0f6eb27af0115a73f61e811e17185afa0d20e738e
85bae8f3c9ae0365,mid,0,25b7b3a8b149795bc812f303178a81c2f1892e764d27cd5d4a54817a8bdbae5c,0.02499339024269551,0.04285714290047787,0.03568588195517828,-0.017863752657782356,-0.010692491712482769,6,28c2715fbc9b16a75dc7e849a907a807c5097918ff49a92fd0b76583533998a8,87c0cf2e0f6e4cf5cf1ed4a0f6eb27af0115a73f61e811e17185afa0d20e738e
c3f583a297ecfc3c,mid,0,25b7b3a8b149795bc812f303178a81c2f1892e764d27cd5d4a54817a8bdbae5c,0.024978855318777717,0.04285714287995076,0.03574068973944692,-0.01787828756117304,-0.010761834420669202,6,28c2715fbc9b16a75dc7e849a907a807c5097918ff49a92fd0b76583533998a8,87c0cf2e0f6e4cf5cf1ed4a0f6eb27af0115a73f61e811e17185afa0d20e738e
0a43f69ab365b4d3,mid,0,25b7b3a8b149795bc812f303178a81c2f1892e764d27cd5d4a54817a8bdbae5c,0.024993047027711175,0.04285714288451234,0.0357116545113357,-0.017864095856801165,-0.010718607483624524,6,28c2715fbc9b16a75dc7e849a907a807c5097918ff49a92fd0b76583533998a8,87c0cf2e0f6e4cf5cf1ed4a0f6eb27af0115a73f61e811e17185afa0d20e738e
acf4b5c3199cdd7c,mid,0,25b7b3a8b149795bc812f303178a81c2f1892e764d27cd5d4a54817a8bdbae5c,0.05356481886772616,0.08571428575533993,0.04997046783831153,-0.03214946688761377,0.003594351029414633,12,28c2715fbc9b16a75dc7e849a907a807c5097918ff49a92fd0b76583533998a8,87c0cf2e0f6e4cf5cf1ed4a0f6eb27af0115a73f61e811e17185afa0d20e738e
ffb26c129585a7ef,mid,0,25b7b3a8b149795bc812f303178a81c2f1892e764d27cd5d4a54817a8bdbae5c,0.024980513755495076,0.042857142863985224,0.021456533673851065,-0.01787662910849015,0.0035239800816440105,6,28c2715fbc9b16a75dc7e849a907a807c5097918ff49a92fd0b76583533998a8,87c0cf2e0f6e4cf5cf1ed4a0f6eb27af0115a73f61e811e17185afa0d20e738e
7ffa0a410b2e3d2a,mid,0,25b7b3a8b149795bc812f303178a81c2f1892e764d27cd5d4a54817a8bdbae5c,0.050008655190469674,0.08571428573253204,0.06070763624368132,-0.03570563054206236,-0.010698981053211647,12,28c2715fbc9b16a75dc7e849a907a807c5097918ff49a92fd0b76583533998a8,87c0cf2e0f6e4cf5cf1ed4a0f6eb27af0115a73f61e811e17185afa0d20e738e
afa1bb89512b7e7a,mid,0,25b7b3a8b149795bc812f303178a81c2f1892e764d27cd5d4a54817a8bdbae5c,0.024993390224073986,0.042857142868546805,0.03569242231433211,-0.01786375264447282,-0.010699032090258125,6,28c2715fbc9b16a75dc7e849a907a807c5097918ff49a92fd0b76583533998a8,87c0cf2e0f6e4cf5cf1ed4a0f6eb27af0115a73f61e811e17185afa0d20e738e
bb9c5a54bd21082d,mid,0,25b7b3a8b149795bc812f303178a81c2f1892e764d27cd5d4a54817a8bdbae5c,0.024984459350161598,0.042857142829773376,0.02497959460000081,-0.017872683479611778,4.864750160787912e-06,6,28c2715fbc9b16a75dc7e849a907a807c5097918ff49a92fd0b76583533998a8,87c0cf2e0f6e4cf5cf1ed4a0f6eb27af0115a73f61e811e17185afa0d20e738e
057097684e7e5a87,mid,0,25b7b3a8b149795bc812f303178a81c2f1892e764d27cd5d4a54817a8bdbae5c,0.02138750966186102,0.042857142816088635,0.025002511726423822,-0.021469633154227615,-0.003615002064562802,6,28c2715fbc9b16a75dc7e849a907a807c5097918ff49a92fd0b76583533998a8,87c0cf2e0f6e4cf5cf1ed4a0f6eb27af0115a73f61e811e17185afa0d20e738e
72331df48a7d2dac,mid,0,25b7b3a8b149795bc812f303178a81c2f1892e764d27cd5d4a54817a8bdbae5c,0.024996114450376715,0.042857142825211796,0.02505129323736269,-0.01786102837483508,-5.5178786985975864e-05,6,28c2715fbc9b16a75dc7e849a907a807c5097918ff49a92fd0b76583533998a8,87c0cf2e0f6e4cf5cf1ed4a0f6eb27af0115a73f61e811e17185afa0d20e738e
61874ccf7e96711e,mid,0,25b7b3a8b149795bc812f303178a81c2f1892e764d27cd5d4a54817a8bdbae5c,0.021388723387619407,0.042857142868546805,0.03213784780676286,-0.021468419480927398,-0.010749124419143455,6,28c2715fbc9b16a75dc7e849a907a807c5097918ff49a92fd0b76583533998a8,87c0cf2e0f6e4cf5cf1ed4a0f6eb27af0115a73f61e811e17185afa0d20e738e
4b8d3d7dd8c4e0ae,mid,0,25b7b3a8b149795bc812f303178a81c2f1892e764d27cd5d4a54817a8bdbae5c,0.04998109637094999,0.08571428568691623,0.05712800646771448,-0.035733189315966245,-0.007146910096764492,12,28c2715fbc9b16a75dc7e849a907a807c5097918ff49a92fd0b76583533998a8,87c0cf2e0f6e4cf5cf1ed4a0f6eb27af0115a73f61e811e17185afa0d20e738e
d5f8df6e4fc6622d,mid,0,25b7b3a8b149795bc812f303178a81c2f1892e764d27cd5d4a54817a8bdbae5c,0.0249773500048313,0.04285714282749259,0.02857330934429525,-0.01787979282266129,-0.0035959593394639493,6,28c2715fbc9b16a75dc7e849a907a807c5097918ff49a92fd0b76583533998a8,87c0cf2e0f6e4cf5cf1ed4a0f6eb27af0115a73f61e811e17185afa0d20e738e
e0cdbab80d258594,mid,0,25b7b3a8b149795bc812f303178a81c2f1892e764d27cd5d4a54817a8bdbae5c,0.024987479361833865,0.042857142873108385,0.02857822867376717,-0.01786966351127452,-0.0035907493119333063,6,28c2715fbc9b16a75dc7e849a907a807c5097918ff49a92fd0b76583533998a8,87c0cf2e0f6e4cf5cf1ed4a0f6eb27af0115a73f61e811e17185afa0d20e738e
4456aeaef4126487,mid,0,25b7b3a8b149795bc812f303178a81c2f1892e764d27cd5d4a54817a8bdbae5c,0.02498445939270988,0.04285714290275865,0.0250164990712665,-0.017872683510048774,-3.203967855662168e-05,6,28c2715fbc9b16a75dc7e849a907a807c5097918ff49a92fd0b76583533998a8,87c0cf2e0f6e4cf5cf1ed4a0f6eb27af0115a73f61e811e17185afa0d20e738e
4dca2566ec2be9b6,late,5,a2b5a2c7fe816d018221eb1090aabedfe898e7f050cc89a6e62ea8c3b3f76494,0.05356844869746469,0.08571428569147782,0.053571348729524404,-0.03214583699401313,-2.9000320597161178e-06,12,28c2715fbc9b16a75dc7e849a907a807c5097918ff49a92fd0b76583533998a8,87c0cf2e0f6e4cf5cf1ed4a0f6eb27af0115a73f61e811e17185afa0d20e738e
42be4c9c478fcf87,mid,5,a2b5a2c7fe816d018221eb1090aabedfe898e7f050cc89a6e62ea8c3b3f76494,0.024999318529985,0.04285714284345812,0.03569895661227438,-0.017857824313473117,-0.010699638082289381,6,28c2715fbc9b16a75dc7e849a907a807c5097918ff49a92fd0b76583533998a8,87c0cf2e0f6e4cf5cf1ed4a0f6eb27af0115a73f61e811e17185afa0d20e738e
e9cae6ed68f487bd,late,5,a2b5a2c7fe816d018221eb1090aabedfe898e7f050cc89a6e62ea8c3b3f76494,0.02499944319948619,0.042857142806965474,0.024988233375243783,-0.017857699607479283,1.1209824242408573e-05,6,28c2715fbc9b16a75dc7e849a907a807c5097918ff49a92fd0b76583533998a8,87c0cf2e0f6e4cf5cf1ed4a0f6eb27af0115a73f61e811e17185afa0d20e738e
8aad5b2f419c6072,late,5,a2b5a2c7fe816d018221eb1090aabedfe898e7f050cc89a6e62ea8c3b3f76494,0.07856631977598268,0.12857142842089644,0.08929396596527167,-0.05000510864491377,-0.010727646189288995,18,28c2715fbc9b16a75dc7e849a907a807c5097918ff49a92fd0b76583533998a8,87c0cf2e0f6e4cf5cf1ed4a0f6eb27af0115a73f61e811e17185afa0d20e738e
5fbcbd0c5df88ebb,late,5,a2b5a2c7fe816d018221eb1090aabedfe898e7f050cc89a6e62ea8c3b3f76494,0.05357307386584396,0.08571428561849254,0.053555979785925814,-0.03214121175264858,1.7094079918143767e-05,12,28c2715fbc9b16a75dc7e849a907a807c5097918ff49a92fd0b76583533998a8,87c0cf2e0f6e4cf5cf1ed4a0f6eb27af0115a73f61e811e17185afa0d20e738e
114b4dce6f7bfe50,late,5,a2b5a2c7fe816d018221eb1090aabedfe898e7f050cc89a6e62ea8c3b3f76494,0.07858364518314533,0.12857142866037938,0.09999545590685632,-0.04998778347723405,-0.021411810723710997,18,28c2715fbc9b16a75dc7e849a907a807c5097918ff49a92fd0b76583533998a8,87c0cf2e0f6e4cf5cf1ed4a0f6eb27af0115a73f61e811e17185afa0d20e738e
916e555f6c4000ff,late,5,a2b5a2c7fe816d018221eb1090aabedfe898e7f050cc89a6e62ea8c3b3f76494,0.024998634430978106,0.04285714288451234,0.035716298032477264,-0.017858508453534233,-0.010717663601499158,6,28c2715fbc9b16a75dc7e849a907a807c5097918ff49a92fd0b76583533998a8,87c0cf2e0f6e4cf5cf1ed4a0f6eb27af0115a73f61e811e17185afa0d20e738e
6264497eaa048e7d,late,5,a2b5a2c7fe816d018221eb1090aabedfe898e7f050cc89a6e62ea8c3b3f76494,0.0500003462816987,0.0857142856960394,0.05710297225690251,-0.035713939414340694,-0.007102625975203808,12,28c2715fbc9b16a75dc7e849a907a807c5097918ff49a92fd0b76583533998a8,87c0cf2e0f6e4cf5cf1ed4a0f6eb27af0115a73f61e811e17185afa0d20e738e
cd631ab31fac34e8,late,5,a2b5a2c7fe816d018221eb1090aabedfe898e7f050cc89a6e62ea8c3b3f76494,0.02857142874933019,0.04285714280468469,0.02857420919956869,-0.014285714055354497,-2.7804502385000984e-06,6,28c2715fbc9b16a75dc7e849a907a807c5097918ff49a92fd0b76583533998a8,87c0cf2e0f6e4cf5cf1ed4a0f6eb27af0115a73f61e811e17185afa0d20e738e
2fa902a4bde72d4f,late,5,a2b5a2c7fe816d018221eb1090aabedfe898e7f050cc89a6e62ea8c3b3f76494,0.07857064237856186,0.12857142848932013,0.08214094096072597,-0.05000078611075827,-0.003570298582164108,18,28c2715fbc9b16a75dc7e849a907a807c5097918ff49a92fd0b76583533998a8,87c0cf2e0f6e4cf5cf1ed4a0f6eb27af0115a73f61e811e17185afa0d20e738e
58de86eedc55d29f,late,5,a2b5a2c7fe816d018221eb1090aabedfe898e7f050cc89a6e62ea8c3b3f76494,0.07857094082145027,0.12857142865353702,0.08213139495602552,-0.05000048783208674,-0.0035604541345752444,18,28c2715fbc9b16a75dc7e849a907a807c5097918ff49a92fd0b76583533998a8,87c0cf2e0f6e4cf5cf1ed4a0f6eb27af0115a73f61e811e17185afa0d20e738e
55c6be1343917df6,late,5,a2b5a2c7fe816d018221eb1090aabedfe898e7f050cc89a6e62ea8c3b3f76494,0.07857034251132068,0.12857142834563037,0.0785453410770214,-0.05000108583430969,2.5001434299287695e-05,18,28c2715fbc9b16a75dc7e849a907a807c5097918ff49a92fd0b76583533998a8,87c0cf2e0f6e4cf5cf1ed4a0f6eb27af0115a73f61e811e17185afa0d20e738e
5c46d4cab0649bd7,late,5,a2b5a2c7fe816d018221eb1090aabedfe898e7f050cc89a6e62ea8c3b3f76494,0.0785709409214256,0.12857142846879302,0.08572055259528925,-0.050000487547367425,-0.0071496116738636595,18,28c2715fbc9b16a75dc7e849a907a807c5097918ff49a92fd0b76583533998a8,87c0cf2e0f6e4cf5cf1ed4a0f6eb27af0115a73f61e811e17185afa0d20e738e
30fc470f7401da0c,late,5,a2b5a2c7fe816d018221eb1090aabedfe898e7f050cc89a6e62ea8c3b3f76494,0.028571428542538566,0.0428571428936355,0.03214223536605685,-0.014285714351096934,-0.003570806823518284,6,28c2715fbc9b16a75dc7e849a907a807c5097918ff49a92fd0b76583533998a8,87c0cf2e0f6e4cf5cf1ed4a0f6eb27af0115a73f61e811e17185afa0d20e738e
36b2c85b266010b4,late,5,a2b5a2c7fe816d018221eb1090aabedfe898e7f050cc89a6e62ea8c3b3f76494,0.07855986356203906,0.12857142847563538,0.0928602032735921,-0.05001156491359632,-0.014300339711553034,18,28c2715fbc9b16a75dc7e849a907a807c5097918ff49a92fd0b76583533998a8,87c0cf2e0f6e4cf5cf1ed4a0f6eb27af0115a73f61e811e17185afa0d20e738e
149aab874634a179,late,5,a2b5a2c7fe816d018221eb1090aabedfe898e7f050cc89a6e62ea8c3b3f76494,0.02857142857599015,0.042857142863985224,0.021432063944866412,-0.014285714287995074,0.007139364631123739,6,28c2715fbc9b16a75dc7e849a907a807c5097918ff49a92fd0b76583533998a8,87c0cf2e0f6e4cf5cf1ed4a0f6eb27af0115a73f61e811e17185afa0d20e738e
b3a6c7628630359d,late,5,a2b5a2c7fe816d018221eb1090aabedfe898e7f050cc89a6e62ea8c3b3f76494,0.032142676759739156,0.057142857191514,0.03215130974748417,-0.025000180431774842,-8.632987745012255e-06,8,28c2715fbc9b16a75dc7e849a907a807c5097918ff49a92fd0b76583533998a8,87c0cf2e0f6e4cf5cf1ed4a0f6eb27af0115a73f61e811e17185afa0d20e738e
6fefd9d7d54089c4,late,5,a2b5a2c7fe816d018221eb1090aabedfe898e7f050cc89a6e62ea8c3b3f76494,0.024997348217295174,0.04285714283205417,0.025001197666195185,-0.017859794614758995,-3.8494489000111265e-06,6,28c2715fbc9b16a75dc7e849a907a807c5097918ff49a92fd0b76583533998a8,87c0cf2e0f6e4cf5cf1ed4a0f6eb27af0115a73f61e811e17185afa0d20e738e
df88e8a71a960d88,late,5,a2b5a2c7fe816d018221eb1090aabedfe898e7f050cc89a6e62ea8c3b3f76494,0.07499854485105083,0.12857142866722174,0.07858002212963575,-0.05357288381617091,-0.0035814772785849186,18,28c2715fbc9b16a75dc7e849a907a807c5097918ff49a92fd0b76583533998a8,87c0cf2e0f6e4cf5cf1ed4a0f6eb27af0115a73f61e811e17185afa0d20e738e
7c1c7ae6205df8bc,late,5,a2b5a2c7fe816d018221eb1090aabedfe898e7f050cc89a6e62ea8c3b3f76494,0.10000141964959088,0.17142857123698507,0.10715304877873967,-0.0714271515873942,-0.0071516291291487954,24,28c2715fbc9b16a75dc7e849a907a807c5097918ff49a92fd0b76583533998a8,87c0cf2e0f6e4cf5cf1ed4a0f6eb27af0115a73f61e811e17185afa0d20e738e
0e6caa2b89c5671e,late,5,a2b5a2c7fe816d018221eb1090aabedfe898e7f050cc89a6e62ea8c3b3f76494,0.14642243428784074,0.25714285669126075,0.16069271946044586,-0.11072042240342,-0.014270285172605118,36,28c2715fbc9b16a75dc7e849a907a807c5097918ff49a92fd0b76583533998a8,87c0cf2e0f6e4cf5cf1ed4a0f6eb27af0115a73f61e811e17185afa0d20e738e
d3e8b63f8afb91f4,late,5,a2b5a2c7fe816d018221eb1090aabedfe898e7f050cc89a6e62ea8c3b3f76494,0.07500285579955973,0.12857142855774384,0.10000156700611097,-0.05356857275818411,-0.02499871120655124,18,28c2715fbc9b16a75dc7e849a907a807c5097918ff49a92fd0b76583533998a8,87c0cf2e0f6e4cf5cf1ed4a0f6eb27af0115a73f61e811e17185afa0d20e738e
9af16211b24685c6,late,5,a2b5a2c7fe816d018221eb1090aabedfe898e7f050cc89a6e62ea8c3b3f76494,0.049989247048020755,0.08571428560936938,0.0535714438327645,-0.03572503856134862,-0.003582196784743745,12,28c2715fbc9b16a75dc7e849a907a807c5097918ff49a92fd0b76583533998a8,87c0cf2e0f6e4cf5cf1ed4a0f6eb27af0115a73f61e811e17185afa0d20e738e
db1e347046310118,late,5,a2b5a2c7fe816d018221eb1090aabedfe898e7f050cc89a6e62ea8c3b3f76494,0.025001553132062728,0.04285714277503442,0.03213686851747721,-0.01785558964297169,-0.007135315385414485,6,28c2715fbc9b16a75dc7e849a907a807c5097918ff49a92fd0b76583533998a8,87c0cf2e0f6e4cf5cf1ed4a0f6eb27af0115a73f61e811e17185afa0d20e738e
56a7dde81d335df3,late,5,a2b5a2c7fe816d018221eb1090aabedfe898e7f050cc89a6e62ea8c3b3f76494,0.07857162073900809,0.1285714285645862,0.08568930503057107,-0.04999980782557811,-0.007117684291562981,18,28c2715fbc9b16a75dc7e849a907a807c5097918ff49a92fd0b76583533998a8,87c0cf2e0f6e4cf5cf1ed4a0f6eb27af0115a73f61e811e17185afa0d20e738e
48c43bbbdab973de,late,5,a2b5a2c7fe816d018221eb1090aabedfe898e7f050cc89a6e62ea8c3b3f76494,0.050012107321199394,0.08571428575077836,0.05712060627431555,-0.035702178429578964,-0.007108498953116153,12,28c2715fbc9b16a75dc7e849a907a807c5097918ff49a92fd0b76583533998a8,87c0cf2e0f6e4cf5cf1ed4a0f6eb27af0115a73f61e811e17185afa0d20e738e
23cf443537af1aae,late,5,a2b5a2c7fe816d018221eb1090aabedfe898e7f050cc89a6e62ea8c3b3f76494,0.024998929261098483,0.04285714279328074,0.028565429374584554,-0.017858213532182258,-0.0035665001134860715,6,28c2715fbc9b16a75dc7e849a907a807c5097918ff49a92fd0b76583533998a8,87c0cf2e0f6e4cf5cf1ed4a0f6eb27af0115a73f61e811e17185afa0d20e738e
0aaa7c8b0c525308,late,5,a2b5a2c7fe816d018221eb1090aabedfe898e7f050cc89a6e62ea8c3b3f76494,0.06428882188676958,0.11428571431612482,0.07144974354959219,-0.04999689242935523,-0.007160921662822603,16,28c2715fbc9b16a75dc7e849a907a807c5097918ff49a92fd0b76583533998a8,87c0cf2e0f6e4cf5cf1ed4a0f6eb27af0115a73f61e811e17185afa0d20e738e
d83a5c8ba6bc761e,late,5,a2b5a2c7fe816d018221eb1090aabedfe898e7f050cc89a6e62ea8c3b3f76494,0.06428896183908583,0.1142857143891101,0.06428344340690643,-0.04999675255002427,5.518432179399402e-06,16,28c2715fbc9b16a75dc7e849a907a807c5097918ff49a92fd0b76583533998a8,87c0cf2e0f6e4cf5cf1ed4a0f6eb27af0115a73f61e811e17185afa0d20e738e
f1046a806aadfbe0,late,5,a2b5a2c7fe816d018221eb1090aabedfe898e7f050cc89a6e62ea8c3b3f76494,0.06428896177065868,0.11428571426746796,0.0785798275983898,-0.04999675249680928,-0.01429086582773112,16,28c2715fbc9b16a75dc7e849a907a807c5097918ff49a92fd0b76583533998a8,87c0cf2e0f6e4cf5cf1ed4a0f6eb27af0115a73f61e811e17185afa0d20e738e
6fc2092861b32642,late,5,a2b5a2c7fe816d018221eb1090aabedfe898e7f050cc89a6e62ea8c3b3f76494,0.0642887689412716,0.11428571432828903,0.08215851776169399,-0.04999694538701743,-0.017869748820422388,16,28c2715fbc9b16a75dc7e849a907a807c5097918ff49a92fd0b76583533998a8,87c0cf2e0f6e4cf5cf1ed4a0f6eb27af0115a73f61e811e17185afa0d20e738e
776d096fbd7a62b8,late,5,a2b5a2c7fe816d018221eb1090aabedfe898e7f050cc89a6e62ea8c3b3f76494,0.02141395082697817,0.04285714284117733,0.028559255748991732,-0.02144319201419916,-0.007145304922013561,6,28c2715fbc9b16a75dc7e849a907a807c5097918ff49a92fd0b76583533998a8,87c0cf2e0f6e4cf5cf1ed4a0f6eb27af0115a73f61e811e17185afa0d20e738e
460752ddf653e004,late,5,a2b5a2c7fe816d018221eb1090aabedfe898e7f050cc89a6e62ea8c3b3f76494,0.0750046991570135,0.1285714284277388,0.08572556473313502,-0.05356672927072531,-0.010720865576121522,18,28c2715fbc9b16a75dc7e849a907a807c5097918ff49a92fd0b76583533998a8,87c0cf2e0f6e4cf5cf1ed4a0f6eb27af0115a73f61e811e17185afa0d20e738e
30bcc4667ee54d7c,mid,5,a2b5a2c7fe816d018221eb1090aabedfe898e7f050cc89a6e62ea8c3b3f76494,0.02141605040970743,0.042857142859423644,0.03212645841667303,-0.021441092449716214,-0.010710408006965603,6,28c2715fbc9b16a75dc7e849a907a807c5097918ff49a92fd0b76583533998a8,87c0cf2e0f6e4cf5cf1ed4a0f6eb27af0115a73f61e811e17185afa0d20e738e
7d4b1fee8b0f3782,late,5,a2b5a2c7fe816d018221eb1090aabedfe898e7f050cc89a6e62ea8c3b3f76494,0.024998216627695677,0.04285714290960103,0.028574125397269477,-0.01785892628190535,-0.0035759087695737997,6,28c2715fbc9b16a75dc7e849a907a807c5097918ff49a92fd0b76583533998a8,87c0cf2e0f6e4cf5cf1ed4a0f6eb27af0115a73f61e811e17185afa0d20e738e
8997c4eba59e8594,mid,5,a2b5a2c7fe816d018221eb1090aabedfe898e7f050cc89a6e62ea8c3b3f76494,0.02499839129325663,0.04285714282293101,0.028572145294473522,-0.01785875152967438,-0.003573754001216893,6,28c2715fbc9b16a75dc7e849a907a807c5097918ff49a92fd0b76583533998a8,87c0cf2e0f6e4cf5cf1ed4a0f6eb27af0115a73f61e811e17185afa0d20e738e
bac2b3a89002d2a2,late,5,a2b5a2c7fe816d018221eb1090aabedfe898e7f050cc89a6e62ea8c3b3f76494,0.10357692030979997,0.17142857120049243,0.10714366953933921,-0.06785165089069246,-0.0035667492295392428,24,28c2715fbc9b16a75dc7e849a907a807c5097918ff49a92fd0b76583533998a8,87c0cf2e0f6e4cf5cf1ed4a0f6eb27af0115a73f61e811e17185afa0d20e738e
44564f38d84c578b,late,5,a2b5a2c7fe816d018221eb1090aabedfe898e7f050cc89a6e62ea8c3b3f76494,0.05358341695284023,0.08571428566866991,0.0678484689615409,-0.03213086871582968,-0.014265052008700665,12,28c2715fbc9b16a75dc7e849a907a807c5097918ff49a92fd0b76583533998a8,87c0cf2e0f6e4cf5cf1ed4a0f6eb27af0115a73f61e811e17185afa0d20e738e
60ac7ed07a88c8b5,late,5,a2b5a2c7fe816d018221eb1090aabedfe898e7f050cc89a6e62ea8c3b3f76494,0.049988875306614694,0.08571428568235466,0.04997348155561226,-0.035725410375739966,1.5393751002436284e-05,12,28c2715fbc9b16a75dc7e849a907a807c5097918ff49a92fd0b76583533998a8,87c0cf2e0f6e4cf5cf1ed4a0f6eb27af0115a73f61e811e17185afa0d20e738e
624b9c4f6e51f9fa,late,5,a2b5a2c7fe816d018221eb1090aabedfe898e7f050cc89a6e62ea8c3b3f76494,0.10001773569734132,0.1714285715471725,0.10001208251609106,-0.07141083584983118,5.653181250259154e-06,24,28c2715fbc9b16a75dc7e849a907a807c5097918ff49a92fd0b76583533998a8,87c0cf2e0f6e4cf5cf1ed4a0f6eb27af0115a73f61e811e17185afa0d20e738e
3b961a569be80755,late,5,a2b5a2c7fe816d018221eb1090aabedfe898e7f050cc89a6e62ea8c3b3f76494,0.02499845474825382,0.042857142854862064,0.02500050583987361,-0.017858688106608244,-2.0510916197910567e-06,6,28c2715fbc9b16a75dc7e849a907a807c5097918ff49a92fd0b76583533998a8,87c0cf2e0f6e4cf5cf1ed4a0f6eb27af0115a73f61e811e17185afa0d20e738e
5fb8d2642e68cf72,late,5,a2b5a2c7fe816d018221eb1090aabedfe898e7f050cc89a6e62ea8c3b3f76494,0.10000485987003438,0.1714285714559409,0.10713624780313291,-0.07142371158590652,-0.007131387933098532,24,28c2715fbc9b16a75dc7e849a907a807c5097918ff49a92fd0b76583533998a8,87c0cf2e0f6e4cf5cf1ed4a0f6eb27af0115a73f61e811e17185afa0d20e738e
499e4e4687fe7f82,late,5,a2b5a2c7fe816d018221eb1090aabedfe898e7f050cc89a6e62ea8c3b3f76494,0.024999442890819044,0.042857142825211796,0.03212841917096516,-0.017857699934392752,-0.007128976280146113,6,28c2715fbc9b16a75dc7e849a907a807c5097918ff49a92fd0b76583533998a8,87c0cf2e0f6e4cf5cf1ed4a0f6eb27af0115a73f61e811e17185afa0d20e738e
18ee6c5df8159acb,late,5,a2b5a2c7fe816d018221eb1090aabedfe898e7f050cc89a6e62ea8c3b3f76494,0.050011230661939486,0.08571428576446309,0.050016322335503974,-0.035703055102523605,-5.091673564487642e-06,12,28c2715fbc9b16a75dc7e849a907a807c5097918ff49a92fd0b76583533998a8,87c0cf2e0f6e4cf5cf1ed4a0f6eb27af0115a73f61e811e17185afa0d20e738e
6f26e2f61472d2ba,late,5,a2b5a2c7fe816d018221eb1090aabedfe898e7f050cc89a6e62ea8c3b3f76494,0.024998929660235588,0.042857142838896536,0.021426827611060302,-0.01785821317866095,0.003572102049175286,6,28c2715fbc9b16a75dc7e849a907a807c5097918ff49a92fd0b76583533998a8,87c0cf2e0f6e4cf5cf1ed4a0f6eb27af0115a73f61e811e17185afa0d20e738e
a1b85cd1b385605f,late,5,a2b5a2c7fe816d018221eb1090aabedfe898e7f050cc89a6e62ea8c3b3f76494,0.09999329440827988,0.17142857140120196,0.11073017868973366,-0.07143527699292208,-0.010736884281453779,24,28c2715fbc9b16a75dc7e849a907a807c5097918ff49a92fd0b76583533998a8,87c0cf2e0f6e4cf5cf1ed4a0f6eb27af0115a73f61e811e17185afa0d20e738e
c6d589ffd6239ce1,mid,5,a2b5a2c7fe816d018221eb1090aabedfe898e7f050cc89a6e62ea8c3b3f76494,0.02499821323901453,0.0428571428480197,0.028560483928544076,-0.01785892960900517,-0.0035622706895295474,6,28c2715fbc9b16a75dc7e849a907a807c5097918ff49a92fd0b76583533998a8,87c0cf2e0f6e4cf5cf1ed4a0f6eb27af0115a73f61e811e17185afa0d20e738e
adac1ce9ac05888c,late,5,a2b5a2c7fe816d018221eb1090aabedfe898e7f050cc89a6e62ea8c3b3f76494,0.053570882691907455,0.08571428560024622,0.060694711308534245,-0.03214340290833876,-0.00712382861662679,12,28c2715fbc9b16a75dc7e849a907a807c5097918ff49a92fd0b76583533998a8,87c0cf2e0f6e4cf5cf1ed4a0f6eb27af0115a73f61e811e17185afa0d20e738e
30a0e035ac98894a,late,5,a2b5a2c7fe816d018221eb1090aabedfe898e7f050cc89a6e62ea8c3b3f76494,0.053571019369196574,0.08571428570516255,0.06068379878351903,-0.03214326633596598,-0.007112779414322458,12,28c2715fbc9b16a75dc7e849a907a807c5097918ff49a92fd0b76583533998a8,87c0cf2e0f6e4cf5cf1ed4a0f6eb27af0115a73f61e811e17185afa0d20e738e
298e329d46985be6,late,5,a2b5a2c7fe816d018221eb1090aabedfe898e7f050cc89a6e62ea8c3b3f76494,0.053570882586420364,0.08571428568691623,0.05712541637980765,-0.03214340310049587,-0.003554533793387285,12,28c2715fbc9b16a75dc7e849a907a807c5097918ff49a92fd0b76583533998a8,87c0cf2e0f6e4cf5cf1ed4a0f6eb27af0115a73f61e811e17185afa0d20e738e
db46035c8bb13484,late,5,a2b5a2c7fe816d018221eb1090aabedfe898e7f050cc89a6e62ea8c3b3f76494,0.05357101949749125,0.08571428565498518,0.04999850378238833,-0.03214326615749393,0.0035725157151029197,12,28c2715fbc9b16a75dc7e849a907a807c5097918ff49a92fd0b76583533998a8,87c0cf2e0f6e4cf5cf1ed4a0f6eb27af0115a73f61e811e17185afa0d20e738e
868e275bc02ed9aa,late,5,a2b5a2c7fe816d018221eb1090aabedfe898e7f050cc89a6e62ea8c3b3f76494,0.04998345584474952,0.08571428574621677,0.05714160631809869,-0.03573082990146725,-0.007158150473349167,12,28c2715fbc9b16a75dc7e849a907a807c5097918ff49a92fd0b76583533998a8,87c0cf2e0f6e4cf5cf1ed4a0f6eb27af0115a73f61e811e17185afa0d20e738e
33ddae0fd74c1095,late,5,a2b5a2c7fe816d018221eb1090aabedfe898e7f050cc89a6e62ea8c3b3f76494,0.053569641857579425,0.0857142856960394,0.06071867728643786,-0.03214464383845997,-0.007149035428858433,12,28c2715fbc9b16a75dc7e849a907a807c5097918ff49a92fd0b76583533998a8,87c0cf2e0f6e4cf5cf1ed4a0f6eb27af0115a73f61e811e17185afa0d20e738e
461699d7bb412c04,late,5,a2b5a2c7fe816d018221eb1090aabedfe898e7f050cc89a6e62ea8c3b3f76494,0.05357088244957273,0.08571428572340888,0.06428207580152176,-0.03214340327383614,-0.010711193351949026,12,28c2715fbc9b16a75dc7e849a907a807c5097918ff49a92fd0b76583533998a8,87c0cf2e0f6e4cf5cf1ed4a0f6eb27af0115a73f61e811e17185afa0d20e738e
071ab07e1e38a628,late,5,a2b5a2c7fe816d018221eb1090aabedfe898e7f050cc89a6e62ea8c3b3f76494,0.05357101947563343,0.08571428570516255,0.0607137943952516,-0.03214326622952912,-0.007142774919618164,12,28c2715fbc9b16a75dc7e849a907a807c5097918ff49a92fd0b76583533998a8,87c0cf2e0f6e4cf5cf1ed4a0f6eb27af0115a73f61e811e17185afa0d20e738e
42accf704c38cba0,late,5,a2b5a2c7fe816d018221eb1090aabedfe898e7f050cc89a6e62ea8c3b3f76494,0.053570882578817265,0.08571428575990152,0.049980323522208166,-0.03214340318108425,0.0035905590566090995,12,28c2715fbc9b16a75dc7e849a907a807c5097918ff49a92fd0b76583533998a8,87c0cf2e0f6e4cf5cf1ed4a0f6eb27af0115a73f61e811e17185afa0d20e738e
c10ec77ff32ffa91,late,5,a2b5a2c7fe816d018221eb1090aabedfe898e7f050cc89a6e62ea8c3b3f76494,0.02857142870371439,0.042857142816088635,0.02500835883563382,-0.014285714112374243,0.0035630698680805713,6,28c2715fbc9b16a75dc7e849a907a807c5097918ff49a92fd0b76583533998a8,87c0cf2e0f6e4cf5cf1ed4a0f6eb27af0115a73f61e811e17185afa0d20e738e
54793d67d9944eb8,late,5,a2b5a2c7fe816d018221eb1090aabedfe898e7f050cc89a6e62ea8c3b3f76494,0.05357088277268407,0.08571428581464047,0.06785800358508719,-0.0321434030419564,-0.014287120812403117,12,28c2715fbc9b16a75dc7e849a907a807c5097918ff49a92fd0b76583533998a8,87c0cf2e0f6e4cf5cf1ed4a0f6eb27af0115a73f61e811e17185afa0d20e738e
8f08729d2995a817,late,5,a2b5a2c7fe816d018221eb1090aabedfe898e7f050cc89a6e62ea8c3b3f76494,0.025011494948652575,0.04285714282293101,0.021439708486114463,-0.017845647874278434,0.0035717864625381124,6,28c2715fbc9b16a75dc7e849a907a807c5097918ff49a92fd0b76583533998a8,87c0cf2e0f6e4cf5cf1ed4a0f6eb27af0115a73f61e811e17185afa0d20e738e
07e3a9d289c6178d,late,5,a2b5a2c7fe816d018221eb1090aabedfe898e7f050cc89a6e62ea8c3b3f76494,0.10001973691261373,0.1714285712552314,0.11070082650103123,-0.07140883434261766,-0.0106810895884175,24,28c2715fbc9b16a75dc7e849a907a807c5097918ff49a92fd0b76583533998a8,87c0cf2e0f6e4cf5cf1ed4a0f6eb27af0115a73f61e811e17185afa0d20e738e
7102b379fd198e9c,late,5,a2b5a2c7fe816d018221eb1090aabedfe898e7f050cc89a6e62ea8c3b3f76494,0.07501548449107565,0.12857142839352695,0.07501051697612482,-0.0535559439024513,4.96751495082659e-06,18,28c2715fbc9b16a75dc7e849a907a807c5097918ff49a92fd0b76583533998a8,87c0cf2e0f6e4cf5cf1ed4a0f6eb27af0115a73f61e811e17185afa0d20e738e
d722ebf1d24090c6,late,5,a2b5a2c7fe816d018221eb1090aabedfe898e7f050cc89a6e62ea8c3b3f76494,0.04999452366626659,0.08571428571884729,0.060718570865728946,-0.0357197620525807,-0.010724047199462357,12,28c2715fbc9b16a75dc7e849a907a807c5097918ff49a92fd0b76583533998a8,87c0cf2e0f6e4cf5cf1ed4a0f6eb27af0115a73f61e811e17185afa0d20e738e
8ce9f2f52718d991,late,5,a2b5a2c7fe816d018221eb1090aabedfe898e7f050cc89a6e62ea8c3b3f76494,0.05000418987391139,0.08571428569147782,0.049991577797172435,-0.03571009581756643,1.261207673895759e-05,12,28c2715fbc9b16a75dc7e849a907a807c5097918ff49a92fd0b76583533998a8,87c0cf2e0f6e4cf5cf1ed4a0f6eb27af0115a73f61e811e17185afa0d20e738e
bf37710c7cf719ac,late,5,a2b5a2c7fe816d018221eb1090aabedfe898e7f050cc89a6e62ea8c3b3f76494,0.02499920692028803,0.042857142825211796,0.024996003809254933,-0.017857935904923766,3.2031110330961454e-06,6,28c2715fbc9b16a75dc7e849a907a807c5097918ff49a92fd0b76583533998a8,87c0cf2e0f6e4cf5cf1ed4a0f6eb27af0115a73f61e811e17185afa0d20e738e
2180a713bbe5e4f3,late,5,a2b5a2c7fe816d018221eb1090aabedfe898e7f050cc89a6e62ea8c3b3f76494,0.049985879696910124,0.08571428568691623,0.04999190955822215,-0.03572840599000611,-6.029861312026319e-06,12,28c2715fbc9b16a75dc7e849a907a807c5097918ff49a92fd0b76583533998a8,87c0cf2e0f6e4cf5cf1ed4a0f6eb27af0115a73f61e811e17185afa0d20e738e
e935be4a08f19bb3,late,5,a2b5a2c7fe816d018221eb1090aabedfe898e7f050cc89a6e62ea8c3b3f76494,0.08214093478814925,0.1285714284072117,0.07499876502369289,-0.04643049361906244,0.007142169764456363,18,28c2715fbc9b16a75dc7e849a907a807c5097918ff49a92fd0b76583533998a8,87c0cf2e0f6e4cf5cf1ed4a0f6eb27af0115a73f61e811e17185afa0d20e738e
e70a019fe84490e1,late,5,a2b5a2c7fe816d018221eb1090aabedfe898e7f050cc89a6e62ea8c3b3f76494,0.028571428572949097,0.042857142779596,0.03571281224413452,-0.014285714206646902,-0.007141383671185424,6,28c2715fbc9b16a75dc7e849a907a807c5097918ff49a92fd0b76583533998a8,87c0cf2e0f6e4cf5cf1ed4a0f6eb27af0115a73f61e811e17185afa0d20e738e
9e3b391509c72b22,mid,5,a2b5a2c7fe816d018221eb1090aabedfe898e7f050cc89a6e62ea8c3b3f76494,0.025000751816800663,0.04285714285714286,0.025007555048380578,-0.017856391040342194,-6.803231579914637e-06,6,28c2715fbc9b16a75dc7e849a907a807c5097918ff49a92fd0b76583533998a8,87c0cf2e0f6e4cf5cf1ed4a0f6eb27af0115a73f61e811e17185afa0d20e738e
85bae8f3c9ae0365,mid,5,a2b5a2c7fe816d018221eb1090aabedfe898e7f050cc89a6e62ea8c3b3f76494,0.02499821323901453,0.0428571428480197,0.028572130250383247,-0.01785892960900517,-0.003573917011368718,6,28c2715fbc9b16a75dc7e849a907a807c5097918ff49a92fd0b76583533998a8,87c0cf2e0f6e4cf5cf1ed4a0f6eb27af0115a73f61e811e17185afa0d20e738e
c3f583a297ecfc3c,mid,5,a2b5a2c7fe816d018221eb1090aabedfe898e7f050cc89a6e62ea8c3b3f76494,0.024981649274537693,0.042857142859423644,0.028579290691687555,-0.01787549358488595,-0.003597641417149862,6,28c2715fbc9b16a75dc7e849a907a807c5097918ff49a92fd0b76583533998a8,87c0cf2e0f6e4cf5cf1ed4a0f6eb27af0115a73f61e811e17185afa0d20e738e
0a43f69ab365b4d3,mid,5,a2b5a2c7fe816d018221eb1090aabedfe898e7f050cc89a6e62ea8c3b3f76494,0.025000751633196348,0.042857142816088635,0.021426153854298233,-0.017856391182892287,0.003574597778898115,6,28c2715fbc9b16a75dc7e849a907a807c5097918ff49a92fd0b76583533998a8,87c0cf2e0f6e4cf5cf1ed4a0f6eb27af0115a73f61e811e17185afa0d20e738e
acf4b5c3199cdd7c,mid,5,a2b5a2c7fe816d018221eb1090aabedfe898e7f050cc89a6e62ea8c3b3f76494,0.053569641866132105,0.08571428570972413,0.057140026078844705,-0.03214464384359202,-0.0035703842127126004,12,28c2715fbc9b16a75dc7e849a907a807c5097918ff49a92fd0b76583533998a8,87c0cf2e0f6e4cf5cf1ed4a0f6eb27af0115a73f61e811e17185afa0d20e738e
ffb26c129585a7ef,mid,5,a2b5a2c7fe816d018221eb1090aabedfe898e7f050cc89a6e62ea8c3b3f76494,0.025003496278075504,0.042857142834334956,0.03571860037971895,-0.017853646556259452,-0.010715104101643443,6,28c2715fbc9b16a75dc7e849a907a807c5097918ff49a92fd0b76583533998a8,87c0cf2e0f6e4cf5cf1ed4a0f6eb27af0115a73f61e811e17185afa0d20e738e
7ffa0a410b2e3d2a,mid,5,a2b5a2c7fe816d018221eb1090aabedfe898e7f050cc89a6e62ea8c3b3f76494,0.050007913336152746,0.08571428565954675,0.04998146265746347,-0.035706372323394006,2.6450678689275697e-05,12,28c2715fbc9b16a75dc7e849a907a807c5097918ff49a92fd0b76583533998a8,87c0cf2e0f6e4cf5cf1ed4a0f6eb27af0115a73f61e811e17185afa0d20e738e
afa1bb89512b7e7a,mid,5,a2b5a2c7fe816d018221eb1090aabedfe898e7f050cc89a6e62ea8c3b3f76494,0.024998213225710872,0.042857142825211796,0.02856715729194346,-0.017858929599500924,-0.00356894406623259,6,28c2715fbc9b16a75dc7e849a907a807c5097918ff49a92fd0b76583533998a8,87c0cf2e0f6e4cf5cf1ed4a0f6eb27af0115a73f61e811e17185afa0d20e738e
bb9c5a54bd21082d,mid,5,a2b5a2c7fe816d018221eb1090aabedfe898e7f050cc89a6e62ea8c3b3f76494,0.024999590858018804,0.042857142859423644,0.035717215071603504,-0.01785755200140484,-0.0107176242135847,6,28c2715fbc9b16a75dc7e849a907a807c5097918ff49a92fd0b76583533998a8,87c0cf2e0f6e4cf5cf1ed4a0f6eb27af0115a73f61e811e17185afa0d20e738e
057097684e7e5a87,mid,5,a2b5a2c7fe816d018221eb1090aabedfe898e7f050cc89a6e62ea8c3b3f76494,0.02141386425540294,0.0428571428708276,0.024978861380361723,-0.02144327861542466,-0.003564997124958783,6,28c2715fbc9b16a75dc7e849a907a807c5097918ff49a92fd0b76583533998a8,87c0cf2e0f6e4cf5cf1ed4a0f6eb27af0115a73f61e811e17185afa0d20e738e
72331df48a7d2dac,mid,5,a2b5a2c7fe816d018221eb1090aabedfe898e7f050cc89a6e62ea8c3b3f76494,0.024999456171478314,0.04285714287538918,0.028571634326054213,-0.017857686703910865,-0.0035721781545758995,6,28c2715fbc9b16a75dc7e849a907a807c5097918ff49a92fd0b76583533998a8,87c0cf2e0f6e4cf5cf1ed4a0f6eb27af0115a73f61e811e17185afa0d20e738e
61874ccf7e96711e,mid,5,a2b5a2c7fe816d018221eb1090aabedfe898e7f050cc89a6e62ea8c3b3f76494,0.021414680182180935,0.042857142834334956,0.02500105882063452,-0.02144246265215402,-0.003586378638453583,6,28c2715fbc9b16a75dc7e849a907a807c5097918ff49a92fd0b76583533998a8,87c0cf2e0f6e4cf5cf1ed4a0f6eb27af0115a73f61e811e17185afa0d20e738e
4b8d3d7dd8c4e0ae,mid,5,a2b5a2c7fe816d018221eb1090aabedfe898e7f050cc89a6e62ea8c3b3f76494,0.049992507368859566,0.08571428570060098,0.06069775393061908,-0.035721778331741415,-0.010705246561759516,12,28c2715fbc9b16a75dc7e849a907a807c5097918ff49a92fd0b76583533998a8,87c0cf2e0f6e4cf5cf1ed4a0f6eb27af0115a73f61e811e17185afa0d20e738e
d5f8df6e4fc6622d,mid,5,a2b5a2c7fe816d018221eb1090aabedfe898e7f050cc89a6e62ea8c3b3f76494,0.024981428255727172,0.042857142854862064,0.021447573388184416,-0.017875714599134892,0.003533854867542756,6,28c2715fbc9b16a75dc7e849a907a807c5097918ff49a92fd0b76583533998a8,87c0cf2e0f6e4cf5cf1ed4a0f6eb27af0115a73f61e811e17185afa0d20e738e
e0cdbab80d258594,mid,5,a2b5a2c7fe816d018221eb1090aabedfe898e7f050cc89a6e62ea8c3b3f76494,0.02500110291476831,0.04285714288451234,0.0321494516722748,-0.01785603996974403,-0.00714834875750649,6,28c2715fbc9b16a75dc7e849a907a807c5097918ff49a92fd0b76583533998a8,87c0cf2e0f6e4cf5cf1ed4a0f6eb27af0115a73f61e811e17185afa0d20e738e
4456aeaef4126487,mid,5,a2b5a2c7fe816d018221eb1090aabedfe898e7f050cc89a6e62ea8c3b3f76494,0.02499959086067968,0.042857142863985224,0.025005246330319544,-0.017857552003305546,-5.655469639865435e-06,6,28c2715fbc9b16a75dc7e849a907a807c5097918ff49a92fd0b76583533998a8,87c0cf2e0f6e4cf5cf1ed4a0f6eb27af0115a73f61e811e17185afa0d20e738e
4dca2566ec2be9b6,late,10,fcad8cfae734430553f0203176f5f90545c7b64a894404e7d769347097bcc1a0,0.05356800980980395,0.08571428561393095,0.05000068757682958,-0.032146275804126996,0.0035673222329743737,12,28c2715fbc9b16a75dc7e849a907a807c5097918ff49a92fd0b76583533998a8,87c0cf2e0f6e4cf5cf1ed4a0f6eb27af0115a73f61e811e17185afa0d20e738e
42be4c9c478fcf87,mid,10,fcad8cfae734430553f0203176f5f90545c7b64a894404e7d769347097bcc1a0,0.0249956203358514,0.04285714285714286,0.024999646629605975,-0.01786152252129146,-4.026293754576943e-06,6,28c2715fbc9b16a75dc7e849a907a807c5097918ff49a92fd0b76583533998a8,87c0cf2e0f6e4cf5cf1ed4a0f6eb27af0115a73f61e811e17185afa0d20e738e
e9cae6ed68f487bd,late,10,fcad8cfae734430553f0203176f5f90545c7b64a894404e7d769347097bcc1a0,0.02499570180928137,0.04285714285030049,0.028565203181031795,-0.01786144104101912,-0.003569501371750425,6,28c2715fbc9b16a75dc7e849a907a807c5097918ff49a92fd0b76583533998a8,87c0cf2e0f6e4cf5cf1ed4a0f6eb27af0115a73f61e811e17185afa0d20e738e
8aad5b2f419c6072,late,10,fcad8cfae734430553f0203176f5f90545c7b64a894404e7d769347097bcc1a0,0.07858338592876897,0.12857142844142355,0.08928651768733115,-0.04998804251265458,-0.010703131758562176,18,28c2715fbc9b16a75dc7e849a907a807c5097918ff49a92fd0b76583533998a8,87c0cf2e0f6e4cf5cf1ed4a0f6eb27af0115a73f61e811e17185afa0d20e738e
5fbcbd0c5df88ebb,late,10,fcad8cfae734430553f0203176f5f90545c7b64a894404e7d769347097bcc1a0,0.053572142453939674,0.08571428564586202,0.057145248307863585,-0.032142143191922344,-0.0035731058539239108,12,28c2715fbc9b16a75dc7e849a907a807c5097918ff49a92fd0b76583533998a8,87c0cf2e0f6e4cf5cf1ed4a0f6eb27af0115a73f61e811e17185afa0d20e738e
114b4dce6f7bfe50,late,10,fcad8cfae734430553f0203176f5f90545c7b64a894404e7d769347097bcc1a0,0.0785757066111738,0.12857142843458116,0.09999378579004131,-0.04999572182340736,-0.02141807917886751,18,28c2715fbc9b16a75dc7e849a907a807c5097918ff49a92fd0b76583533998a8,87c0cf2e0f6e4cf5cf1ed4a0f6eb27af0115a73f61e811e17185afa0d20e738e
916e555f6c4000ff,late,10,fcad8cfae734430553f0203176f5f90545c7b64a894404e7d769347097bcc1a0,0.02499830985708112,0.0428571428024039,0.028571003160002825,-0.01785883294532278,-0.0035726933029217034,6,28c2715fbc9b16a75dc7e849a907a807c5097918ff49a92fd0b76583533998a8,87c0cf2e0f6e4cf5cf1ed4a0f6eb27af0115a73f61e811e17185afa0d20e738e
6264497eaa048e7d,late,10,fcad8cfae734430553f0203176f5f90545c7b64a894404e7d769347097bcc1a0,0.050004241147212525,0.08571428573253204,0.05713008771137044,-0.03571004458531951,-0.007125846564157913,12,28c2715fbc9b16a75dc7e849a907a807c5097918ff49a92fd0b76583533998a8,87c0cf2e0f6e4cf5cf1ed4a0f6eb27af0115a73f61e811e17185afa0d20e738e
cd631ab31fac34e8,late,10,fcad8cfae734430553f0203176f5f90545c7b64a894404e7d769347097bcc1a0,0.028571428519730664,0.042857142859423644,0.03213867029080107,-0.01428571433969298,-0.0035672417710704077,6,28c2715fbc9b16a75dc7e849a907a807c5097918ff49a92fd0b76583533998a8,87c0cf2e0f6e4cf5cf1ed4a0f6eb27af0115a73f61e811e17185afa0d20e738e
2fa902a4bde72d4f,late,10,fcad8cfae734430553f0203176f5f90545c7b64a894404e7d769347097bcc1a0,0.0785707974874849,0.12857142862616752,0.08571627473648798,-0.050000631138682625,-0.007145477249003079,18,28c2715fbc9b16a75dc7e849a907a807c5097918ff49a92fd0b76583533998a8,87c0cf2e0f6e4cf5cf1ed4a0f6eb27af0115a73f61e811e17185afa0d20e738e
58de86eedc55d29f,late,10,fcad8cfae734430553f0203176f5f90545c7b64a894404e7d769347097bcc1a0,0.07857029642871638,0.1285714287014336,0.07499329865111158,-0.050001132272717214,0.0035769977776047984,18,28c2715fbc9b16a75dc7e849a907a807c5097918ff49a92fd0b76583533998a8,87c0cf2e0f6e4cf5cf1ed4a0f6eb27af0115a73f61e811e17185afa0d20e738e
55c6be1343917df6,late,10,fcad8cfae734430553f0203176f5f90545c7b64a894404e7d769347097bcc1a0,0.07857094829597935,0.12857142860564041,0.0785833455299116,-0.05000048030966106,-1.2397233932245899e-05,18,28c2715fbc9b16a75dc7e849a907a807c5097918ff49a92fd0b76583533998a8,87c0cf2e0f6e4cf5cf1ed4a0f6eb27af0115a73f61e811e17185afa0d20e738e
5c46d4cab0649bd7,late,10,fcad8cfae734430553f0203176f5f90545c7b64a894404e7d769347097bcc1a0,0.0785702966404505,0.1285714286124828,0.08214593782450874,-0.050001131972032306,-0.0035756411840582453,18,28c2715fbc9b16a75dc7e849a907a807c5097918ff49a92fd0b76583533998a8,87c0cf2e0f6e4cf5cf1ed4a0f6eb27af0115a73f61e811e17185afa0d20e738e
30fc470f7401da0c,late,10,fcad8cfae734430553f0203176f5f90545c7b64a894404e7d769347097bcc1a0,0.028571428369198525,0.04285714279328074,0.021429342265638838,-0.014285714424082215,0.0071420861035596875,6,28c2715fbc9b16a75dc7e849a907a807c5097918ff49a92fd0b76583533998a8,87c0cf2e0f6e4cf5cf1ed4a0f6eb27af0115a73f61e811e17185afa0d20e738e
36b2c85b266010b4,late,10,fcad8cfae734430553f0203176f5f90545c7b64a894404e7d769347097bcc1a0,0.07857326650460057,0.12857142871511834,0.08573165588082825,-0.04999816221051777,-0.007158389376227675,18,28c2715fbc9b16a75dc7e849a907a807c5097918ff49a92fd0b76583533998a8,87c0cf2e0f6e4cf5cf1ed4a0f6eb27af0115a73f61e811e17185afa0d20e738e
149aab874634a179,late,10,fcad8cfae734430553f0203176f5f90545c7b64a894404e7d769347097bcc1a0,0.028571428433060646,0.04285714288907392,0.0321405713286766,-0.014285714456013274,-0.0035691428956159538,6,28c2715fbc9b16a75dc7e849a907a807c5097918ff49a92fd0b76583533998a8,87c0cf2e0f6e4cf5cf1ed4a0f6eb27af0115a73f61e811e17185afa0d20e738e
b3a6c7628630359d,late,10,fcad8cfae734430553f0203176f5f90545c7b64a894404e7d769347097bcc1a0,0.03214316130691766,0.05714285708507713,0.028567497296909005,-0.02499969577815947,0.0035756640100086563,8,28c2715fbc9b16a75dc7e849a907a807c5097918ff49a92fd0b76583533998a8,87c0cf2e0f6e4cf5cf1ed4a0f6eb27af0115a73f61e811e17185afa0d20e738e
6fefd9d7d54089c4,late,10,fcad8cfae734430553f0203176f5f90545c7b64a894404e7d769347097bcc1a0,0.02499612327665503,0.042857142811527055,0.021433139197067342,-0.017861019534872024,0.003562984079587689,6,28c2715fbc9b16a75dc7e849a907a807c5097918ff49a92fd0b76583533998a8,87c0cf2e0f6e4cf5cf1ed4a0f6eb27af0115a73f61e811e17185afa0d20e738e
df88e8a71a960d88,late,10,fcad8cfae734430553f0203176f5f90545c7b64a894404e7d769347097bcc1a0,0.07500073033118797,0.12857142841405406,0.09283994515371542,-0.05357069808286609,-0.017839214822527455,18,28c2715fbc9b16a75dc7e849a907a807c5097918ff49a92fd0b76583533998a8,87c0cf2e0f6e4cf5cf1ed4a0f6eb27af0115a73f61e811e17185afa0d20e738e
7c1c7ae6205df8bc,late,10,fcad8cfae734430553f0203176f5f90545c7b64a894404e7d769347097bcc1a0,0.09999620732984595,0.17142857132821668,0.11428566243727599,-0.07143236399837073,-0.014289455107430044,24,28c2715fbc9b16a75dc7e849a907a807c5097918ff49a92fd0b76583533998a8,87c0cf2e0f6e4cf5cf1ed4a0f6eb27af0115a73f61e811e17185afa0d20e738e
0e6caa2b89c5671e,late,10,fcad8cfae734430553f0203176f5f90545c7b64a894404e7d769347097bcc1a0,0.14642904119680142,0.25714285725233504,0.1642964834248579,-0.11071381605553363,-0.017867442228056474,36,28c2715fbc9b16a75dc7e849a907a807c5097918ff49a92fd0b76583533998a8,87c0cf2e0f6e4cf5cf1ed4a0f6eb27af0115a73f61e811e17185afa0d20e738e
d3e8b63f8afb91f4,late,10,fcad8cfae734430553f0203176f5f90545c7b64a894404e7d769347097bcc1a0,0.07500101639223626,0.12857142816088638,0.07141970649972652,-0.053570411768650114,0.0035813098925097375,18,28c2715fbc9b16a75dc7e849a907a807c5097918ff49a92fd0b76583533998a8,87c0cf2e0f6e4cf5cf1ed4a0f6eb27af0115a73f61e811e17185afa0d20e738e
9af16211b24685c6,late,10,fcad8cfae734430553f0203176f5f90545c7b64a894404e7d769347097bcc1a0,0.050001236623418856,0.08571428569147782,0.05714228167673778,-0.035713049068058965,-0.007141045053318924,12,28c2715fbc9b16a75dc7e849a907a807c5097918ff49a92fd0b76583533998a8,87c0cf2e0f6e4cf5cf1ed4a0f6eb27af0115a73f61e811e17185afa0d20e738e
db1e347046310118,late,10,fcad8cfae734430553f0203176f5f90545c7b64a894404e7d769347097bcc1a0,0.0250039360938336,0.04285714286626602,0.024996784121861796,-0.017853206772432417,7.151971971805504e-06,6,28c2715fbc9b16a75dc7e849a907a807c5097918ff49a92fd0b76583533998a8,87c0cf2e0f6e4cf5cf1ed4a0f6eb27af0115a73f61e811e17185afa0d20e738e
56a7dde81d335df3,late,10,fcad8cfae734430553f0203176f5f90545c7b64a894404e7d769347097bcc1a0,0.07856885859058729,0.12857142846879302,0.0785680432841969,-0.05000256987820573,8.153063903865165e-07,18,28c2715fbc9b16a75dc7e849a907a807c5097918ff49a92fd0b76583533998a8,87c0cf2e0f6e4cf5cf1ed4a0f6eb27af0115a73f61e811e17185afa0d20e738e
48c43bbbdab973de,late,10,fcad8cfae734430553f0203176f5f90545c7b64a894404e7d769347097bcc1a0,0.05000439062714577,0.08571428571428572,0.04642720493887152,-0.035709895087139946,0.0035771856882742467,12,28c2715fbc9b16a75dc7e849a907a807c5097918ff49a92fd0b76583533998a8,87c0cf2e0f6e4cf5cf1ed4a0f6eb27af0115a73f61e811e17185afa0d20e738e
23cf443537af1aae,late,10,fcad8cfae734430553f0203176f5f90545c7b64a894404e7d769347097bcc1a0,0.024998224305787825,0.04285714284345812,0.02500738633796337,-0.01785891853767029,-9.162032175543539e-06,6,28c2715fbc9b16a75dc7e849a907a807c5097918ff49a92fd0b76583533998a8,87c0cf2e0f6e4cf5cf1ed4a0f6eb27af0115a73f61e811e17185afa0d20e738e
0aaa7c8b0c525308,late,10,fcad8cfae734430553f0203176f5f90545c7b64a894404e7d769347097bcc1a0,0.06428771046807444,0.11428571421272901,0.07142255620993297,-0.04999800374465457,-0.007134845741858534,16,28c2715fbc9b16a75dc7e849a907a807c5097918ff49a92fd0b76583533998a8,87c0cf2e0f6e4cf5cf1ed4a0f6eb27af0115a73f61e811e17185afa0d20e738e
d83a5c8ba6bc761e,late,10,fcad8cfae734430553f0203176f5f90545c7b64a894404e7d769347097bcc1a0,0.06428771274962447,0.1142857142005648,0.06785247028140433,-0.04999800145094033,-0.003564757531779858,16,28c2715fbc9b16a75dc7e849a907a807c5097918ff49a92fd0b76583533998a8,87c0cf2e0f6e4cf5cf1ed4a0f6eb27af0115a73f61e811e17185afa0d20e738e
f1046a806aadfbe0,late,10,fcad8cfae734430553f0203176f5f90545c7b64a894404e7d769347097bcc1a0,0.0642877127359393,0.11428571417623637,0.06786050103490432,-0.04999800144029706,-0.003572788298965013,16,28c2715fbc9b16a75dc7e849a907a807c5097918ff49a92fd0b76583533998a8,87c0cf2e0f6e4cf5cf1ed4a0f6eb27af0115a73f61e811e17185afa0d20e738e
6fc2092861b32642,late,10,fcad8cfae734430553f0203176f5f90545c7b64a894404e7d769347097bcc1a0,0.0642875356421014,0.1142857142066469,0.07500044442846276,-0.0499981785645455,-0.010712908786361358,16,28c2715fbc9b16a75dc7e849a907a807c5097918ff49a92fd0b76583533998a8,87c0cf2e0f6e4cf5cf1ed4a0f6eb27af0115a73f61e811e17185afa0d20e738e
776d096fbd7a62b8,late,10,fcad8cfae734430553f0203176f5f90545c7b64a894404e7d769347097bcc1a0,0.021432815873416416,0.042857142768192046,0.02856667301941662,-0.02142432689477563,-0.007133857146000202,6,28c2715fbc9b16a75dc7e849a907a807c5097918ff49a92fd0b76583533998a8,87c0cf2e0f6e4cf5cf1ed4a0f6eb27af0115a73f61e811e17185afa0d20e738e
460752ddf653e004,late,10,fcad8cfae734430553f0203176f5f90545c7b64a894404e7d769347097bcc1a0,0.07499918690749542,0.12857142862616752,0.07857087720869732,-0.0535722417186721,-0.003571690301201899,18,28c2715fbc9b16a75dc7e849a907a807c5097918ff49a92fd0b76583533998a8,87c0cf2e0f6e4cf5cf1ed4a0f6eb27af0115a73f61e811e17185afa0d20e738e
30bcc4667ee54d7c,mid,10,fcad8cfae734430553f0203176f5f90545c7b64a894404e7d769347097bcc1a0,0.02142352535522598,0.04285714284117733,0.032143923681495046,-0.02143361748595135,-0.010720398326269066,6,28c2715fbc9b16a75dc7e849a907a807c5097918ff49a92fd0b76583533998a8,87c0cf2e0f6e4cf5cf1ed4a0f6eb27af0115a73f61e811e17185afa0d20e738e
7d4b1fee8b0f3782,late,10,fcad8cfae734430553f0203176f5f90545c7b64a894404e7d769347097bcc1a0,0.024995623161758566,0.04285714277503442,0.02499993236469384,-0.017861519613275853,-4.309202935273704e-06,6,28c2715fbc9b16a75dc7e849a907a807c5097918ff49a92fd0b76583533998a8,87c0cf2e0f6e4cf5cf1ed4a0f6eb27af0115a73f61e811e17185afa0d20e738e
8997c4eba59e8594,mid,10,fcad8cfae734430553f0203176f5f90545c7b64a894404e7d769347097bcc1a0,0.02499688146901783,0.04285714288451234,0.024998268660688997,-0.01786026141549451,-1.3871916711670484e-06,6,28c2715fbc9b16a75dc7e849a907a807c5097918ff49a92fd0b76583533998a8,87c0cf2e0f6e4cf5cf1ed4a0f6eb27af0115a73f61e811e17185afa0d20e738e
bac2b3a89002d2a2,late,10,fcad8cfae734430553f0203176f5f90545c7b64a894404e7d769347097bcc1a0,0.10357332629303705,0.17142857143769458,0.10714166835520639,-0.06785524514465753,-0.0035683420621693412,24,28c2715fbc9b16a75dc7e849a907a807c5097918ff49a92fd0b76583533998a8,87c0cf2e0f6e4cf5cf1ed4a0f6eb27af0115a73f61e811e17185afa0d20e738e
44564f38d84c578b,late,10,fcad8cfae734430553f0203176f5f90545c7b64a894404e7d769347097bcc1a0,0.05357699265740388,0.08571428553182252,0.06071846834097916,-0.03213729287441864,-0.007141475683575281,12,28c2715fbc9b16a75dc7e849a907a807c5097918ff49a92fd0b76583533998a8,87c0cf2e0f6e4cf5cf1ed4a0f6eb27af0115a73f61e811e17185afa0d20e738e
60ac7ed07a88c8b5,late,10,fcad8cfae734430553f0203176f5f90545c7b64a894404e7d769347097bcc1a0,0.050001390443316675,0.08571428572340888,0.06071315717066113,-0.0357128952800922,-0.010711766727344453,12,28c2715fbc9b16a75dc7e849a907a807c5097918ff49a92fd0b76583533998a8,87c0cf2e0f6e4cf5cf1ed4a0f6eb27af0115a73f61e811e17185afa0d20e738e
624b9c4f6e51f9fa,late,10,fcad8cfae734430553f0203176f5f90545c7b64a894404e7d769347097bcc1a0,0.10000453070338307,0.17142857143769458,0.10358768361506653,-0.07142404073431151,-0.003583152911683457,24,28c2715fbc9b16a75dc7e849a907a807c5097918ff49a92fd0b76583533998a8,87c0cf2e0f6e4cf5cf1ed4a0f6eb27af0115a73f61e811e17185afa0d20e738e
3b961a569be80755,late,10,fcad8cfae734430553f0203176f5f90545c7b64a894404e7d769347097bcc1a0,0.024996755055285445,0.04285714285030049,0.0285748097467782,-0.017860387795015045,-0.003578054691492756,6,28c2715fbc9b16a75dc7e849a907a807c5097918ff49a92fd0b76583533998a8,87c0cf2e0f6e4cf5cf1ed4a0f6eb27af0115a73f61e811e17185afa0d20e738e
5fb8d2642e68cf72,late,10,fcad8cfae734430553f0203176f5f90545c7b64a894404e7d769347097bcc1a0,0.10000319994985989,0.1714285713920788,0.11071408425894931,-0.0714253714422189,-0.010710884309089425,24,28c2715fbc9b16a75dc7e849a907a807c5097918ff49a92fd0b76583533998a8,87c0cf2e0f6e4cf5cf1ed4a0f6eb27af0115a73f61e811e17185afa0d20e738e
499e4e4687fe7f82,late,10,fcad8cfae734430553f0203176f5f90545c7b64a894404e7d769347097bcc1a0,0.024995701452724277,0.04285714278643837,0.024995696609846896,-0.01786144133371409,4.842877380367705e-09,6,28c2715fbc9b16a75dc7e849a907a807c5097918ff49a92fd0b76583533998a8,87c0cf2e0f6e4cf5cf1ed4a0f6eb27af0115a73f61e811e17185afa0d20e738e
18ee6c5df8159acb,late,10,fcad8cfae734430553f0203176f5f90545c7b64a894404e7d769347097bcc1a0,0.05000422260856537,0.08571428560936938,0.049999948849103346,-0.035710063000804,4.273759462027071e-06,12,28c2715fbc9b16a75dc7e849a907a807c5097918ff49a92fd0b76583533998a8,87c0cf2e0f6e4cf5cf1ed4a0f6eb27af0115a73f61e811e17185afa0d20e738e
6f26e2f61472d2ba,late,10,fcad8cfae734430553f0203176f5f90545c7b64a894404e7d769347097bcc1a0,0.024998224316430756,0.04285714286170444,0.02142291399213064,-0.017858918545273682,0.0035753103243001162,6,28c2715fbc9b16a75dc7e849a907a807c5097918ff49a92fd0b76583533998a8,87c0cf2e0f6e4cf5cf1ed4a0f6eb27af0115a73f61e811e17185afa0d20e738e
a1b85cd1b385605f,late,10,fcad8cfae734430553f0203176f5f90545c7b64a894404e7d769347097bcc1a0,0.10000140928264108,0.171428571346463,0.10001821656843574,-0.07142716206382192,-1.68072857946594e-05,24,28c2715fbc9b16a75dc7e849a907a807c5097918ff49a92fd0b76583533998a8,87c0cf2e0f6e4cf5cf1ed4a0f6eb27af0115a73f61e811e17185afa0d20e738e
c6d589ffd6239ce1,mid,10,fcad8cfae734430553f0203176f5f90545c7b64a894404e7d769347097bcc1a0,0.024996580562693715,0.042857142777315206,0.02856420331768973,-0.01786056221462149,-0.003567622754996013,6,28c2715fbc9b16a75dc7e849a907a807c5097918ff49a92fd0b76583533998a8,87c0cf2e0f6e4cf5cf1ed4a0f6eb27af0115a73f61e811e17185afa0d20e738e
adac1ce9ac05888c,late,10,fcad8cfae734430553f0203176f5f90545c7b64a894404e7d769347097bcc1a0,0.05357317418258974,0.08571428561849254,0.04641888290777821,-0.03214111143590279,0.007154291274811535,12,28c2715fbc9b16a75dc7e849a907a807c5097918ff49a92fd0b76583533998a8,87c0cf2e0f6e4cf5cf1ed4a0f6eb27af0115a73f61e811e17185afa0d20e738e
30a0e035ac98894a,late,10,fcad8cfae734430553f0203176f5f90545c7b64a894404e7d769347097bcc1a0,0.05356716167619313,0.0857142856276157,0.04999550336440149,-0.032147123951422565,0.0035716583117916395,12,28c2715fbc9b16a75dc7e849a907a807c5097918ff49a92fd0b76583533998a8,87c0cf2e0f6e4cf5cf1ed4a0f6eb27af0115a73f61e811e17185afa0d20e738e
298e329d46985be6,late,10,fcad8cfae734430553f0203176f5f90545c7b64a894404e7d769347097bcc1a0,0.05357317384427368,0.0857142856732315,0.0464362262392722,-0.03214111182895782,0.007136947605001477,12,28c2715fbc9b16a75dc7e849a907a807c5097918ff49a92fd0b76583533998a8,87c0cf2e0f6e4cf5cf1ed4a0f6eb27af0115a73f61e811e17185afa0d20e738e
db46035c8bb13484,late,10,fcad8cfae734430553f0203176f5f90545c7b64a894404e7d769347097bcc1a0,0.05356716170090396,0.0857142855819999,0.05713566793624129,-0.03214712388109593,-0.003568506235337325,12,28c2715fbc9b16a75dc7e849a907a807c5097918ff49a92fd0b76583533998a8,87c0cf2e0f6e4cf5cf1ed4a0f6eb27af0115a73f61e811e17185afa0d20e738e
868e275bc02ed9aa,late,10,fcad8cfae734430553f0203176f5f90545c7b64a894404e7d769347097bcc1a0,0.049999697168491154,0.08571428559112305,0.0571402830980299,-0.0357145884226319,-0.0071405859295387425,12,28c2715fbc9b16a75dc7e849a907a807c5097918ff49a92fd0b76583533998a8,87c0cf2e0f6e4cf5cf1ed4a0f6eb27af0115a73f61e811e17185afa0d20e738e
33ddae0fd74c1095,late,10,fcad8cfae734430553f0203176f5f90545c7b64a894404e7d769347097bcc1a0,0.05356800905334267,0.08571428559568464,0.06071557229232549,-0.03214627654234197,-0.007147563238982822,12,28c2715fbc9b16a75dc7e849a907a807c5097918ff49a92fd0b76583533998a8,87c0cf2e0f6e4cf5cf1ed4a0f6eb27af0115a73f61e811e17185afa0d20e738e
461699d7bb412c04,late,10,fcad8cfae734430553f0203176f5f90545c7b64a894404e7d769347097bcc1a0,0.053573173793906324,0.08571428567779307,0.053559421618683246,-0.03214111188388675,1.3752175223077923e-05,12,28c2715fbc9b16a75dc7e849a907a807c5097918ff49a92fd0b76583533998a8,87c0cf2e0f6e4cf5cf1ed4a0f6eb27af0115a73f61e811e17185afa0d20e738e
071ab07e1e38a628,late,10,fcad8cfae734430553f0203176f5f90545c7b64a894404e7d769347097bcc1a0,0.05356716154600417,0.08571428550445304,0.05357043964180349,-0.03214712395844887,-3.278095799322256e-06,12,28c2715fbc9b16a75dc7e849a907a807c5097918ff49a92fd0b76583533998a8,87c0cf2e0f6e4cf5cf1ed4a0f6eb27af0115a73f61e811e17185afa0d20e738e
42accf704c38cba0,late,10,fcad8cfae734430553f0203176f5f90545c7b64a894404e7d769347097bcc1a0,0.05357317385757698,0.08571428560936938,0.057133161951704606,-0.03214111175179239,-0.0035599880941276224,12,28c2715fbc9b16a75dc7e849a907a807c5097918ff49a92fd0b76583533998a8,87c0cf2e0f6e4cf5cf1ed4a0f6eb27af0115a73f61e811e17185afa0d20e738e
c10ec77ff32ffa91,late,10,fcad8cfae734430553f0203176f5f90545c7b64a894404e7d769347097bcc1a0,0.02857142847715592,0.04285714279556153,0.028568349205418068,-0.014285714318405609,3.079271737850553e-06,6,28c2715fbc9b16a75dc7e849a907a807c5097918ff49a92fd0b76583533998a8,87c0cf2e0f6e4cf5cf1ed4a0f6eb27af0115a73f61e811e17185afa0d20e738e
54793d67d9944eb8,late,10,fcad8cfae734430553f0203176f5f90545c7b64a894404e7d769347097bcc1a0,0.053573174252914656,0.08571428564586202,0.060717633477770615,-0.03214111139294736,-0.007144459224855959,12,28c2715fbc9b16a75dc7e849a907a807c5097918ff49a92fd0b76583533998a8,87c0cf2e0f6e4cf5cf1ed4a0f6eb27af0115a73f61e811e17185afa0d20e738e
8f08729d2995a817,late,10,fcad8cfae734430553f0203176f5f90545c7b64a894404e7d769347097bcc1a0,0.025005427578994315,0.04285714284117733,0.025009247172354337,-0.017851715262183016,-3.819593360022966e-06,6,28c2715fbc9b16a75dc7e849a907a807c5097918ff49a92fd0b76583533998a8,87c0cf2e0f6e4cf5cf1ed4a0f6eb27af0115a73f61e811e17185afa0d20e738e
07e3a9d289c6178d,late,10,fcad8cfae734430553f0203176f5f90545c7b64a894404e7d769347097bcc1a0,0.10000924803847842,0.1714285712552314,0.10714770810754137,-0.07141932321675297,-0.007138460069062949,24,28c2715fbc9b16a75dc7e849a907a807c5097918ff49a92fd0b76583533998a8,87c0cf2e0f6e4cf5cf1ed4a0f6eb27af0115a73f61e811e17185afa0d20e738e
7102b379fd198e9c,late,10,fcad8cfae734430553f0203176f5f90545c7b64a894404e7d769347097bcc1a0,0.07500399551619781,0.1285714283593151,0.08214339270408424,-0.05356743284311728,-0.007139397187886434,18,28c2715fbc9b16a75dc7e849a907a807c5097918ff49a92fd0b76583533998a8,87c0cf2e0f6e4cf5cf1ed4a0f6eb27af0115a73f61e811e17185afa0d20e738e
d722ebf1d24090c6,late,10,fcad8cfae734430553f0203176f5f90545c7b64a894404e7d769347097bcc1a0,0.049994496703151405,0.08571428565954675,0.05356891944776544,-0.03571978895639535,-0.003574422744614038,12,28c2715fbc9b16a75dc7e849a907a807c5097918ff49a92fd0b76583533998a8,87c0cf2e0f6e4cf5cf1ed4a0f6eb27af0115a73f61e811e17185afa0d20e738e
8ce9f2f52718d991,late,10,fcad8cfae734430553f0203176f5f90545c7b64a894404e7d769347097bcc1a0,0.049999926249895764,0.08571428573253204,0.049999635038631224,-0.03571435948263627,2.9121126454006996e-07,12,28c2715fbc9b16a75dc7e849a907a807c5097918ff49a92fd0b76583533998a8,87c0cf2e0f6e4cf5cf1ed4a0f6eb27af0115a73f61e811e17185afa0d20e738e
bf37710c7cf719ac,late,10,fcad8cfae734430553f0203176f5f90545c7b64a894404e7d769347097bcc1a0,0.02499873081887549,0.04285714280924627,0.028575986911138482,-0.01785841199037078,-0.0035772560922629933,6,28c2715fbc9b16a75dc7e849a907a807c5097918ff49a92fd0b76583533998a8,87c0cf2e0f6e4cf5cf1ed4a0f6eb27af0115a73f61e811e17185afa0d20e738e
2180a713bbe5e4f3,late,10,fcad8cfae734430553f0203176f5f90545c7b64a894404e7d769347097bcc1a0,0.05001102600244203,0.08571428552269936,0.049992882880797285,-0.035703259520257324,1.8143121644748073e-05,12,28c2715fbc9b16a75dc7e849a907a807c5097918ff49a92fd0b76583533998a8,87c0cf2e0f6e4cf5cf1ed4a0f6eb27af0115a73f61e811e17185afa0d20e738e
e935be4a08f19bb3,late,10,fcad8cfae734430553f0203176f5f90545c7b64a894404e7d769347097bcc1a0,0.08214636242016889,0.12857142847563538,0.08571160892290929,-0.04642506605546649,-0.003565246502740399,18,28c2715fbc9b16a75dc7e849a907a807c5097918ff49a92fd0b76583533998a8,87c0cf2e0f6e4cf5cf1ed4a0f6eb27af0115a73f61e811e17185afa0d20e738e
e70a019fe84490e1,late,10,fcad8cfae734430553f0203176f5f90545c7b64a894404e7d769347097bcc1a0,0.028571428579031204,0.042857142868546805,0.024994643518167586,-0.0142857142895156,0.0035767850608636187,6,28c2715fbc9b16a75dc7e849a907a807c5097918ff49a92fd0b76583533998a8,87c0cf2e0f6e4cf5cf1ed4a0f6eb27af0115a73f61e811e17185afa0d20e738e
9e3b391509c72b22,mid,10,fcad8cfae734430553f0203176f5f90545c7b64a894404e7d769347097bcc1a0,0.025000044575759304,0.042857142820650215,0.028573602253987446,-0.01785709824489091,-0.003573557678228142,6,28c2715fbc9b16a75dc7e849a907a807c5097918ff49a92fd0b76583533998a8,87c0cf2e0f6e4cf5cf1ed4a0f6eb27af0115a73f61e811e17185afa0d20e738e
85bae8f3c9ae0365,mid,10,fcad8cfae734430553f0203176f5f90545c7b64a894404e7d769347097bcc1a0,0.02499658056934511,0.04285714278871916,0.028570994423056828,-0.01786056221937405,-0.003574413853711718,6,28c2715fbc9b16a75dc7e849a907a807c5097918ff49a92fd0b76583533998a8,87c0cf2e0f6e4cf5cf1ed4a0f6eb27af0115a73f61e811e17185afa0d20e738e
c3f583a297ecfc3c,mid,10,fcad8cfae734430553f0203176f5f90545c7b64a894404e7d769347097bcc1a0,0.025007956372558305,0.042857142772753626,0.02499727490092499,-0.01784918640019532,1.0681471633314232e-05,6,28c2715fbc9b16a75dc7e849a907a807c5097918ff49a92fd0b76583533998a8,87c0cf2e0f6e4cf5cf1ed4a0f6eb27af0115a73f61e811e17185afa0d20e738e
0a43f69ab365b4d3,mid,10,fcad8cfae734430553f0203176f5f90545c7b64a894404e7d769347097bcc1a0,0.025000044622325423,0.04285714280924627,0.025000023601044474,-0.017857098186920845,2.1021280948579912e-08,6,28c2715fbc9b16a75dc7e849a907a807c5097918ff49a92fd0b76583533998a8,87c0cf2e0f6e4cf5cf1ed4a0f6eb27af0115a73f61e811e17185afa0d20e738e
acf4b5c3199cdd7c,mid,10,fcad8cfae734430553f0203176f5f90545c7b64a894404e7d769347097bcc1a0,0.053568009205392425,0.08571428566866991,0.04642017624930602,-0.03214627646327749,0.007147832956086404,12,28c2715fbc9b16a75dc7e849a907a807c5097918ff49a92fd0b76583533998a8,87c0cf2e0f6e4cf5cf1ed4a0f6eb27af0115a73f61e811e17185afa0d20e738e
ffb26c129585a7ef,mid,10,fcad8cfae734430553f0203176f5f90545c7b64a894404e7d769347097bcc1a0,0.024994410813925085,0.042857142811527055,0.02856848098490017,-0.01786273199760197,-0.0035740701709750834,6,28c2715fbc9b16a75dc7e849a907a807c5097918ff49a92fd0b76583533998a8,87c0cf2e0f6e4cf5cf1ed4a0f6eb27af0115a73f61e811e17185afa0d20e738e
7ffa0a410b2e3d2a,mid,10,fcad8cfae734430553f0203176f5f90545c7b64a894404e7d769347097bcc1a0,0.04999715417890021,0.08571428559112305,0.04643732361209139,-0.035717131412222845,0.003559830566808822,12,28c2715fbc9b16a75dc7e849a907a807c5097918ff49a92fd0b76583533998a8,87c0cf2e0f6e4cf5cf1ed4a0f6eb27af0115a73f61e811e17185afa0d20e738e
afa1bb89512b7e7a,mid,10,fcad8cfae734430553f0203176f5f90545c7b64a894404e7d769347097bcc1a0,0.02499658054673037,0.04285714274994573,0.02857575228474713,-0.01786056220321536,-0.0035791717380167613,6,28c2715fbc9b16a75dc7e849a907a807c5097918ff49a92fd0b76583533998a8,87c0cf2e0f6e4cf5cf1ed4a0f6eb27af0115a73f61e811e17185afa0d20e738e
bb9c5a54bd21082d,mid,10,fcad8cfae734430553f0203176f5f90545c7b64a894404e7d769347097bcc1a0,0.024995733174900895,0.04285714279328074,0.035714356548019716,-0.017861409618379846,-0.01071862337311882,6,28c2715fbc9b16a75dc7e849a907a807c5097918ff49a92fd0b76583533998a8,87c0cf2e0f6e4cf5cf1ed4a0f6eb27af0115a73f61e811e17185afa0d20e738e
057097684e7e5a87,mid,10,fcad8cfae734430553f0203176f5f90545c7b64a894404e7d769347097bcc1a0,0.021432456155591657,0.04285714284573891,0.03214758942378749,-0.021424686690147254,-0.010715133268195832,6,28c2715fbc9b16a75dc7e849a907a807c5097918ff49a92fd0b76583533998a8,87c0cf2e0f6e4cf5cf1ed4a0f6eb27af0115a73f61e811e17185afa0d20e738e
72331df48a7d2dac,mid,10,fcad8cfae734430553f0203176f5f90545c7b64a894404e7d769347097bcc1a0,0.024996706908567163,0.042857142877669965,0.028576405679391306,-0.017860435969102802,-0.0035796987708241433,6,28c2715fbc9b16a75dc7e849a907a807c5097918ff49a92fd0b76583533998a8,87c0cf2e0f6e4cf5cf1ed4a0f6eb27af0115a73f61e811e17185afa0d20e738e
61874ccf7e96711e,mid,10,fcad8cfae734430553f0203176f5f90545c7b64a894404e7d769347097bcc1a0,0.021433085321013994,0.04285714287995076,0.028573357648388274,-0.021424057558936765,-0.00714027232737428,6,28c2715fbc9b16a75dc7e849a907a807c5097918ff49a92fd0b76583533998a8,87c0cf2e0f6e4cf5cf1ed4a0f6eb27af0115a73f61e811e17185afa0d20e738e
4b8d3d7dd8c4e0ae,mid,10,fcad8cfae734430553f0203176f5f90545c7b64a894404e7d769347097bcc1a0,0.0499983785461135,0.08571428554094568,0.05356771179418622,-0.03571590699483218,-0.003569333248072723,12,28c2715fbc9b16a75dc7e849a907a807c5097918ff49a92fd0b76583533998a8,87c0cf2e0f6e4cf5cf1ed4a0f6eb27af0115a73f61e811e17185afa0d20e738e
d5f8df6e4fc6622d,mid,10,fcad8cfae734430553f0203176f5f90545c7b64a894404e7d769347097bcc1a0,0.025008245895472254,0.04285714279784232,0.0321421876104976,-0.017848896902370067,-0.007133941715025346,6,28c2715fbc9b16a75dc7e849a907a807c5097918ff49a92fd0b76583533998a8,87c0cf2e0f6e4cf5cf1ed4a0f6eb27af0115a73f61e811e17185afa0d20e738e
e0cdbab80d258594,mid,10,fcad8cfae734430553f0203176f5f90545c7b64a894404e7d769347097bcc1a0,0.024995933395947367,0.042857142816088635,0.024998486443823322,-0.01786120942014127,-2.553047875955561e-06,6,28c2715fbc9b16a75dc7e849a907a807c5097918ff49a92fd0b76583533998a8,87c0cf2e0f6e4cf5cf1ed4a0f6eb27af0115a73f61e811e17185afa0d20e738e
4456aeaef4126487,mid,10,fcad8cfae734430553f0203176f5f90545c7b64a894404e7d769347097bcc1a0,0.024995733160268326,0.042857142768192046,0.028577967993141246,-0.01786140960792372,-0.00358223483287292,6,28c2715fbc9b16a75dc7e849a907a807c5097918ff49a92fd0b76583533998a8,87c0cf2e0f6e4cf5cf1ed4a0f6eb27af0115a73f61e811e17185afa0d20e738e
4dca2566ec2be9b6,late,15,ab9ac3e2e12d002cc9dfed7f55451654df52f920b916df4e0dd45feb31cb9696,0.05356060543421704,0.08571428563217727,0.06071757636469835,-0.03215368019796023,-0.007156970930481309,12,28c2715fbc9b16a75dc7e849a907a807c5097918ff49a92fd0b76583533998a8,87c0cf2e0f6e4cf5cf1ed4a0f6eb27af0115a73f61e811e17185afa0d20e738e
42be4c9c478fcf87,mid,15,ab9ac3e2e12d002cc9dfed7f55451654df52f920b916df4e0dd45feb31cb9696,0.024993431524238097,0.042857142873108385,0.03571528022044508,-0.017863711348870288,-0.010721848696206984,6,28c2715fbc9b16a75dc7e849a907a807c5097918ff49a92fd0b76583533998a8,87c0cf2e0f6e4cf5cf1ed4a0f6eb27af0115a73f61e811e17185afa0d20e738e
e9cae6ed68f487bd,late,15,ab9ac3e2e12d002cc9dfed7f55451654df52f920b916df4e0dd45feb31cb9696,0.02499336388760026,0.04285714287995076,0.02499080988178871,-0.017863778992350497,2.554005811550991e-06,6,28c2715fbc9b16a75dc7e849a907a807c5097918ff49a92fd0b76583533998a8,87c0cf2e0f6e4cf5cf1ed4a0f6eb27af0115a73f61e811e17185afa0d20e738e
8aad5b2f419c6072,late,15,ab9ac3e2e12d002cc9dfed7f55451654df52f920b916df4e0dd45feb31cb9696,0.07857454182047813,0.12857142852353198,0.0749803754088675,-0.049996886703053856,0.0035941664116106303,18,28c2715fbc9b16a75dc7e849a907a807c5097918ff49a92fd0b76583533998a8,87c0cf2e0f6e4cf5cf1ed4a0f6eb27af0115a73f61e811e17185afa0d20e738e
5fbcbd0c5df88ebb,late,15,ab9ac3e2e12d002cc9dfed7f55451654df52f920b916df4e0dd45feb31cb9696,0.053572491738869674,0.08571428575077836,0.053562078700986115,-0.032141794011908684,1.0413037883558185e-05,12,28c2715fbc9b16a75dc7e849a907a807c5097918ff49a92fd0b76583533998a8,87c0cf2e0f6e4cf5cf1ed4a0f6eb27af0115a73f61e811e17185afa0d20e738e
114b4dce6f7bfe50,late,15,ab9ac3e2e12d002cc9dfed7f55451654df52f920b916df4e0dd45feb31cb9696,0.07854592813179846,0.12857142852353198,0.08215419311741211,-0.05002550039173352,-0.003608264985613646,18,28c2715fbc9b16a75dc7e849a907a807c5097918ff49a92fd0b76583533998a8,87c0cf2e0f6e4cf5cf1ed4a0f6eb27af0115a73f61e811e17185afa0d20e738e
916e555f6c4000ff,late,15,ab9ac3e2e12d002cc9dfed7f55451654df52f920b916df4e0dd45feb31cb9696,0.024990672328119187,0.042857142816088635,0.025015484251599295,-0.01786647048796945,-2.481192348010794e-05,6,28c2715fbc9b16a75dc7e849a907a807c5097918ff49a92fd0b76583533998a8,87c0cf2e0f6e4cf5cf1ed4a0f6eb27af0115a73f61e811e17185afa0d20e738e
6264497eaa048e7d,late,15,ab9ac3e2e12d002cc9dfed7f55451654df52f920b916df4e0dd45feb31cb9696,0.04996877101116116,0.08571428573709361,0.06070301055394725,-0.03574551472593245,-0.010734239542786093,12,28c2715fbc9b16a75dc7e849a907a807c5097918ff49a92fd0b76583533998a8,87c0cf2e0f6e4cf5cf1ed4a0f6eb27af0115a73f61e811e17185afa0d20e738e
cd631ab31fac34e8,late,15,ab9ac3e2e12d002cc9dfed7f55451654df52f920b916df4e0dd45feb31cb9696,0.028571428387444846,0.042857142820650215,0.02500110298395063,-0.014285714433205369,0.0035703254034942164,6,28c2715fbc9b16a75dc7e849a907a807c5097918ff49a92fd0b76583533998a8,87c0cf2e0f6e4cf5cf1ed4a0f6eb27af0115a73f61e811e17185afa0d20e738e
2fa902a4bde72d4f,late,15,ab9ac3e2e12d002cc9dfed7f55451654df52f920b916df4e0dd45feb31cb9696,0.07857225126149633,0.12857142846195066,0.07857840341876371,-0.049999177200454326,-6.152157267375058e-06,18,28c2715fbc9b16a75dc7e849a907a807c5097918ff49a92fd0b76583533998a8,87c0cf2e0f6e4cf5cf1ed4a0f6eb27af0115a73f61e811e17185afa0d20e738e
58de86eedc55d29f,late,15,ab9ac3e2e12d002cc9dfed7f55451654df52f920b916df4e0dd45feb31cb9696,0.07857346515000073,0.12857142850984724,0.07855818656368853,-0.049997963359846506,1.5278586312200693e-05,18,28c2715fbc9b16a75dc7e849a907a807c5097918ff49a92fd0b76583533998a8,87c0cf2e0f6e4cf5cf1ed4a0f6eb27af0115a73f61e811e17185afa0d20e738e
55c6be1343917df6,late,15,ab9ac3e2e12d002cc9dfed7f55451654df52f920b916df4e0dd45feb31cb9696,0.07857221905598151,0.1285714284482659,0.08574493029589053,-0.0499992093922844,-0.0071727112399090215,18,28c2715fbc9b16a75dc7e849a907a807c5097918ff49a92fd0b76583533998a8,87c0cf2e0f6e4cf5cf1ed4a0f6eb27af0115a73f61e811e17185afa0d20e738e
5c46d4cab0649bd7,late,15,ab9ac3e2e12d002cc9dfed7f55451654df52f920b916df4e0dd45feb31cb9696,0.0785734654879355,0.12857142836615748,0.0857094197096951,-0.049997962878221974,-0.007135954221759597,18,28c2715fbc9b16a75dc7e849a907a807c5097918ff49a92fd0b76583533998a8,87c0cf2e0f6e4cf5cf1ed4a0f6eb27af0115a73f61e811e17185afa0d20e738e
30fc470f7401da0c,late,15,ab9ac3e2e12d002cc9dfed7f55451654df52f920b916df4e0dd45feb31cb9696,0.02857142865809859,0.04285714282749259,0.0214355440395931,-0.014285714169394,0.0071358846185054885,6,28c2715fbc9b16a75dc7e849a907a807c5097918ff49a92fd0b76583533998a8,87c0cf2e0f6e4cf5cf1ed4a0f6eb27af0115a73f61e811e17185afa0d20e738e
36b2c85b266010b4,late,15,ab9ac3e2e12d002cc9dfed7f55451654df52f920b916df4e0dd45feb31cb9696,0.07857038747595259,0.12857142859879805,0.08928819034552749,-0.050001041122845466,-0.010717802869574897,18,28c2715fbc9b16a75dc7e849a907a807c5097918ff49a92fd0b76583533998a8,87c0cf2e0f6e4cf5cf1ed4a0f6eb27af0115a73f61e811e17185afa0d20e738e
149aab874634a179,late,15,ab9ac3e2e12d002cc9dfed7f55451654df52f920b916df4e0dd45feb31cb9696,0.028571428556223306,0.042857142834334956,0.02497061654660818,-0.01428571427811165,0.0036008120096151265,6,28c2715fbc9b16a75dc7e849a907a807c5097918ff49a92fd0b76583533998a8,87c0cf2e0f6e4cf5cf1ed4a0f6eb27af0115a73f61e811e17185afa0d20e738e
b3a6c7628630359d,late,15,ab9ac3e2e12d002cc9dfed7f55451654df52f920b916df4e0dd45feb31cb9696,0.032142584932283766,0.057142857145898195,0.039281164377889526,-0.02500027221361443,-0.00713857944560576,8,28c2715fbc9b16a75dc7e849a907a807c5097918ff49a92fd0b76583533998a8,87c0cf2e0f6e4cf5cf1ed4a0f6eb27af0115a73f61e811e17185afa0d20e738e
6fefd9d7d54089c4,late,15,ab9ac3e2e12d002cc9dfed7f55451654df52f920b916df4e0dd45feb31cb9696,0.024987861914572473,0.04285714281380785,0.02856343023783899,-0.017869280899235375,-0.0035755683232665154,6,28c2715fbc9b16a75dc7e849a907a807c5097918ff49a92fd0b76583533998a8,87c0cf2e0f6e4cf5cf1ed4a0f6eb27af0115a73f61e811e17185afa0d20e738e
df88e8a71a960d88,late,15,ab9ac3e2e12d002cc9dfed7f55451654df52f920b916df4e0dd45feb31cb9696,0.0749840221075109,0.1285714285440591,0.0821618455686395,-0.05358740643654819,-0.0071778234611285935,18,28c2715fbc9b16a75dc7e849a907a807c5097918ff49a92fd0b76583533998a8,87c0cf2e0f6e4cf5cf1ed4a0f6eb27af0115a73f61e811e17185afa0d20e738e
7c1c7ae6205df8bc,late,15,ab9ac3e2e12d002cc9dfed7f55451654df52f920b916df4e0dd45feb31cb9696,0.09999712285719038,0.1714285712552314,0.10357683859936041,-0.07143144839804101,-0.003579715742170031,24,28c2715fbc9b16a75dc7e849a907a807c5097918ff49a92fd0b76583533998a8,87c0cf2e0f6e4cf5cf1ed4a0f6eb27af0115a73f61e811e17185afa0d20e738e
0e6caa2b89c5671e,late,15,ab9ac3e2e12d002cc9dfed7f55451654df52f920b916df4e0dd45feb31cb9696,0.14641185944919013,0.2571428571291724,0.16781937415217613,-0.11073099767998226,-0.02140751470298599,36,28c2715fbc9b16a75dc7e849a907a807c5097918ff49a92fd0b76583533998a8,87c0cf2e0f6e4cf5cf1ed4a0f6eb27af0115a73f61e811e17185afa0d20e738e
d3e8b63f8afb91f4,late,15,ab9ac3e2e12d002cc9dfed7f55451654df52f920b916df4e0dd45feb31cb9696,0.07500392506032055,0.12857142855090145,0.07499342075283079,-0.0535675034905809,1.0504307489764275e-05,18,28c2715fbc9b16a75dc7e849a907a807c5097918ff49a92fd0b76583533998a8,87c0cf2e0f6e4cf5cf1ed4a0f6eb27af0115a73f61e811e17185afa0d20e738e
9af16211b24685c6,late,15,ab9ac3e2e12d002cc9dfed7f55451654df52f920b916df4e0dd45feb31cb9696,0.04998039852559922,0.08571428579183257,0.05712817508041747,-0.035733887266233354,-0.007147776554818248,12,28c2715fbc9b16a75dc7e849a907a807c5097918ff49a92fd0b76583533998a8,87c0cf2e0f6e4cf5cf1ed4a0f6eb27af0115a73f61e811e17185afa0d20e738e
db1e347046310118,late,15,ab9ac3e2e12d002cc9dfed7f55451654df52f920b916df4e0dd45feb31cb9696,0.024998532983341232,0.04285714286170444,0.0249983742859745,-0.017858609878363206,1.58697366730437e-07,6,28c2715fbc9b16a75dc7e849a907a807c5097918ff49a92fd0b76583533998a8,87c0cf2e0f6e4cf5cf1ed4a0f6eb27af0115a73f61e811e17185afa0d20e738e
56a7dde81d335df3,late,15,ab9ac3e2e12d002cc9dfed7f55451654df52f920b916df4e0dd45feb31cb9696,0.07856104738630534,0.12857142853037434,0.08570518831513656,-0.050010381144069,-0.0071441409288312135,18,28c2715fbc9b16a75dc7e849a907a807c5097918ff49a92fd0b76583533998a8,87c0cf2e0f6e4cf5cf1ed4a0f6eb27af0115a73f61e811e17185afa0d20e738e
48c43bbbdab973de,late,15,ab9ac3e2e12d002cc9dfed7f55451654df52f920b916df4e0dd45feb31cb9696,0.049975218544035735,0.08571428575990152,0.05001134279051601,-0.03573906721586578,-3.612424648027218e-05,12,28c2715fbc9b16a75dc7e849a907a807c5097918ff49a92fd0b76583533998a8,87c0cf2e0f6e4cf5cf1ed4a0f6eb27af0115a73f61e811e17185afa0d20e738e
23cf443537af1aae,late,15,ab9ac3e2e12d002cc9dfed7f55451654df52f920b916df4e0dd45feb31cb9696,0.024990296838806627,0.04285714285030049,0.03214028482477469,-0.017866846011493864,-0.007149987985968064,6,28c2715fbc9b16a75dc7e849a907a807c5097918ff49a92fd0b76583533998a8,87c0cf2e0f6e4cf5cf1ed4a0f6eb27af0115a73f61e811e17185afa0d20e738e
0aaa7c8b0c525308,late,15,ab9ac3e2e12d002cc9dfed7f55451654df52f920b916df4e0dd45feb31cb9696,0.06428728832045971,0.11428571427355007,0.06787415726186184,-0.049998425953090356,-0.00358686894140213,16,28c2715fbc9b16a75dc7e849a907a807c5097918ff49a92fd0b76583533998a8,87c0cf2e0f6e4cf5cf1ed4a0f6eb27af0115a73f61e811e17185afa0d20e738e
d83a5c8ba6bc761e,late,15,ab9ac3e2e12d002cc9dfed7f55451654df52f920b916df4e0dd45feb31cb9696,0.06428739184589598,0.1142857142066469,0.06428419607900644,-0.04999832236075093,3.1957668895354896e-06,16,28c2715fbc9b16a75dc7e849a907a807c5097918ff49a92fd0b76583533998a8,87c0cf2e0f6e4cf5cf1ed4a0f6eb27af0115a73f61e811e17185afa0d20e738e
f1046a806aadfbe0,late,15,ab9ac3e2e12d002cc9dfed7f55451654df52f920b916df4e0dd45feb31cb9696,0.06428739172615139,0.11428571399377317,0.07499818410192681,-0.049998322267621784,-0.010710792375775421,16,28c2715fbc9b16a75dc7e849a907a807c5097918ff49a92fd0b76583533998a8,87c0cf2e0f6e4cf5cf1ed4a0f6eb27af0115a73f61e811e17185afa0d20e738e
6fc2092861b32642,late,15,ab9ac3e2e12d002cc9dfed7f55451654df52f920b916df4e0dd45feb31cb9696,0.06428774033919946,0.11428571414582583,0.07498032377636074,-0.04999797380662638,-0.010692583437161285,16,28c2715fbc9b16a75dc7e849a907a807c5097918ff49a92fd0b76583533998a8,87c0cf2e0f6e4cf5cf1ed4a0f6eb27af0115a73f61e811e17185afa0d20e738e
776d096fbd7a62b8,late,15,ab9ac3e2e12d002cc9dfed7f55451654df52f920b916df4e0dd45feb31cb9696,0.021434526898501265,0.042857142873108385,0.024990625316273656,-0.02142261597460712,-0.00355609841777239,6,28c2715fbc9b16a75dc7e849a907a807c5097918ff49a92fd0b76583533998a8,87c0cf2e0f6e4cf5cf1ed4a0f6eb27af0115a73f61e811e17185afa0d20e738e
460752ddf653e004,late,15,ab9ac3e2e12d002cc9dfed7f55451654df52f920b916df4e0dd45feb31cb9696,0.07497595119425915,0.12857142842089644,0.08213775393116524,-0.053595477226637295,-0.007161802736906087,18,28c2715fbc9b16a75dc7e849a907a807c5097918ff49a92fd0b76583533998a8,87c0cf2e0f6e4cf5cf1ed4a0f6eb27af0115a73f61e811e17185afa0d20e738e
30bcc4667ee54d7c,mid,15,ab9ac3e2e12d002cc9dfed7f55451654df52f920b916df4e0dd45feb31cb9696,0.021404868043884376,0.042857142854862064,0.0285706045889125,-0.021452274810977688,-0.007165736545028126,6,28c2715fbc9b16a75dc7e849a907a807c5097918ff49a92fd0b76583533998a8,87c0cf2e0f6e4cf5cf1ed4a0f6eb27af0115a73f61e811e17185afa0d20e738e
7d4b1fee8b0f3782,late,15,ab9ac3e2e12d002cc9dfed7f55451654df52f920b916df4e0dd45feb31cb9696,0.024994220878668653,0.04285714281380785,0.021456581864629735,-0.017862921935139196,0.003537639014038918,6,28c2715fbc9b16a75dc7e849a907a807c5097918ff49a92fd0b76583533998a8,87c0cf2e0f6e4cf5cf1ed4a0f6eb27af0115a73f61e811e17185afa0d20e738e
8997c4eba59e8594,mid,15,ab9ac3e2e12d002cc9dfed7f55451654df52f920b916df4e0dd45feb31cb9696,0.024988869436609117,0.04285714288907392,0.025012397837967403,-0.017868273452464802,-2.352840135828524e-05,6,28c2715fbc9b16a75dc7e849a907a807c5097918ff49a92fd0b76583533998a8,87c0cf2e0f6e4cf5cf1ed4a0f6eb27af0115a73f61e811e17185afa0d20e738e
bac2b3a89002d2a2,late,15,ab9ac3e2e12d002cc9dfed7f55451654df52f920b916df4e0dd45feb31cb9696,0.10357640938548231,0.17142857141944826,0.1107098496327065,-0.06785216203396595,-0.00713344024722419,24,28c2715fbc9b16a75dc7e849a907a807c5097918ff49a92fd0b76583533998a8,87c0cf2e0f6e4cf5cf1ed4a0f6eb27af0115a73f61e811e17185afa0d20e738e
44564f38d84c578b,late,15,ab9ac3e2e12d002cc9dfed7f55451654df52f920b916df4e0dd45feb31cb9696,0.05357189520775235,0.08571428548620671,0.0535643330281219,-0.032142390278454364,7.562179630452026e-06,12,28c2715fbc9b16a75dc7e849a907a807c5097918ff49a92fd0b76583533998a8,87c0cf2e0f6e4cf5cf1ed4a0f6eb27af0115a73f61e811e17185afa0d20e738e
60ac7ed07a88c8b5,late,15,ab9ac3e2e12d002cc9dfed7f55451654df52f920b916df4e0dd45feb31cb9696,0.04999867894819833,0.0857142856960394,0.057117845850944975,-0.035715606747841064,-0.0071191669027466445,12,28c2715fbc9b16a75dc7e849a907a807c5097918ff49a92fd0b76583533998a8,87c0cf2e0f6e4cf5cf1ed4a0f6eb27af0115a73f61e811e17185afa0d20e738e
624b9c4f6e51f9fa,late,15,ab9ac3e2e12d002cc9dfed7f55451654df52f920b916df4e0dd45feb31cb9696,0.09999856835497148,0.17142857158366515,0.09645414504833096,-0.07143000322869367,0.0035444233066405234,24,28c2715fbc9b16a75dc7e849a907a807c5097918ff49a92fd0b76583533998a8,87c0cf2e0f6e4cf5cf1ed4a0f6eb27af0115a73f61e811e17185afa0d20e738e
3b961a569be80755,late,15,ab9ac3e2e12d002cc9dfed7f55451654df52f920b916df4e0dd45feb31cb9696,0.02498879477516124,0.04285714280468469,0.02143665719814369,-0.01786834802952345,0.0035521375770175487,6,28c2715fbc9b16a75dc7e849a907a807c5097918ff49a92fd0b76583533998a8,87c0cf2e0f6e4cf5cf1ed4a0f6eb27af0115a73f61e811e17185afa0d20e738e
5fb8d2642e68cf72,late,15,ab9ac3e2e12d002cc9dfed7f55451654df52f920b916df4e0dd45feb31cb9696,0.09998842374556181,0.1714285712096156,0.1214248211301759,-0.07144014746405379,-0.021436397384614087,24,28c2715fbc9b16a75dc7e849a907a807c5097918ff49a92fd0b76583533998a8,87c0cf2e0f6e4cf5cf1ed4a0f6eb27af0115a73f61e811e17185afa0d20e738e
499e4e4687fe7f82,late,15,ab9ac3e2e12d002cc9dfed7f55451654df52f920b916df4e0dd45feb31cb9696,0.024993363870308864,0.04285714285030049,0.025010788543148105,-0.017863778979991626,-1.742467283924118e-05,6,28c2715fbc9b16a75dc7e849a907a807c5097918ff49a92fd0b76583533998a8,87c0cf2e0f6e4cf5cf1ed4a0f6eb27af0115a73f61e811e17185afa0d20e738e
18ee6c5df8159acb,late,15,ab9ac3e2e12d002cc9dfed7f55451654df52f920b916df4e0dd45feb31cb9696,0.0499750567280847,0.08571428570516255,0.057163705617491296,-0.035739228977077854,-0.007188648889406596,12,28c2715fbc9b16a75dc7e849a907a807c5097918ff49a92fd0b76583533998a8,87c0cf2e0f6e4cf5cf1ed4a0f6eb27af0115a73f61e811e17185afa0d20e738e
6f26e2f61472d2ba,late,15,ab9ac3e2e12d002cc9dfed7f55451654df52f920b916df4e0dd45feb31cb9696,0.024990296665851886,0.04285714282749259,0.028560599664955916,-0.017866846161640703,-0.0035703029991040296,6,28c2715fbc9b16a75dc7e849a907a807c5097918ff49a92fd0b76583533998a8,87c0cf2e0f6e4cf5cf1ed4a0f6eb27af0115a73f61e811e17185afa0d20e738e
a1b85cd1b385605f,late,15,ab9ac3e2e12d002cc9dfed7f55451654df52f920b916df4e0dd45feb31cb9696,0.09996096221465683,0.17142857135558615,0.1285561739318898,-0.07146760914092931,-0.028595211717232977,24,28c2715fbc9b16a75dc7e849a907a807c5097918ff49a92fd0b76583533998a8,87c0cf2e0f6e4cf5cf1ed4a0f6eb27af0115a73f61e811e17185afa0d20e738e
c6d589ffd6239ce1,mid,15,ab9ac3e2e12d002cc9dfed7f55451654df52f920b916df4e0dd45feb31cb9696,0.024988567689448904,0.04285714280012311,0.024998854759283824,-0.017868575110674204,-1.0287069834920282e-05,6,28c2715fbc9b16a75dc7e849a907a807c5097918ff49a92fd0b76583533998a8,87c0cf2e0f6e4cf5cf1ed4a0f6eb27af0115a73f61e811e17185afa0d20e738e
adac1ce9ac05888c,late,15,ab9ac3e2e12d002cc9dfed7f55451654df52f920b916df4e0dd45feb31cb9696,0.053555310413962776,0.08571428571884729,0.057131025677128085,-0.03215897530488451,-0.003575715263165309,12,28c2715fbc9b16a75dc7e849a907a807c5097918ff49a92fd0b76583533998a8,87c0cf2e0f6e4cf5cf1ed4a0f6eb27af0115a73f61e811e17185afa0d20e738e
30a0e035ac98894a,late,15,ab9ac3e2e12d002cc9dfed7f55451654df52f920b916df4e0dd45feb31cb9696,0.05356502809694835,0.08571428571428572,0.053566511560763634,-0.03214925761733736,-1.4834638152813606e-06,12,28c2715fbc9b16a75dc7e849a907a807c5097918ff49a92fd0b76583533998a8,87c0cf2e0f6e4cf5cf1ed4a0f6eb27af0115a73f61e811e17185afa0d20e738e
298e329d46985be6,late,15,ab9ac3e2e12d002cc9dfed7f55451654df52f920b916df4e0dd45feb31cb9696,0.053555310134553995,0.08571428578270941,0.042847574163904875,-0.03215897564815542,0.01070773597064912,12,28c2715fbc9b16a75dc7e849a907a807c5097918ff49a92fd0b76583533998a8,87c0cf2e0f6e4cf5cf1ed4a0f6eb27af0115a73f61e811e17185afa0d20e738e
db46035c8bb13484,late,15,ab9ac3e2e12d002cc9dfed7f55451654df52f920b916df4e0dd45feb31cb9696,0.05356502827846497,0.08571428566410834,0.057116618719043326,-0.03214925738564337,-0.003551590440578359,12,28c2715fbc9b16a75dc7e849a907a807c5097918ff49a92fd0b76583533998a8,87c0cf2e0f6e4cf5cf1ed4a0f6eb27af0115a73f61e811e17185afa0d20e738e
868e275bc02ed9aa,late,15,ab9ac3e2e12d002cc9dfed7f55451654df52f920b916df4e0dd45feb31cb9696,0.04999582733160883,0.0857142856732315,0.06070159974128463,-0.03571845834162267,-0.010705772409675803,12,28c2715fbc9b16a75dc7e849a907a807c5097918ff49a92fd0b76583533998a8,87c0cf2e0f6e4cf5cf1ed4a0f6eb27af0115a73f61e811e17185afa0d20e738e
33ddae0fd74c1095,late,15,ab9ac3e2e12d002cc9dfed7f55451654df52f920b916df4e0dd45feb31cb9696,0.053559996075549295,0.08571428570516255,0.06071724726039201,-0.03215428962961326,-0.007157251184842714,12,28c2715fbc9b16a75dc7e849a907a807c5097918ff49a92fd0b76583533998a8,87c0cf2e0f6e4cf5cf1ed4a0f6eb27af0115a73f61e811e17185afa0d20e738e
461699d7bb412c04,late,15,ab9ac3e2e12d002cc9dfed7f55451654df52f920b916df4e0dd45feb31cb9696,0.05355531024099086,0.08571428578270941,0.06425882221140405,-0.03215897554171855,-0.010703511970413193,12,28c2715fbc9b16a75dc7e849a907a807c5097918ff49a92fd0b76583533998a8,87c0cf2e0f6e4cf5cf1ed4a0f6eb27af0115a73f61e811e17185afa0d20e738e
071ab07e1e38a628,late,15,ab9ac3e2e12d002cc9dfed7f55451654df52f920b916df4e0dd45feb31cb9696,0.05356502819864686,0.08571428553638409,0.05358168269429432,-0.032149257337737235,-1.6654495647465406e-05,12,28c2715fbc9b16a75dc7e849a907a807c5097918ff49a92fd0b76583533998a8,87c0cf2e0f6e4cf5cf1ed4a0f6eb27af0115a73f61e811e17185afa0d20e738e
42accf704c38cba0,late,15,ab9ac3e2e12d002cc9dfed7f55451654df52f920b916df4e0dd45feb31cb9696,0.05355531016590542,0.08571428583288679,0.05356124221174804,-0.032158975666981365,-5.932045842614586e-06,12,28c2715fbc9b16a75dc7e849a907a807c5097918ff49a92fd0b76583533998a8,87c0cf2e0f6e4cf5cf1ed4a0f6eb27af0115a73f61e811e17185afa0d20e738e
c10ec77ff32ffa91,late,15,ab9ac3e2e12d002cc9dfed7f55451654df52f920b916df4e0dd45feb31cb9696,0.028571428428499065,0.0428571428024039,0.025000218802264478,-0.014285714373904836,0.0035712096262345873,6,28c2715fbc9b16a75dc7e849a907a807c5097918ff49a92fd0b76583533998a8,87c0cf2e0f6e4cf5cf1ed4a0f6eb27af0115a73f61e811e17185afa0d20e738e
54793d67d9944eb8,late,15,ab9ac3e2e12d002cc9dfed7f55451654df52f920b916df4e0dd45feb31cb9696,0.05355531002148284,0.08571428568691623,0.050002362137393536,-0.032158975665433395,0.0035529478840893025,12,28c2715fbc9b16a75dc7e849a907a807c5097918ff49a92fd0b76583533998a8,87c0cf2e0f6e4cf5cf1ed4a0f6eb27af0115a73f61e811e17185afa0d20e738e
8f08729d2995a817,late,15,ab9ac3e2e12d002cc9dfed7f55451654df52f920b916df4e0dd45feb31cb9696,0.025000489387394943,0.04285714284117733,0.03213553038958201,-0.017856653453782387,-0.007135041002187065,6,28c2715fbc9b16a75dc7e849a907a807c5097918ff49a92fd0b76583533998a8,87c0cf2e0f6e4cf5cf1ed4a0f6eb27af0115a73f61e811e17185afa0d20e738e
07e3a9d289c6178d,late,15,ab9ac3e2e12d002cc9dfed7f55451654df52f920b916df4e0dd45feb31cb9696,0.09998059401022433,0.17142857143769458,0.10357135497584787,-0.07144797742747025,-0.003590760965623538,24,28c2715fbc9b16a75dc7e849a907a807c5097918ff49a92fd0b76583533998a8,87c0cf2e0f6e4cf5cf1ed4a0f6eb27af0115a73f61e811e17185afa0d20e738e
7102b379fd198e9c,late,15,ab9ac3e2e12d002cc9dfed7f55451654df52f920b916df4e0dd45feb31cb9696,0.07499413868146283,0.12857142857142856,0.07498251747872148,-0.053577289889965726,1.1621202741354808e-05,18,28c2715fbc9b16a75dc7e849a907a807c5097918ff49a92fd0b76583533998a8,87c0cf2e0f6e4cf5cf1ed4a0f6eb27af0115a73f61e811e17185afa0d20e738e
d722ebf1d24090c6,late,15,ab9ac3e2e12d002cc9dfed7f55451654df52f920b916df4e0dd45feb31cb9696,0.04997977641280125,0.0857142856276157,0.05715025466010747,-0.03573450921481445,-0.007170478247306225,12,28c2715fbc9b16a75dc7e849a907a807c5097918ff49a92fd0b76583533998a8,87c0cf2e0f6e4cf5cf1ed4a0f6eb27af0115a73f61e811e17185afa0d20e738e
8ce9f2f52718d991,late,15,ab9ac3e2e12d002cc9dfed7f55451654df52f920b916df4e0dd45feb31cb9696,0.0499776985017293,0.08571428572340888,0.0607043861875262,-0.03573658722167958,-0.010726687685796904,12,28c2715fbc9b16a75dc7e849a907a807c5097918ff49a92fd0b76583533998a8,87c0cf2e0f6e4cf5cf1ed4a0f6eb27af0115a73f61e811e17185afa0d20e738e
bf37710c7cf719ac,late,15,ab9ac3e2e12d002cc9dfed7f55451654df52f920b916df4e0dd45feb31cb9696,0.02499267252429439,0.04285714278415758,0.025002818831370868,-0.01786447025986319,-1.01463070764779e-05,6,28c2715fbc9b16a75dc7e849a907a807c5097918ff49a92fd0b76583533998a8,87c0cf2e0f6e4cf5cf1ed4a0f6eb27af0115a73f61e811e17185afa0d20e738e
2180a713bbe5e4f3,late,15,ab9ac3e2e12d002cc9dfed7f55451654df52f920b916df4e0dd45feb31cb9696,0.04999463305143687,0.08571428566410834,0.05357951944484377,-0.03571965261267147,-0.0035848863934068997,12,28c2715fbc9b16a75dc7e849a907a807c5097918ff49a92fd0b76583533998a8,87c0cf2e0f6e4cf5cf1ed4a0f6eb27af0115a73f61e811e17185afa0d20e738e
e935be4a08f19bb3,late,15,ab9ac3e2e12d002cc9dfed7f55451654df52f920b916df4e0dd45feb31cb9696,0.0821476505155017,0.1285714283866846,0.09285735900342737,-0.04642377787118289,-0.01070970848792567,18,28c2715fbc9b16a75dc7e849a907a807c5097918ff49a92fd0b76583533998a8,87c0cf2e0f6e4cf5cf1ed4a0f6eb27af0115a73f61e811e17185afa0d20e738e
e70a019fe84490e1,late,15,ab9ac3e2e12d002cc9dfed7f55451654df52f920b916df4e0dd45feb31cb9696,0.02857142868090649,0.04285714286170444,0.028585133385294795,-0.014285714180797947,-1.3704704388304428e-05,6,28c2715fbc9b16a75dc7e849a907a807c5097918ff49a92fd0b76583533998a8,87c0cf2e0f6e4cf5cf1ed4a0f6eb27af0115a73f61e811e17185afa0d20e738e
9e3b391509c72b22,mid,15,ab9ac3e2e12d002cc9dfed7f55451654df52f920b916df4e0dd45feb31cb9696,0.02499627061853352,0.042857142868546805,0.032150383994023285,-0.017860872250013284,-0.007154113375489764,6,28c2715fbc9b16a75dc7e849a907a807c5097918ff49a92fd0b76583533998a8,87c0cf2e0f6e4cf5cf1ed4a0f6eb27af0115a73f61e811e17185afa0d20e738e
85bae8f3c9ae0365,mid,15,ab9ac3e2e12d002cc9dfed7f55451654df52f920b916df4e0dd45feb31cb9696,0.02498856770939669,0.042857142834334956,0.02500342304951196,-0.017868575124938266,-1.4855340115270399e-05,6,28c2715fbc9b16a75dc7e849a907a807c5097918ff49a92fd0b76583533998a8,87c0cf2e0f6e4cf5cf1ed4a0f6eb27af0115a73f61e811e17185afa0d20e738e
c3f583a297ecfc3c,mid,15,ab9ac3e2e12d002cc9dfed7f55451654df52f920b916df4e0dd45feb31cb9696,0.025011912549701417,0.042857142816088635,0.028571075971941896,-0.017845230266387218,-0.0035591634222404793,6,28c2715fbc9b16a75dc7e849a907a807c5097918ff49a92fd0b76583533998a8,87c0cf2e0f6e4cf5cf1ed4a0f6eb27af0115a73f61e811e17185afa0d20e738e
0a43f69ab365b4d3,mid,15,ab9ac3e2e12d002cc9dfed7f55451654df52f920b916df4e0dd45feb31cb9696,0.02499627051475718,0.042857142873108385,0.025016907079683796,-0.017860872358351206,-2.0636564926616863e-05,6,28c2715fbc9b16a75dc7e849a907a807c5097918ff49a92fd0b76583533998a8,87c0cf2e0f6e4cf5cf1ed4a0f6eb27af0115a73f61e811e17185afa0d20e738e
acf4b5c3199cdd7c,mid,15,ab9ac3e2e12d002cc9dfed7f55451654df52f920b916df4e0dd45feb31cb9696,0.053559996330239945,0.08571428568691623,0.05358583654029481,-0.03215428935667629,-2.584021005486159e-05,12,28c2715fbc9b16a75dc7e849a907a807c5097918ff49a92fd0b76583533998a8,87c0cf2e0f6e4cf5cf1ed4a0f6eb27af0115a73f61e811e17185afa0d20e738e
ffb26c129585a7ef,mid,15,ab9ac3e2e12d002cc9dfed7f55451654df52f920b916df4e0dd45feb31cb9696,0.024989347185130503,0.04285714290047787,0.02859621561762095,-0.017867795715347363,-0.0036068684324904454,6,28c2715fbc9b16a75dc7e849a907a807c5097918ff49a92fd0b76583533998a8,87c0cf2e0f6e4cf5cf1ed4a0f6eb27af0115a73f61e811e17185afa0d20e738e
7ffa0a410b2e3d2a,mid,15,ab9ac3e2e12d002cc9dfed7f55451654df52f920b916df4e0dd45feb31cb9696,0.04998619993351657,0.08571428563217727,0.049993966897689264,-0.0357280856986607,-7.766964172692403e-06,12,28c2715fbc9b16a75dc7e849a907a807c5097918ff49a92fd0b76583533998a8,87c0cf2e0f6e4cf5cf1ed4a0f6eb27af0115a73f61e811e17185afa0d20e738e
afa1bb89512b7e7a,mid,15,ab9ac3e2e12d002cc9dfed7f55451654df52f920b916df4e0dd45feb31cb9696,0.024988567704077282,0.042857142825211796,0.028569165010539105,-0.017868575121134513,-0.0035805973064618225,6,28c2715fbc9b16a75dc7e849a907a807c5097918ff49a92fd0b76583533998a8,87c0cf2e0f6e4cf5cf1ed4a0f6eb27af0115a73f61e811e17185afa0d20e738e
bb9c5a54bd21082d,mid,15,ab9ac3e2e12d002cc9dfed7f55451654df52f920b916df4e0dd45feb31cb9696,0.024993599828868934,0.042857142829773376,0.02499601504100475,-0.017863543000904442,-2.4152121358179957e-06,6,28c2715fbc9b16a75dc7e849a907a807c5097918ff49a92fd0b76583533998a8,87c0cf2e0f6e4cf5cf1ed4a0f6eb27af0115a73f61e811e17185afa0d20e738e
057097684e7e5a87,mid,15,ab9ac3e2e12d002cc9dfed7f55451654df52f920b916df4e0dd45feb31cb9696,0.02143628205040246,0.04285714288907392,0.028572019796286752,-0.02142086083867146,-0.0071357377458842915,6,28c2715fbc9b16a75dc7e849a907a807c5097918ff49a92fd0b76583533998a8,87c0cf2e0f6e4cf5cf1ed4a0f6eb27af0115a73f61e811e17185afa0d20e738e
72331df48a7d2dac,mid,15,ab9ac3e2e12d002cc9dfed7f55451654df52f920b916df4e0dd45feb31cb9696,0.024988335571922628,0.04285714283661575,0.0321437828088821,-0.017868807264693122,-0.007155447236959475,6,28c2715fbc9b16a75dc7e849a907a807c5097918ff49a92fd0b76583533998a8,87c0cf2e0f6e4cf5cf1ed4a0f6eb27af0115a73f61e811e17185afa0d20e738e
61874ccf7e96711e,mid,15,ab9ac3e2e12d002cc9dfed7f55451654df52f920b916df4e0dd45feb31cb9696,0.021435323259130508,0.042857142873108385,0.025005600504313153,-0.021421819613977877,-0.003570277245182645,6,28c2715fbc9b16a75dc7e849a907a807c5097918ff49a92fd0b76583533998a8,87c0cf2e0f6e4cf5cf1ed4a0f6eb27af0115a73f61e811e17185afa0d20e738e
4b8d3d7dd8c4e0ae,mid,15,ab9ac3e2e12d002cc9dfed7f55451654df52f920b916df4e0dd45feb31cb9696,0.049986023554314564,0.08571428570060098,0.050001125508653085,-0.03572826214628642,-1.5101954338521406e-05,12,28c2715fbc9b16a75dc7e849a907a807c5097918ff49a92fd0b76583533998a8,87c0cf2e0f6e4cf5cf1ed4a0f6eb27af0115a73f61e811e17185afa0d20e738e
d5f8df6e4fc6622d,mid,15,ab9ac3e2e12d002cc9dfed7f55451654df52f920b916df4e0dd45feb31cb9696,0.025014689998439813,0.0428571428708276,0.02500053187300069,-0.017842452872387785,1.4158125439124591e-05,6,28c2715fbc9b16a75dc7e849a907a807c5097918ff49a92fd0b76583533998a8,87c0cf2e0f6e4cf5cf1ed4a0f6eb27af0115a73f61e811e17185afa0d20e738e
e0cdbab80d258594,mid,15,ab9ac3e2e12d002cc9dfed7f55451654df52f920b916df4e0dd45feb31cb9696,0.02499332220293617,0.042857142854862064,0.02499758457365858,-0.017863820651925894,-4.262370722409037e-06,6,28c2715fbc9b16a75dc7e849a907a807c5097918ff49a92fd0b76583533998a8,87c0cf2e0f6e4cf5cf1ed4a0f6eb27af0115a73f61e811e17185afa0d20e738e
4456aeaef4126487,mid,15,ab9ac3e2e12d002cc9dfed7f55451654df52f920b916df4e0dd45feb31cb9696,0.024993599818227973,0.042857142811527055,0.03214098738544648,-0.01786354299329908,-0.00714738756721851,6,28c2715fbc9b16a75dc7e849a907a807c5097918ff49a92fd0b76583533998a8,87c0cf2e0f6e4cf5cf1ed4a0f6eb27af0115a73f61e811e17185afa0d20e738e
4dca2566ec2be9b6,late,20,aef30d10557a99a9ea38ace138b5196dd6228625e77e8a8df3e84c78715afb5d,0.05349140744842132,0.08571428575990152,0.057092154695036236,-0.0322228783114802,-0.0036007472466149174,12,28c2715fbc9b16a75dc7e849a907a807c5097918ff49a92fd0b76583533998a8,87c0cf2e0f6e4cf5cf1ed4a0f6eb27af0115a73f61e811e17185afa0d20e738e
42be4c9c478fcf87,mid,20,aef30d10557a99a9ea38ace138b5196dd6228625e77e8a8df3e84c78715afb5d,0.02494184454105968,0.0428571428480197,0.028570203955988756,-0.017915298306960016,-0.003628359414929075,6,28c2715fbc9b16a75dc7e849a907a807c5097918ff49a92fd0b76583533998a8,87c0cf2e0f6e4cf5cf1ed4a0f6eb27af0115a73f61e811e17185afa0d20e738e
e9cae6ed68f487bd,late,20,aef30d10557a99a9ea38ace138b5196dd6228625e77e8a8df3e84c78715afb5d,0.024940013641969447,0.042857142895916286,0.02172186860917252,-0.01791712925394684,0.003218145032796927,6,28c2715fbc9b16a75dc7e849a907a807c5097918ff49a92fd0b76583533998a8,87c0cf2e0f6e4cf5cf1ed4a0f6eb27af0115a73f61e811e17185afa0d20e738e
8aad5b2f419c6072,late,20,aef30d10557a99a9ea38ace138b5196dd6228625e77e8a8df3e84c78715afb5d,0.07886711562378751,0.12857142850300488,0.08591197995952625,-0.049704312879217366,-0.00704486433573874,18,28c2715fbc9b16a75dc7e849a907a807c5097918ff49a92fd0b76583533998a8,87c0cf2e0f6e4cf5cf1ed4a0f6eb27af0115a73f61e811e17185afa0d20e738e
5fbcbd0c5df88ebb,late,20,aef30d10557a99a9ea38ace138b5196dd6228625e77e8a8df3e84c78715afb5d,0.05358359733388473,0.08571428579183257,0.05330200476870654,-0.032130688457947844,0.00028159256517818615,12,28c2715fbc9b16a75dc7e849a907a807c5097918ff49a92fd0b76583533998a8,87c0cf2e0f6e4cf5cf1ed4a0f6eb27af0115a73f61e811e17185afa0d20e738e
114b4dce6f7bfe50,late,20,aef30d10557a99a9ea38ace138b5196dd6228625e77e8a8df3e84c78715afb5d,0.07829778661821214,0.12857142846879302,0.08204594455496067,-0.05027364185058088,-0.003748157936748528,18,28c2715fbc9b16a75dc7e849a907a807c5097918ff49a92fd0b76583533998a8,87c0cf2e0f6e4cf5cf1ed4a0f6eb27af0115a73f61e811e17185afa0d20e738e
916e555f6c4000ff,late,20,aef30d10557a99a9ea38ace138b5196dd6228625e77e8a8df3e84c78715afb5d,0.024899002146051077,0.042857142825211796,0.021363663976794307,-0.017958140679160718,0.0035353381692567708,6,28c2715fbc9b16a75dc7e849a907a807c5097918ff49a92fd0b76583533998a8,87c0cf2e0f6e4cf5cf1ed4a0f6eb27af0115a73f61e811e17185afa0d20e738e
6264497eaa048e7d,late,20,aef30d10557a99a9ea38ace138b5196dd6228625e77e8a8df3e84c78715afb5d,0.0496613725487675,0.08571428571428572,0.053066343228731834,-0.036052913165518216,-0.003404970679964335,12,28c2715fbc9b16a75dc7e849a907a807c5097918ff49a92fd0b76583533998a8,87c0cf2e0f6e4cf5cf1ed4a0f6eb27af0115a73f61e811e17185afa0d20e738e
cd631ab31fac34e8,late,20,aef30d10557a99a9ea38ace138b5196dd6228625e77e8a8df3e84c78715afb5d,0.028571428483238025,0.04285714280468469,0.02861063860047903,-0.014285714321446662,-3.9210117241002956e-05,6,28c2715fbc9b16a75dc7e849a907a807c5097918ff49a92fd0b76583533998a8,87c0cf2e0f6e4cf5cf1ed4a0f6eb27af0115a73f61e811e17185afa0d20e738e
2fa902a4bde72d4f,late,20,aef30d10557a99a9ea38ace138b5196dd6228625e77e8a8df3e84c78715afb5d,0.07861473667071457,0.12857142848932013,0.08203606579003415,-0.049956691818605556,-0.0034213291193195827,18,28c2715fbc9b16a75dc7e849a907a807c5097918ff49a92fd0b76583533998a8,87c0cf2e0f6e4cf5cf1ed4a0f6eb27af0115a73f61e811e17185afa0d20e738e
58de86eedc55d29f,late,20,aef30d10557a99a9ea38ace138b5196dd6228625e77e8a8df3e84c78715afb5d,0.07857216822211556,0.12857142860564041,0.07550280756064366,-0.049999260383524854,0.0030693606614718982,18,28c2715fbc9b16a75dc7e849a907a807c5097918ff49a92fd0b76583533998a8,87c0cf2e0f6e4cf5cf1ed4a0f6eb27af0115a73f61e811e17185afa0d20e738e
55c6be1343917df6,late,20,aef30d10557a99a9ea38ace138b5196dd6228625e77e8a8df3e84c78715afb5d,0.07859539340877156,0.12857142855774384,0.07850028706677255,-0.04997603514897228,9.510634199901002e-05,18,28c2715fbc9b16a75dc7e849a907a807c5097918ff49a92fd0b76583533998a8,87c0cf2e0f6e4cf5cf1ed4a0f6eb27af0115a73f61e811e17185afa0d20e738e
5c46d4cab0649bd7,late,20,aef30d10557a99a9ea38ace138b5196dd6228625e77e8a8df3e84c78715afb5d,0.07857216838481143,0.12857142852353198,0.08218214253361338,-0.04999926013872055,-0.003609974148801945,18,28c2715fbc9b16a75dc7e849a907a807c5097918ff49a92fd0b76583533998a8,87c0cf2e0f6e4cf5cf1ed4a0f6eb27af0115a73f61e811e17185afa0d20e738e
30fc470f7401da0c,late,20,aef30d10557a99a9ea38ace138b5196dd6228625e77e8a8df3e84c78715afb5d,0.028571428632249637,0.042857142868546805,0.025342064517242052,-0.014285714236297167,0.0032293641150075852,6,28c2715fbc9b16a75dc7e849a907a807c5097918ff49a92fd0b76583533998a8,87c0cf2e0f6e4cf5cf1ed4a0f6eb27af0115a73f61e811e17185afa0d20e738e
36b2c85b266010b4,late,20,aef30d10557a99a9ea38ace138b5196dd6228625e77e8a8df3e84c78715afb5d,0.0785679658536532,0.12857142864669463,0.07834797516794224,-0.05000346279304144,0.0002199906857109496,18,28c2715fbc9b16a75dc7e849a907a807c5097918ff49a92fd0b76583533998a8,87c0cf2e0f6e4cf5cf1ed4a0f6eb27af0115a73f61e811e17185afa0d20e738e
149aab874634a179,late,20,aef30d10557a99a9ea38ace138b5196dd6228625e77e8a8df3e84c78715afb5d,0.02857142882231547,0.04285714275450731,0.024987803233284443,-0.014285713932191843,0.0035836255890310253,6,28c2715fbc9b16a75dc7e849a907a807c5097918ff49a92fd0b76583533998a8,87c0cf2e0f6e4cf5cf1ed4a0f6eb27af0115a73f61e811e17185afa0d20e738e
b3a6c7628630359d,late,20,aef30d10557a99a9ea38ace138b5196dd6228625e77e8a8df3e84c78715afb5d,0.03202787991887808,0.0571428571002824,0.03223572520000061,-0.02511497718140432,-0.00020784528112253314,8,28c2715fbc9b16a75dc7e849a907a807c5097918ff49a92fd0b76583533998a8,87c0cf2e0f6e4cf5cf1ed4a0f6eb27af0115a73f61e811e17185afa0d20e738e
6fefd9d7d54089c4,late,20,aef30d10557a99a9ea38ace138b5196dd6228625e77e8a8df3e84c78715afb5d,0.024886364057182347,0.04285714293697051,0.025052266401735232,-0.017970778879788162,-0.00016590234455288524,6,28c2715fbc9b16a75dc7e849a907a807c5097918ff49a92fd0b76583533998a8,87c0cf2e0f6e4cf5cf1ed4a0f6eb27af0115a73f61e811e17185afa0d20e738e
df88e8a71a960d88,late,20,aef30d10557a99a9ea38ace138b5196dd6228625e77e8a8df3e84c78715afb5d,0.07479813232351616,0.12857142857827095,0.08222610589022222,-0.053773296254754785,-0.0074279735667060615,18,28c2715fbc9b16a75dc7e849a907a807c5097918ff49a92fd0b76583533998a8,87c0cf2e0f6e4cf5cf1ed4a0f6eb27af0115a73f61e811e17185afa0d20e738e
7c1c7ae6205df8bc,late,20,aef30d10557a99a9ea38ace138b5196dd6228625e77e8a8df3e84c78715afb5d,0.09999086273036173,0.17142857136470932,0.11052015887979731,-0.07143770863434759,-0.010529296149435582,24,28c2715fbc9b16a75dc7e849a907a807c5097918ff49a92fd0b76583533998a8,87c0cf2e0f6e4cf5cf1ed4a0f6eb27af0115a73f61e811e17185afa0d20e738e
0e6caa2b89c5671e,late,20,aef30d10557a99a9ea38ace138b5196dd6228625e77e8a8df3e84c78715afb5d,0.14632048717073878,0.2571428571154877,0.15732880073388467,-0.1108223699447489,-0.011008313563145883,36,28c2715fbc9b16a75dc7e849a907a807c5097918ff49a92fd0b76583533998a8,87c0cf2e0f6e4cf5cf1ed4a0f6eb27af0115a73f61e811e17185afa0d20e738e
d3e8b63f8afb91f4,late,20,aef30d10557a99a9ea38ace138b5196dd6228625e77e8a8df3e84c78715afb5d,0.0750387815772035,0.12857142861932516,0.08580604118963663,-0.053532647042121656,-0.01076725961243312,18,28c2715fbc9b16a75dc7e849a907a807c5097918ff49a92fd0b76583533998a8,87c0cf2e0f6e4cf5cf1ed4a0f6eb27af0115a73f61e811e17185afa0d20e738e
9af16211b24685c6,late,20,aef30d10557a99a9ea38ace138b5196dd6228625e77e8a8df3e84c78715afb5d,0.04983442315825612,0.08571428574621677,0.050157160437059194,-0.03587986258796065,-0.0003227372788030744,12,28c2715fbc9b16a75dc7e849a907a807c5097918ff49a92fd0b76583533998a8,87c0cf2e0f6e4cf5cf1ed4a0f6eb27af0115a73f61e811e17185afa0d20e738e
db1e347046310118,late,20,aef30d10557a99a9ea38ace138b5196dd6228625e77e8a8df3e84c78715afb5d,0.025001449910922374,0.04285714281380785,0.02112507935073884,-0.017855692902885474,0.0038763705601835355,6,28c2715fbc9b16a75dc7e849a907a807c5097918ff49a92fd0b76583533998a8,87c0cf2e0f6e4cf5cf1ed4a0f6eb27af0115a73f61e811e17185afa0d20e738e
56a7dde81d335df3,late,20,aef30d10557a99a9ea38ace138b5196dd6228625e77e8a8df3e84c78715afb5d,0.0784727589224298,0.12857142846195066,0.08606528579246547,-0.05009866953952086,-0.007592526870035671,18,28c2715fbc9b16a75dc7e849a907a807c5097918ff49a92fd0b76583533998a8,87c0cf2e0f6e4cf5cf1ed4a0f6eb27af0115a73f61e811e17185afa0d20e738e
48c43bbbdab973de,late,20,aef30d10557a99a9ea38ace138b5196dd6228625e77e8a8df3e84c78715afb5d,0.049734740390563366,0.08571428563217727,0.04926549420363249,-0.035979545241613904,0.0004692461869308731,12,28c2715fbc9b16a75dc7e849a907a807c5097918ff49a92fd0b76583533998a8,87c0cf2e0f6e4cf5cf1ed4a0f6eb27af0115a73f61e811e17185afa0d20e738e
23cf443537af1aae,late,20,aef30d10557a99a9ea38ace138b5196dd6228625e77e8a8df3e84c78715afb5d,0.024895745835133962,0.04285714285714286,0.02525553697986262,-0.017961397022008895,-0.0003597911447286578,6,28c2715fbc9b16a75dc7e849a907a807c5097918ff49a92fd0b76583533998a8,87c0cf2e0f6e4cf5cf1ed4a0f6eb27af0115a73f61e811e17185afa0d20e738e
0aaa7c8b0c525308,late,20,aef30d10557a99a9ea38ace138b5196dd6228625e77e8a8df3e84c78715afb5d,0.06430653024466397,0.11428571437086378,0.07400037667772627,-0.04997918412619981,-0.0096938464330623,16,28c2715fbc9b16a75dc7e849a907a807c5097918ff49a92fd0b76583533998a8,87c0cf2e0f6e4cf5cf1ed4a0f6eb27af0115a73f61e811e17185afa0d20e738e
d83a5c8ba6bc761e,late,20,aef30d10557a99a9ea38ace138b5196dd6228625e77e8a8df3e84c78715afb5d,0.06430608341431913,0.11428571426138585,0.089274685119034,-0.04997963084706672,-0.024968601704714863,16,28c2715fbc9b16a75dc7e849a907a807c5097918ff49a92fd0b76583533998a8,87c0cf2e0f6e4cf5cf1ed4a0f6eb27af0115a73f61e811e17185afa0d20e738e
f1046a806aadfbe0,late,20,aef30d10557a99a9ea38ace138b5196dd6228625e77e8a8df3e84c78715afb5d,0.06430608337667418,0.11428571419448269,0.07552238611595781,-0.04997963081780851,-0.011216302739283632,16,28c2715fbc9b16a75dc7e849a907a807c5097918ff49a92fd0b76583533998a8,87c0cf2e0f6e4cf5cf1ed4a0f6eb27af0115a73f61e811e17185afa0d20e738e
6fc2092861b32642,late,20,aef30d10557a99a9ea38ace138b5196dd6228625e77e8a8df3e84c78715afb5d,0.06430637954717348,0.11428571440127432,0.07158450087053997,-0.04997933485410083,-0.007278121323366485,16,28c2715fbc9b16a75dc7e849a907a807c5097918ff49a92fd0b76583533998a8,87c0cf2e0f6e4cf5cf1ed4a0f6eb27af0115a73f61e811e17185afa0d20e738e
776d096fbd7a62b8,late,20,aef30d10557a99a9ea38ace138b5196dd6228625e77e8a8df3e84c78715afb5d,0.02153246221797807,0.04285714285714286,0.028122220720563616,-0.02132468063916479,-0.006589758502585547,6,28c2715fbc9b16a75dc7e849a907a807c5097918ff49a92fd0b76583533998a8,87c0cf2e0f6e4cf5cf1ed4a0f6eb27af0115a73f61e811e17185afa0d20e738e
460752ddf653e004,late,20,aef30d10557a99a9ea38ace138b5196dd6228625e77e8a8df3e84c78715afb5d,0.07476473722870486,0.1285714285851133,0.08277284471933041,-0.05380669135640845,-0.008008107490625554,18,28c2715fbc9b16a75dc7e849a907a807c5097918ff49a92fd0b76583533998a8,87c0cf2e0f6e4cf5cf1ed4a0f6eb27af0115a73f61e811e17185afa0d20e738e
30bcc4667ee54d7c,mid,20,aef30d10557a99a9ea38ace138b5196dd6228625e77e8a8df3e84c78715afb5d,0.021164794313810555,0.04285714284573891,0.03909892316399437,-0.021692348531928356,-0.017934128850183813,6,28c2715fbc9b16a75dc7e849a907a807c5097918ff49a92fd0b76583533998a8,87c0cf2e0f6e4cf5cf1ed4a0f6eb27af0115a73f61e811e17185afa0d20e738e
7d4b1fee8b0f3782,late,20,aef30d10557a99a9ea38ace138b5196dd6228625e77e8a8df3e84c78715afb5d,0.024971435744589078,0.04285714284573891,0.021513705003071655,-0.017885707101149832,0.003457730741517423,6,28c2715fbc9b16a75dc7e849a907a807c5097918ff49a92fd0b76583533998a8,87c0cf2e0f6e4cf5cf1ed4a0f6eb27af0115a73f61e811e17185afa0d20e738e
8997c4eba59e8594,mid,20,aef30d10557a99a9ea38ace138b5196dd6228625e77e8a8df3e84c78715afb5d,0.024891132232027283,0.042857142873108385,0.03571615976148488,-0.017966010641081102,-0.010825027529457597,6,28c2715fbc9b16a75dc7e849a907a807c5097918ff49a92fd0b76583533998a8,87c0cf2e0f6e4cf5cf1ed4a0f6eb27af0115a73f61e811e17185afa0d20e738e
bac2b3a89002d2a2,late,20,aef30d10557a99a9ea38ace138b5196dd6228625e77e8a8df3e84c78715afb5d,0.10359936132858842,0.17142857160191147,0.11815785601974595,-0.06782921027332305,-0.014558494691157525,24,28c2715fbc9b16a75dc7e849a907a807c5097918ff49a92fd0b76583533998a8,87c0cf2e0f6e4cf5cf1ed4a0f6eb27af0115a73f61e811e17185afa0d20e738e
44564f38d84c578b,late,20,aef30d10557a99a9ea38ace138b5196dd6228625e77e8a8df3e84c78715afb5d,0.053569952214173946,0.08571428575990152,0.04987556133412653,-0.03214433354572757,0.0036943908800474157,12,28c2715fbc9b16a75dc7e849a907a807c5097918ff49a92fd0b76583533998a8,87c0cf2e0f6e4cf5cf1ed4a0f6eb27af0115a73f61e811e17185afa0d20e738e
60ac7ed07a88c8b5,late,20,aef30d10557a99a9ea38ace138b5196dd6228625e77e8a8df3e84c78715afb5d,0.04999758289062718,0.08571428565498518,0.05361001769895372,-0.035716702764357997,-0.0036124348083265354,12,28c2715fbc9b16a75dc7e849a907a807c5097918ff49a92fd0b76583533998a8,87c0cf2e0f6e4cf5cf1ed4a0f6eb27af0115a73f61e811e17185afa0d20e738e
624b9c4f6e51f9fa,late,20,aef30d10557a99a9ea38ace138b5196dd6228625e77e8a8df3e84c78715afb5d,0.09997202288892183,0.1714285713920788,0.10701043582239099,-0.07145654850315696,-0.007038412933469157,24,28c2715fbc9b16a75dc7e849a907a807c5097918ff49a92fd0b76583533998a8,87c0cf2e0f6e4cf5cf1ed4a0f6eb27af0115a73f61e811e17185afa0d20e738e
3b961a569be80755,late,20,aef30d10557a99a9ea38ace138b5196dd6228625e77e8a8df3e84c78715afb5d,0.0248920615669742,0.04285714284117733,0.03565096385513263,-0.01796508127420313,-0.010758902288158432,6,28c2715fbc9b16a75dc7e849a907a807c5097918ff49a92fd0b76583533998a8,87c0cf2e0f6e4cf5cf1ed4a0f6eb27af0115a73f61e811e17185afa0d20e738e
5fb8d2642e68cf72,late,20,aef30d10557a99a9ea38ace138b5196dd6228625e77e8a8df3e84c78715afb5d,0.09985323624979617,0.17142857110013768,0.11690130381666938,-0.07157533485034151,-0.017048067566873215,24,28c2715fbc9b16a75dc7e849a907a807c5097918ff49a92fd0b76583533998a8,87c0cf2e0f6e4cf5cf1ed4a0f6eb27af0115a73f61e811e17185afa0d20e738e
499e4e4687fe7f82,late,20,aef30d10557a99a9ea38ace138b5196dd6228625e77e8a8df3e84c78715afb5d,0.024940013540841653,0.04285714290503945,0.021204345963112544,-0.017917129364197794,0.003735667577729109,6,28c2715fbc9b16a75dc7e849a907a807c5097918ff49a92fd0b76583533998a8,87c0cf2e0f6e4cf5cf1ed4a0f6eb27af0115a73f61e811e17185afa0d20e738e
18ee6c5df8159acb,late,20,aef30d10557a99a9ea38ace138b5196dd6228625e77e8a8df3e84c78715afb5d,0.049735164948692324,0.08571428560024622,0.04623113310998155,-0.03597912065155389,0.003504031838710772,12,28c2715fbc9b16a75dc7e849a907a807c5097918ff49a92fd0b76583533998a8,87c0cf2e0f6e4cf5cf1ed4a0f6eb27af0115a73f61e811e17185afa0d20e738e
6f26e2f61472d2ba,late,20,aef30d10557a99a9ea38ace138b5196dd6228625e77e8a8df3e84c78715afb5d,0.02489574579383974,0.042857142877669965,0.035746717204032226,-0.017961397083830224,-0.010850971410192485,6,28c2715fbc9b16a75dc7e849a907a807c5097918ff49a92fd0b76583533998a8,87c0cf2e0f6e4cf5cf1ed4a0f6eb27af0115a73f61e811e17185afa0d20e738e
a1b85cd1b385605f,late,20,aef30d10557a99a9ea38ace138b5196dd6228625e77e8a8df3e84c78715afb5d,0.0996452165291228,0.17142857130084718,0.11080369243923832,-0.07178335477172439,-0.011158475910115526,24,28c2715fbc9b16a75dc7e849a907a807c5097918ff49a92fd0b76583533998a8,87c0cf2e0f6e4cf5cf1ed4a0f6eb27af0115a73f61e811e17185afa0d20e738e
c6d589ffd6239ce1,mid,20,aef30d10557a99a9ea38ace138b5196dd6228625e77e8a8df3e84c78715afb5d,0.02490962255077529,0.042857142873108385,0.028601816732979922,-0.017947520322333096,-0.0036921941822046327,6,28c2715fbc9b16a75dc7e849a907a807c5097918ff49a92fd0b76583533998a8,87c0cf2e0f6e4cf5cf1ed4a0f6eb27af0115a73f61e811e17185afa0d20e738e
adac1ce9ac05888c,late,20,aef30d10557a99a9ea38ace138b5196dd6228625e77e8a8df3e84c78715afb5d,0.05340018655288431,0.08571428570972413,0.06095593651166154,-0.03231409915683982,-0.007555749958777232,12,28c2715fbc9b16a75dc7e849a907a807c5097918ff49a92fd0b76583533998a8,87c0cf2e0f6e4cf5cf1ed4a0f6eb27af0115a73f61e811e17185afa0d20e738e
30a0e035ac98894a,late,20,aef30d10557a99a9ea38ace138b5196dd6228625e77e8a8df3e84c78715afb5d,0.0535323042783783,0.08571428568691623,0.06453787549333768,-0.03218198140853793,-0.011005571214959382,12,28c2715fbc9b16a75dc7e849a907a807c5097918ff49a92fd0b76583533998a8,87c0cf2e0f6e4cf5cf1ed4a0f6eb27af0115a73f61e811e17185afa0d20e738e
298e329d46985be6,late,20,aef30d10557a99a9ea38ace138b5196dd6228625e77e8a8df3e84c78715afb5d,0.05340018657484213,0.08571428565954675,0.04613161999447114,-0.032314099084704624,0.0072685665803709845,12,28c2715fbc9b16a75dc7e849a907a807c5097918ff49a92fd0b76583533998a8,87c0cf2e0f6e4cf5cf1ed4a0f6eb27af0115a73f61e811e17185afa0d20e738e
db46035c8bb13484,late,20,aef30d10557a99a9ea38ace138b5196dd6228625e77e8a8df3e84c78715afb5d,0.053532304486464996,0.08571428576446309,0.04683415839263242,-0.032181981277998095,0.006698146093832576,12,28c2715fbc9b16a75dc7e849a907a807c5097918ff49a92fd0b76583533998a8,87c0cf2e0f6e4cf5cf1ed4a0f6eb27af0115a73f61e811e17185afa0d20e738e
868e275bc02ed9aa,late,20,aef30d10557a99a9ea38ace138b5196dd6228625e77e8a8df3e84c78715afb5d,0.050079859433983014,0.08571428573709361,0.05399270240057598,-0.035634426303110596,-0.003912842966592965,12,28c2715fbc9b16a75dc7e849a907a807c5097918ff49a92fd0b76583533998a8,87c0cf2e0f6e4cf5cf1ed4a0f6eb27af0115a73f61e811e17185afa0d20e738e
33ddae0fd74c1095,late,20,aef30d10557a99a9ea38ace138b5196dd6228625e77e8a8df3e84c78715afb5d,0.05348105111861666,0.08571428572340888,0.06787255747700084,-0.032233234604792216,-0.014391506358384182,12,28c2715fbc9b16a75dc7e849a907a807c5097918ff49a92fd0b76583533998a8,87c0cf2e0f6e4cf5cf1ed4a0f6eb27af0115a73f61e811e17185afa0d20e738e
461699d7bb412c04,late,20,aef30d10557a99a9ea38ace138b5196dd6228625e77e8a8df3e84c78715afb5d,0.05340018661462837,0.08571428572340888,0.05709558667424487,-0.032314099108780504,-0.0036954000596165007,12,28c2715fbc9b16a75dc7e849a907a807c5097918ff49a92fd0b76583533998a8,87c0cf2e0f6e4cf5cf1ed4a0f6eb27af0115a73f61e811e17185afa0d20e738e
071ab07e1e38a628,late,20,aef30d10557a99a9ea38ace138b5196dd6228625e77e8a8df3e84c78715afb5d,0.05353230434014345,0.08571428570060098,0.06048455716342513,-0.03218198136045753,-0.006952252823281678,12,28c2715fbc9b16a75dc7e849a907a807c5097918ff49a92fd0b76583533998a8,87c0cf2e0f6e4cf5cf1ed4a0f6eb27af0115a73f61e811e17185afa0d20e738e
42accf704c38cba0,late,20,aef30d10557a99a9ea38ace138b5196dd6228625e77e8a8df3e84c78715afb5d,0.05340018658414493,0.08571428575990152,0.05715106239124657,-0.03231409917575659,-0.003750875807101643,12,28c2715fbc9b16a75dc7e849a907a807c5097918ff49a92fd0b76583533998a8,87c0cf2e0f6e4cf5cf1ed4a0f6eb27af0115a73f61e811e17185afa0d20e738e
c10ec77ff32ffa91,late,20,aef30d10557a99a9ea38ace138b5196dd6228625e77e8a8df3e84c78715afb5d,0.028571428878574955,0.042857142838896536,0.02868849990466301,-0.014285713960321581,-0.00011707102608805517,6,28c2715fbc9b16a75dc7e849a907a807c5097918ff49a92fd0b76583533998a8,87c0cf2e0f6e4cf5cf1ed4a0f6eb27af0115a73f61e811e17185afa0d20e738e
54793d67d9944eb8,late,20,aef30d10557a99a9ea38ace138b5196dd6228625e77e8a8df3e84c78715afb5d,0.053400186638650884,0.08571428559112305,0.051277425971175385,-0.03231409895247217,0.0021227606674755,12,28c2715fbc9b16a75dc7e849a907a807c5097918ff49a92fd0b76583533998a8,87c0cf2e0f6e4cf5cf1ed4a0f6eb27af0115a73f61e811e17185afa0d20e738e
8f08729d2995a817,late,20,aef30d10557a99a9ea38ace138b5196dd6228625e77e8a8df3e84c78715afb5d,0.02499863810704404,0.04285714280012311,0.03574461128596667,-0.017858504693079067,-0.010745973178922629,6,28c2715fbc9b16a75dc7e849a907a807c5097918ff49a92fd0b76583533998a8,87c0cf2e0f6e4cf5cf1ed4a0f6eb27af0115a73f61e811e17185afa0d20e738e
07e3a9d289c6178d,late,20,aef30d10557a99a9ea38ace138b5196dd6228625e77e8a8df3e84c78715afb5d,0.09975560458650899,0.17142857137383247,0.10800323493523153,-0.07167296678732347,-0.008247630348722543,24,28c2715fbc9b16a75dc7e849a907a807c5097918ff49a92fd0b76583533998a8,87c0cf2e0f6e4cf5cf1ed4a0f6eb27af0115a73f61e811e17185afa0d20e738e
7102b379fd198e9c,late,20,aef30d10557a99a9ea38ace138b5196dd6228625e77e8a8df3e84c78715afb5d,0.07496041060291873,0.1285714285851133,0.07124855279616464,-0.05361101798219457,0.003711857806754093,18,28c2715fbc9b16a75dc7e849a907a807c5097918ff49a92fd0b76583533998a8,87c0cf2e0f6e4cf5cf1ed4a0f6eb27af0115a73f61e811e17185afa0d20e738e
d722ebf1d24090c6,late,20,aef30d10557a99a9ea38ace138b5196dd6228625e77e8a8df3e84c78715afb5d,0.049813139750185705,0.08571428560936938,0.046447726601559255,-0.03590114585918367,0.003365413148626449,12,28c2715fbc9b16a75dc7e849a907a807c5097918ff49a92fd0b76583533998a8,87c0cf2e0f6e4cf5cf1ed4a0f6eb27af0115a73f61e811e17185afa0d20e738e
8ce9f2f52718d991,late,20,aef30d10557a99a9ea38ace138b5196dd6228625e77e8a8df3e84c78715afb5d,0.04980282390773056,0.08571428564130043,0.05720569545055654,-0.03591146173356987,-0.007402871542825977,12,28c2715fbc9b16a75dc7e849a907a807c5097918ff49a92fd0b76583533998a8,87c0cf2e0f6e4cf5cf1ed4a0f6eb27af0115a73f61e811e17185afa0d20e738e
bf37710c7cf719ac,late,20,aef30d10557a99a9ea38ace138b5196dd6228625e77e8a8df3e84c78715afb5d,0.024914057425163425,0.042857142820650215,0.032040784533925754,-0.01794308539548679,-0.007126727108762328,6,28c2715fbc9b16a75dc7e849a907a807c5097918ff49a92fd0b76583533998a8,87c0cf2e0f6e4cf5cf1ed4a0f6eb27af0115a73f61e811e17185afa0d20e738e
2180a713bbe5e4f3,late,20,aef30d10557a99a9ea38ace138b5196dd6228625e77e8a8df3e84c78715afb5d,0.050166284572377345,0.08571428573709361,0.05730948172970262,-0.035548001164716264,-0.007143197157325275,12,28c2715fbc9b16a75dc7e849a907a807c5097918ff49a92fd0b76583533998a8,87c0cf2e0f6e4cf5cf1ed4a0f6eb27af0115a73f61e811e17185afa0d20e738e
e935be4a08f19bb3,late,20,aef30d10557a99a9ea38ace138b5196dd6228625e77e8a8df3e84c78715afb5d,0.08217042178468378,0.12857142864669463,0.08228345544769923,-0.046401006862010846,-0.0001130336630154466,18,28c2715fbc9b16a75dc7e849a907a807c5097918ff49a92fd0b76583533998a8,87c0cf2e0f6e4cf5cf1ed4a0f6eb27af0115a73f61e811e17185afa0d20e738e
e70a019fe84490e1,late,20,aef30d10557a99a9ea38ace138b5196dd6228625e77e8a8df3e84c78715afb5d,0.02857142866266017,0.042857142834334956,0.031885436745687556,-0.014285714171674787,-0.0033140080830273873,6,28c2715fbc9b16a75dc7e849a907a807c5097918ff49a92fd0b76583533998a8,87c0cf2e0f6e4cf5cf1ed4a0f6eb27af0115a73f61e811e17185afa0d20e738e
9e3b391509c72b22,mid,20,aef30d10557a99a9ea38ace138b5196dd6228625e77e8a8df3e84c78715afb5d,0.02487872949118084,0.042857142921004975,0.028604721001265952,-0.017978413429824133,-0.003725991510085111,6,28c2715fbc9b16a75dc7e849a907a807c5097918ff49a92fd0b76583533998a8,87c0cf2e0f6e4cf5cf1ed4a0f6eb27af0115a73f61e811e17185afa0d20e738e
85bae8f3c9ae0365,mid,20,aef30d10557a99a9ea38ace138b5196dd6228625e77e8a8df3e84c78715afb5d,0.024909622566683103,0.04285714290047787,0.025068532647634305,-0.017947520333794764,-0.0001589100809512023,6,28c2715fbc9b16a75dc7e849a907a807c5097918ff49a92fd0b76583533998a8,87c0cf2e0f6e4cf5cf1ed4a0f6eb27af0115a73f61e811e17185afa0d20e738e
c3f583a297ecfc3c,mid,20,aef30d10557a99a9ea38ace138b5196dd6228625e77e8a8df3e84c78715afb5d,0.025245094067633613,0.042857142825211796,0.02840897880506698,-0.017612048757578182,-0.0031638847374333666,6,28c2715fbc9b16a75dc7e849a907a807c5097918ff49a92fd0b76583533998a8,87c0cf2e0f6e4cf5cf1ed4a0f6eb27af0115a73f61e811e17185afa0d20e738e
0a43f69ab365b4d3,mid,20,aef30d10557a99a9ea38ace138b5196dd6228625e77e8a8df3e84c78715afb5d,0.02487872953777924,0.04285714290960103,0.021640966060850354,-0.017978413371821787,0.0032377634769288864,6,28c2715fbc9b16a75dc7e849a907a807c5097918ff49a92fd0b76583533998a8,87c0cf2e0f6e4cf5cf1ed4a0f6eb27af0115a73f61e811e17185afa0d20e738e
acf4b5c3199cdd7c,mid,20,aef30d10557a99a9ea38ace138b5196dd6228625e77e8a8df3e84c78715afb5d,0.05348105098173078,0.08571428575990152,0.057200779955941,-0.032233234778170736,-0.003719728974210218,12,28c2715fbc9b16a75dc7e849a907a807c5097918ff49a92fd0b76583533998a8,87c0cf2e0f6e4cf5cf1ed4a0f6eb27af0115a73f61e811e17185afa0d20e738e
ffb26c129585a7ef,mid,20,aef30d10557a99a9ea38ace138b5196dd6228625e77e8a8df3e84c78715afb5d,0.02458672677177757,0.04285714284573891,0.021581888991386262,-0.01827041607396134,0.003004837780391307,6,28c2715fbc9b16a75dc7e849a907a807c5097918ff49a92fd0b76583533998a8,87c0cf2e0f6e4cf5cf1ed4a0f6eb27af0115a73f61e811e17185afa0d20e738e
7ffa0a410b2e3d2a,mid,20,aef30d10557a99a9ea38ace138b5196dd6228625e77e8a8df3e84c78715afb5d,0.04970269270751294,0.08571428577814784,0.05010665839812017,-0.0360115930706349,-0.0004039656906072303,12,28c2715fbc9b16a75dc7e849a907a807c5097918ff49a92fd0b76583533998a8,87c0cf2e0f6e4cf5cf1ed4a0f6eb27af0115a73f61e811e17185afa0d20e738e
afa1bb89512b7e7a,mid,20,aef30d10557a99a9ea38ace138b5196dd6228625e77e8a8df3e84c78715afb5d,0.024909622528239223,0.042857142834334956,0.03213722677521555,-0.017947520306095734,-0.007227604246976327,6,28c2715fbc9b16a75dc7e849a907a807c5097918ff49a92fd0b76583533998a8,87c0cf2e0f6e4cf5cf1ed4a0f6eb27af0115a73f61e811e17185afa0d20e738e
bb9c5a54bd21082d,mid,20,aef30d10557a99a9ea38ace138b5196dd6228625e77e8a8df3e84c78715afb5d,0.024960875648242294,0.04285714281836943,0.02855649635805294,-0.017896267170127135,-0.003595620709810645,6,28c2715fbc9b16a75dc7e849a907a807c5097918ff49a92fd0b76583533998a8,87c0cf2e0f6e4cf5cf1ed4a0f6eb27af0115a73f61e811e17185afa0d20e738e
057097684e7e5a87,mid,20,aef30d10557a99a9ea38ace138b5196dd6228625e77e8a8df3e84c78715afb5d,0.021520776417221672,0.04285714287538918,0.028565850333897493,-0.021336366458167506,-0.007045073916675821,6,28c2715fbc9b16a75dc7e849a907a807c5097918ff49a92fd0b76583533998a8,87c0cf2e0f6e4cf5cf1ed4a0f6eb27af0115a73f61e811e17185afa0d20e738e
72331df48a7d2dac,mid,20,aef30d10557a99a9ea38ace138b5196dd6228625e77e8a8df3e84c78715afb5d,0.024894193935063716,0.04285714286170444,0.025238359456108975,-0.017962948926640722,-0.00034416552104525946,6,28c2715fbc9b16a75dc7e849a907a807c5097918ff49a92fd0b76583533998a8,87c0cf2e0f6e4cf5cf1ed4a0f6eb27af0115a73f61e811e17185afa0d20e738e
61874ccf7e96711e,mid,20,aef30d10557a99a9ea38ace138b5196dd6228625e77e8a8df3e84c78715afb5d,0.02156940117468088,0.04285714294153209,0.035712115111167314,-0.02128774176685121,-0.014142713936486435,6,28c2715fbc9b16a75dc7e849a907a807c5097918ff49a92fd0b76583533998a8,87c0cf2e0f6e4cf5cf1ed4a0f6eb27af0115a73f61e811e17185afa0d20e738e
4b8d3d7dd8c4e0ae,mid,20,aef30d10557a99a9ea38ace138b5196dd6228625e77e8a8df3e84c78715afb5d,0.04975517340237963,0.08571428582832522,0.05012517663267731,-0.035959112425945586,-0.00037000323029767745,12,28c2715fbc9b16a75dc7e849a907a807c5097918ff49a92fd0b76583533998a8,87c0cf2e0f6e4cf5cf1ed4a0f6eb27af0115a73f61e811e17185afa0d20e738e
d5f8df6e4fc6622d,mid,20,aef30d10557a99a9ea38ace138b5196dd6228625e77e8a8df3e84c78715afb5d,0.02533034558388624,0.04285714283205417,0.021346270280501196,-0.01752679724816793,0.003984075303385043,6,28c2715fbc9b16a75dc7e849a907a807c5097918ff49a92fd0b76583533998a8,87c0cf2e0f6e4cf5cf1ed4a0f6eb27af0115a73f61e811e17185afa0d20e738e
e0cdbab80d258594,mid,20,aef30d10557a99a9ea38ace138b5196dd6228625e77e8a8df3e84c78715afb5d,0.024946180008569203,0.042857142895916286,0.028307731102685387,-0.017910962887347084,-0.0033615510941161844,6,28c2715fbc9b16a75dc7e849a907a807c5097918ff49a92fd0b76583533998a8,87c0cf2e0f6e4cf5cf1ed4a0f6eb27af0115a73f61e811e17185afa0d20e738e
4456aeaef4126487,mid,20,aef30d10557a99a9ea38ace138b5196dd6228625e77e8a8df3e84c78715afb5d,0.024960875676138247,0.04285714286626602,0.03571412388463406,-0.01789626719012777,-0.010753248208495814,6,28c2715fbc9b16a75dc7e849a907a807c5097918ff49a92fd0b76583533998a8,87c0cf2e0f6e4cf5cf1ed4a0f6eb27af0115a73f61e811e17185afa0d20e738e
4dca2566ec2be9b6,late,25,3006751e1a7e406c38e189e38f41abec4478740fb53610b8a85be070f14844a2,0.05305629021680386,0.0857142858055173,0.05378996964415266,-0.03265799558871345,-0.0007336794273488031,12,28c2715fbc9b16a75dc7e849a907a807c5097918ff49a92fd0b76583533998a8,87c0cf2e0f6e4cf5cf1ed4a0f6eb27af0115a73f61e811e17185afa0d20e738e
42be4c9c478fcf87,mid,25,3006751e1a7e406c38e189e38f41abec4478740fb53610b8a85be070f14844a2,0.024653735108412643,0.04285714284003693,0.028485391171189266,-0.018203407731624287,-0.0038316560627766234,6,28c2715fbc9b16a75dc7e849a907a807c5097918ff49a92fd0b76583533998a8,87c0cf2e0f6e4cf5cf1ed4a0f6eb27af0115a73f61e811e17185afa0d20e738e
e9cae6ed68f487bd,late,25,3006751e1a7e406c38e189e38f41abec4478740fb53610b8a85be070f14844a2,0.024653263949226838,0.042857142811527055,0.032525552614963954,-0.018203878862300217,-0.007872288665737116,6,28c2715fbc9b16a75dc7e849a907a807c5097918ff49a92fd0b76583533998a8,87c0cf2e0f6e4cf5cf1ed4a0f6eb27af0115a73f61e811e17185afa0d20e738e
8aad5b2f419c6072,late,25,3006751e1a7e406c38e189e38f41abec4478740fb53610b8a85be070f14844a2,0.07916339101613849,0.1285714284516871,0.08268951026206217,-0.0494080374355486,-0.0035261192459236784,18,28c2715fbc9b16a75dc7e849a907a807c5097918ff49a92fd0b76583533998a8,87c0cf2e0f6e4cf5cf1ed4a0f6eb27af0115a73f61e811e17185afa0d20e738e
5fbcbd0c5df88ebb,late,25,3006751e1a7e406c38e189e38f41abec4478740fb53610b8a85be070f14844a2,0.0536211703105326,0.08571428565042359,0.04746417617880348,-0.03209311533989099,0.00615699413172912,12,28c2715fbc9b16a75dc7e849a907a807c5097918ff49a92fd0b76583533998a8,87c0cf2e0f6e4cf5cf1ed4a0f6eb27af0115a73f61e811e17185afa0d20e738e
114b4dce6f7bfe50,late,25,3006751e1a7e406c38e189e38f41abec4478740fb53610b8a85be070f14844a2,0.07783993646674928,0.12857142846879302,0.08512796502683208,-0.05073149200204374,-0.0072880285600828015,18,28c2715fbc9b16a75dc7e849a907a807c5097918ff49a92fd0b76583533998a8,87c0cf2e0f6e4cf5cf1ed4a0f6eb27af0115a73f61e811e17185afa0d20e738e
916e555f6c4000ff,late,25,3006751e1a7e406c38e189e38f41abec4478740fb53610b8a85be070f14844a2,0.024583471971253434,0.042857142820650215,0.0258211036125923,-0.01827367084939678,-0.0012376316413388669,6,28c2715fbc9b16a75dc7e849a907a807c5097918ff49a92fd0b76583533998a8,87c0cf2e0f6e4cf5cf1ed4a0f6eb27af0115a73f61e811e17185afa0d20e738e
6264497eaa048e7d,late,25,3006751e1a7e406c38e189e38f41abec4478740fb53610b8a85be070f14844a2,0.0490980938517705,0.08571428569832018,0.05803416061597639,-0.036616191846549684,-0.008936066764205892,12,28c2715fbc9b16a75dc7e849a907a807c5097918ff49a92fd0b76583533998a8,87c0cf2e0f6e4cf5cf1ed4a0f6eb27af0115a73f61e811e17185afa0d20e738e
cd631ab31fac34e8,late,25,3006751e1a7e406c38e189e38f41abec4478740fb53610b8a85be070f14844a2,0.028571428598798052,0.04285714289819708,0.028521394863372674,-0.014285714299399028,5.0033735425378256e-05,6,28c2715fbc9b16a75dc7e849a907a807c5097918ff49a92fd0b76583533998a8,87c0cf2e0f6e4cf5cf1ed4a0f6eb27af0115a73f61e811e17185afa0d20e738e
2fa902a4bde72d4f,late,25,3006751e1a7e406c38e189e38f41abec4478740fb53610b8a85be070f14844a2,0.07869589173768306,0.1285714283866846,0.07420805458492373,-0.04987553664900153,0.0044878371527593275,18,28c2715fbc9b16a75dc7e849a907a807c5097918ff49a92fd0b76583533998a8,87c0cf2e0f6e4cf5cf1ed4a0f6eb27af0115a73f61e811e17185afa0d20e738e
58de86eedc55d29f,late,25,3006751e1a7e406c38e189e38f41abec4478740fb53610b8a85be070f14844a2,0.07862196832322661,0.12857142850984724,0.08132755699264428,-0.04994946018662062,-0.002705588669417669,18,28c2715fbc9b16a75dc7e849a907a807c5097918ff49a92fd0b76583533998a8,87c0cf2e0f6e4cf5cf1ed4a0f6eb27af0115a73f61e811e17185afa0d20e738e
55c6be1343917df6,late,25,3006751e1a7e406c38e189e38f41abec4478740fb53610b8a85be070f14844a2,0.07864381110664614,0.12857142837299984,0.08451056706847855,-0.0499276172663537,-0.005866755961832407,18,28c2715fbc9b16a75dc7e849a907a807c5097918ff49a92fd0b76583533998a8,87c0cf2e0f6e4cf5cf1ed4a0f6eb27af0115a73f61e811e17185afa0d20e738e
5c46d4cab0649bd7,late,25,3006751e1a7e406c38e189e38f41abec4478740fb53610b8a85be070f14844a2,0.07862196824725406,0.12857142864669463,0.08972340497517999,-0.049949460399440565,-0.01110143672792592,18,28c2715fbc9b16a75dc7e849a907a807c5097918ff49a92fd0b76583533998a8,87c0cf2e0f6e4cf5cf1ed4a0f6eb27af0115a73f61e811e17185afa0d20e738e
30fc470f7401da0c,late,25,3006751e1a7e406c38e189e38f41abec4478740fb53610b8a85be070f14844a2,0.02857142875693282,0.042857142816088635,0.024146043805425253,-0.014285714059155814,0.004425384951507568,6,28c2715fbc9b16a75dc7e849a907a807c5097918ff49a92fd0b76583533998a8,87c0cf2e0f6e4cf5cf1ed4a0f6eb27af0115a73f61e811e17185afa0d20e738e
36b2c85b266010b4,late,25,3006751e1a7e406c38e189e38f41abec4478740fb53610b8a85be070f14844a2,0.07839280654908146,0.1285714284072117,0.0813183389629828,-0.05017862185813024,-0.0029255324139013383,18,28c2715fbc9b16a75dc7e849a907a807c5097918ff49a92fd0b76583533998a8,87c0cf2e0f6e4cf5cf1ed4a0f6eb27af0115a73f61e811e17185afa0d20e738e
149aab874634a179,late,25,3006751e1a7e406c38e189e38f41abec4478740fb53610b8a85be070f14844a2,0.02857142863529069,0.04285714279328074,0.024971472434742046,-0.01428571415799005,0.003599956200548645,6,28c2715fbc9b16a75dc7e849a907a807c5097918ff49a92fd0b76583533998a8,87c0cf2e0f6e4cf5cf1ed4a0f6eb27af0115a73f61e811e17185afa0d20e738e
b3a6c7628630359d,late,25,3006751e1a7e406c38e189e38f41abec4478740fb53610b8a85be070f14844a2,0.03190772211331426,0.057142857188472944,0.042455966538448395,-0.025235135075158684,-0.010548244425134135,8,28c2715fbc9b16a75dc7e849a907a807c5097918ff49a92fd0b76583533998a8,87c0cf2e0f6e4cf5cf1ed4a0f6eb27af0115a73f61e811e17185afa0d20e738e
6fefd9d7d54089c4,late,25,3006751e1a7e406c38e189e38f41abec4478740fb53610b8a85be070f14844a2,0.024444172731231274,0.042857142834334956,0.029327239240212504,-0.018412970103103683,-0.004883066508981231,6,28c2715fbc9b16a75dc7e849a907a807c5097918ff49a92fd0b76583533998a8,87c0cf2e0f6e4cf5cf1ed4a0f6eb27af0115a73f61e811e17185afa0d20e738e
df88e8a71a960d88,late,25,3006751e1a7e406c38e189e38f41abec4478740fb53610b8a85be070f14844a2,0.07450716478588212,0.12857142864669463,0.08255654514411315,-0.054064263860812506,-0.008049380358231023,18,28c2715fbc9b16a75dc7e849a907a807c5097918ff49a92fd0b76583533998a8,87c0cf2e0f6e4cf5cf1ed4a0f6eb27af0115a73f61e811e17185afa0d20e738e
7c1c7ae6205df8bc,late,25,3006751e1a7e406c38e189e38f41abec4478740fb53610b8a85be070f14844a2,0.09973185244735094,0.17142857108645293,0.11065170295805597,-0.07169671863910199,-0.010919850510705029,24,28c2715fbc9b16a75dc7e849a907a807c5097918ff49a92fd0b76583533998a8,87c0cf2e0f6e4cf5cf1ed4a0f6eb27af0115a73f61e811e17185afa0d20e738e
0e6caa2b89c5671e,late,25,3006751e1a7e406c38e189e38f41abec4478740fb53610b8a85be070f14844a2,0.14623738817538673,0.25714285700600975,0.16586110088130135,-0.11090546883062302,-0.01962371270591462,36,28c2715fbc9b16a75dc7e849a907a807c5097918ff49a92fd0b76583533998a8,87c0cf2e0f6e4cf5cf1ed4a0f6eb27af0115a73f61e811e17185afa0d20e738e
d3e8b63f8afb91f4,late,25,3006751e1a7e406c38e189e38f41abec4478740fb53610b8a85be070f14844a2,0.07511613580737367,0.12857142864327345,0.07393051807775404,-0.05345529283589978,0.0011856177296196285,18,28c2715fbc9b16a75dc7e849a907a807c5097918ff49a92fd0b76583533998a8,87c0cf2e0f6e4cf5cf1ed4a0f6eb27af0115a73f61e811e17185afa0d20e738e
9af16211b24685c6,late,25,3006751e1a7e406c38e189e38f41abec4478740fb53610b8a85be070f14844a2,0.04937022208668812,0.08571428566866991,0.05026721632359964,-0.03634406358198179,-0.0008969942369115164,12,28c2715fbc9b16a75dc7e849a907a807c5097918ff49a92fd0b76583533998a8,87c0cf2e0f6e4cf5cf1ed4a0f6eb27af0115a73f61e811e17185afa0d20e738e
db1e347046310118,late,25,3006751e1a7e406c38e189e38f41abec4478740fb53610b8a85be070f14844a2,0.024947377108093482,0.042857142811527055,0.025030912485472952,-0.017909765703433573,-8.353537737947059e-05,6,28c2715fbc9b16a75dc7e849a907a807c5097918ff49a92fd0b76583533998a8,87c0cf2e0f6e4cf5cf1ed4a0f6eb27af0115a73f61e811e17185afa0d20e738e
56a7dde81d335df3,late,25,3006751e1a7e406c38e189e38f41abec4478740fb53610b8a85be070f14844a2,0.07810966033100587,0.12857142832852445,0.08028169482680303,-0.05046176799751857,-0.0021720344957971566,18,28c2715fbc9b16a75dc7e849a907a807c5097918ff49a92fd0b76583533998a8,87c0cf2e0f6e4cf5cf1ed4a0f6eb27af0115a73f61e811e17185afa0d20e738e
48c43bbbdab973de,late,25,3006751e1a7e406c38e189e38f41abec4478740fb53610b8a85be070f14844a2,0.04927959381445878,0.08571428558428068,0.04719525621698026,-0.0364346917698219,0.0020843375974785236,12,28c2715fbc9b16a75dc7e849a907a807c5097918ff49a92fd0b76583533998a8,87c0cf2e0f6e4cf5cf1ed4a0f6eb27af0115a73f61e811e17185afa0d20e738e
23cf443537af1aae,late,25,3006751e1a7e406c38e189e38f41abec4478740fb53610b8a85be070f14844a2,0.02457598380512168,0.04285714289021431,0.025383572353213056,-0.018281159085092633,-0.0008075885480913758,6,28c2715fbc9b16a75dc7e849a907a807c5097918ff49a92fd0b76583533998a8,87c0cf2e0f6e4cf5cf1ed4a0f6eb27af0115a73f61e811e17185afa0d20e738e
0aaa7c8b0c525308,late,25,3006751e1a7e406c38e189e38f41abec4478740fb53610b8a85be070f14844a2,0.06438182830783525,0.11428571407740214,0.0711145179380438,-0.04990388576956689,-0.006732689630208552,16,28c2715fbc9b16a75dc7e849a907a807c5097918ff49a92fd0b76583533998a8,87c0cf2e0f6e4cf5cf1ed4a0f6eb27af0115a73f61e811e17185afa0d20e738e
d83a5c8ba6bc761e,late,25,3006751e1a7e406c38e189e38f41abec4478740fb53610b8a85be070f14844a2,0.06437900382785414,0.11428571413974373,0.0756622645037571,-0.04990671031188959,-0.011283260675902962,16,28c2715fbc9b16a75dc7e849a907a807c5097918ff49a92fd0b76583533998a8,87c0cf2e0f6e4cf5cf1ed4a0f6eb27af0115a73f61e811e17185afa0d20e738e
f1046a806aadfbe0,late,25,3006751e1a7e406c38e189e38f41abec4478740fb53610b8a85be070f14844a2,0.06437900384841103,0.11428571417623637,0.07316187043717325,-0.04990671032782534,-0.00878286658876222,16,28c2715fbc9b16a75dc7e849a907a807c5097918ff49a92fd0b76583533998a8,87c0cf2e0f6e4cf5cf1ed4a0f6eb27af0115a73f61e811e17185afa0d20e738e
6fc2092861b32642,late,25,3006751e1a7e406c38e189e38f41abec4478740fb53610b8a85be070f14844a2,0.06438537936001365,0.11428571417015426,0.0652451427791982,-0.04990033481014061,-0.0008597634191845477,16,28c2715fbc9b16a75dc7e849a907a807c5097918ff49a92fd0b76583533998a8,87c0cf2e0f6e4cf5cf1ed4a0f6eb27af0115a73f61e811e17185afa0d20e738e
776d096fbd7a62b8,late,25,3006751e1a7e406c38e189e38f41abec4478740fb53610b8a85be070f14844a2,0.0214731780220363,0.04285714279214034,0.024973994881353268,-0.02138396477010404,-0.0035008168593169686,6,28c2715fbc9b16a75dc7e849a907a807c5097918ff49a92fd0b76583533998a8,87c0cf2e0f6e4cf5cf1ed4a0f6eb27af0115a73f61e811e17185afa0d20e738e
460752ddf653e004,late,25,3006751e1a7e406c38e189e38f41abec4478740fb53610b8a85be070f14844a2,0.07432808213144063,0.1285714284277388,0.07430533529602991,-0.05424334629629818,2.274683541071687e-05,18,28c2715fbc9b16a75dc7e849a907a807c5097918ff49a92fd0b76583533998a8,87c0cf2e0f6e4cf5cf1ed4a0f6eb27af0115a73f61e811e17185afa0d20e738e
30bcc4667ee54d7c,mid,25,3006751e1a7e406c38e189e38f41abec4478740fb53610b8a85be070f14844a2,0.020569870271551213,0.042857142794421134,0.03214607904617184,-0.02228727252286992,-0.011576208774620626,6,28c2715fbc9b16a75dc7e849a907a807c5097918ff49a92fd0b76583533998a8,87c0cf2e0f6e4cf5cf1ed4a0f6eb27af0115a73f61e811e17185afa0d20e738e
7d4b1fee8b0f3782,late,25,3006751e1a7e406c38e189e38f41abec4478740fb53610b8a85be070f14844a2,0.024663339708356095,0.04285714284573891,0.028559334728185795,-0.018193803137382815,-0.0038959950198296997,6,28c2715fbc9b16a75dc7e849a907a807c5097918ff49a92fd0b76583533998a8,87c0cf2e0f6e4cf5cf1ed4a0f6eb27af0115a73f61e811e17185afa0d20e738e
8997c4eba59e8594,mid,25,3006751e1a7e406c38e189e38f41abec4478740fb53610b8a85be070f14844a2,0.02449705341597823,0.04285714288565273,0.025318680986574905,-0.018360089469674504,-0.0008216275705966759,6,28c2715fbc9b16a75dc7e849a907a807c5097918ff49a92fd0b76583533998a8,87c0cf2e0f6e4cf5cf1ed4a0f6eb27af0115a73f61e811e17185afa0d20e738e
bac2b3a89002d2a2,late,25,3006751e1a7e406c38e189e38f41abec4478740fb53610b8a85be070f14844a2,0.10370311075693378,0.17142857149243354,0.13932089507448067,-0.06772546073549976,-0.03561778431754689,24,28c2715fbc9b16a75dc7e849a907a807c5097918ff49a92fd0b76583533998a8,87c0cf2e0f6e4cf5cf1ed4a0f6eb27af0115a73f61e811e17185afa0d20e738e
44564f38d84c578b,late,25,3006751e1a7e406c38e189e38f41abec4478740fb53610b8a85be070f14844a2,0.05357015520828429,0.08571428570516255,0.05650535129473621,-0.03214413049687827,-0.002935196086451923,12,28c2715fbc9b16a75dc7e849a907a807c5097918ff49a92fd0b76583533998a8,87c0cf2e0f6e4cf5cf1ed4a0f6eb27af0115a73f61e811e17185afa0d20e738e
60ac7ed07a88c8b5,late,25,3006751e1a7e406c38e189e38f41abec4478740fb53610b8a85be070f14844a2,0.04984502981424716,0.0857142856709507,0.05818060984820576,-0.03586925585670354,-0.008335580033958595,12,28c2715fbc9b16a75dc7e849a907a807c5097918ff49a92fd0b76583533998a8,87c0cf2e0f6e4cf5cf1ed4a0f6eb27af0115a73f61e811e17185afa0d20e738e
624b9c4f6e51f9fa,late,25,3006751e1a7e406c38e189e38f41abec4478740fb53610b8a85be070f14844a2,0.09992663943871252,0.17142857149243354,0.12497288419065786,-0.07150193205372102,-0.025046244751945335,24,28c2715fbc9b16a75dc7e849a907a807c5097918ff49a92fd0b76583533998a8,87c0cf2e0f6e4cf5cf1ed4a0f6eb27af0115a73f61e811e17185afa0d20e738e
3b961a569be80755,late,25,3006751e1a7e406c38e189e38f41abec4478740fb53610b8a85be070f14844a2,0.024487879746337118,0.04285714282293101,0.02503621762482485,-0.01836926307659389,-0.0005483378784877334,6,28c2715fbc9b16a75dc7e849a907a807c5097918ff49a92fd0b76583533998a8,87c0cf2e0f6e4cf5cf1ed4a0f6eb27af0115a73f61e811e17185afa0d20e738e
5fb8d2642e68cf72,late,25,3006751e1a7e406c38e189e38f41abec4478740fb53610b8a85be070f14844a2,0.09972112827816862,0.17142857133277825,0.1066625142140071,-0.07170744305460963,-0.006941385935838484,24,28c2715fbc9b16a75dc7e849a907a807c5097918ff49a92fd0b76583533998a8,87c0cf2e0f6e4cf5cf1ed4a0f6eb27af0115a73f61e811e17185afa0d20e738e
499e4e4687fe7f82,late,25,3006751e1a7e406c38e189e38f41abec4478740fb53610b8a85be070f14844a2,0.024653263792195557,0.042857142816088635,0.02846759368732483,-0.018203879023893078,-0.003814329895129271,6,28c2715fbc9b16a75dc7e849a907a807c5097918ff49a92fd0b76583533998a8,87c0cf2e0f6e4cf5cf1ed4a0f6eb27af0115a73f61e811e17185afa0d20e738e
18ee6c5df8159acb,late,25,3006751e1a7e406c38e189e38f41abec4478740fb53610b8a85be070f14844a2,0.04928329872602602,0.08571428559112305,0.04942110950742609,-0.036430986865097034,-0.00013781078140007175,12,28c2715fbc9b16a75dc7e849a907a807c5097918ff49a92fd0b76583533998a8,87c0cf2e0f6e4cf5cf1ed4a0f6eb27af0115a73f61e811e17185afa0d20e738e
6f26e2f61472d2ba,late,25,3006751e1a7e406c38e189e38f41abec4478740fb53610b8a85be070f14844a2,0.02457598371789797,0.04285714283091377,0.03529120149325852,-0.0182811591130158,-0.01071521777536055,6,28c2715fbc9b16a75dc7e849a907a807c5097918ff49a92fd0b76583533998a8,87c0cf2e0f6e4cf5cf1ed4a0f6eb27af0115a73f61e811e17185afa0d20e738e
a1b85cd1b385605f,late,25,3006751e1a7e406c38e189e38f41abec4478740fb53610b8a85be070f14844a2,0.09886125444936746,0.17142857127347771,0.10229519513893243,-0.07256731682411026,-0.003433940689564971,24,28c2715fbc9b16a75dc7e849a907a807c5097918ff49a92fd0b76583533998a8,87c0cf2e0f6e4cf5cf1ed4a0f6eb27af0115a73f61e811e17185afa0d20e738e
c6d589ffd6239ce1,mid,25,3006751e1a7e406c38e189e38f41abec4478740fb53610b8a85be070f14844a2,0.02447149301261266,0.042857142764770866,0.029279786019142644,-0.018385649752158204,-0.004808293006529983,6,28c2715fbc9b16a75dc7e849a907a807c5097918ff49a92fd0b76583533998a8,87c0cf2e0f6e4cf5cf1ed4a0f6eb27af0115a73f61e811e17185afa0d20e738e
adac1ce9ac05888c,late,25,3006751e1a7e406c38e189e38f41abec4478740fb53610b8a85be070f14844a2,0.05309866345222564,0.08571428567779307,0.05675936019558593,-0.03261562222556743,-0.003660696743360288,12,28c2715fbc9b16a75dc7e849a907a807c5097918ff49a92fd0b76583533998a8,87c0cf2e0f6e4cf5cf1ed4a0f6eb27af0115a73f61e811e17185afa0d20e738e
30a0e035ac98894a,late,25,3006751e1a7e406c38e189e38f41abec4478740fb53610b8a85be070f14844a2,0.053220995971892136,0.08571428567779307,0.06353231969112484,-0.032493289705900937,-0.010311323719232705,12,28c2715fbc9b16a75dc7e849a907a807c5097918ff49a92fd0b76583533998a8,87c0cf2e0f6e4cf5cf1ed4a0f6eb27af0115a73f61e811e17185afa0d20e738e
298e329d46985be6,late,25,3006751e1a7e406c38e189e38f41abec4478740fb53610b8a85be070f14844a2,0.0530986630589752,0.08571428573025125,0.05280335714161458,-0.03261562267127605,0.00029530591736061373,12,28c2715fbc9b16a75dc7e849a907a807c5097918ff49a92fd0b76583533998a8,87c0cf2e0f6e4cf5cf1ed4a0f6eb27af0115a73f61e811e17185afa0d20e738e
db46035c8bb13484,late,25,3006751e1a7e406c38e189e38f41abec4478740fb53610b8a85be070f14844a2,0.05322099612588276,0.08571428566866991,0.05447375260587582,-0.03249328954278715,-0.0012527564799930599,12,28c2715fbc9b16a75dc7e849a907a807c5097918ff49a92fd0b76583533998a8,87c0cf2e0f6e4cf5cf1ed4a0f6eb27af0115a73f61e811e17185afa0d20e738e
868e275bc02ed9aa,late,25,3006751e1a7e406c38e189e38f41abec4478740fb53610b8a85be070f14844a2,0.04997352715051162,0.08571428565954675,0.05794059433600269,-0.03574075850903513,-0.007967067185491068,12,28c2715fbc9b16a75dc7e849a907a807c5097918ff49a92fd0b76583533998a8,87c0cf2e0f6e4cf5cf1ed4a0f6eb27af0115a73f61e811e17185afa0d20e738e
33ddae0fd74c1095,late,25,3006751e1a7e406c38e189e38f41abec4478740fb53610b8a85be070f14844a2,0.05304292177908798,0.08571428560024622,0.050569782125936845,-0.032671363821158234,0.0024731396531511365,12,28c2715fbc9b16a75dc7e849a907a807c5097918ff49a92fd0b76583533998a8,87c0cf2e0f6e4cf5cf1ed4a0f6eb27af0115a73f61e811e17185afa0d20e738e
461699d7bb412c04,late,25,3006751e1a7e406c38e189e38f41abec4478740fb53610b8a85be070f14844a2,0.053098663229933805,0.08571428574849757,0.050668571909624247,-0.032615622518563765,0.002430091320309559,12,28c2715fbc9b16a75dc7e849a907a807c5097918ff49a92fd0b76583533998a8,87c0cf2e0f6e4cf5cf1ed4a0f6eb27af0115a73f61e811e17185afa0d20e738e
071ab07e1e38a628,late,25,3006751e1a7e406c38e189e38f41abec4478740fb53610b8a85be070f14844a2,0.053220995818497506,0.08571428577358625,0.05413107497903406,-0.032493289955088746,-0.0009100791605365574,12,28c2715fbc9b16a75dc7e849a907a807c5097918ff49a92fd0b76583533998a8,87c0cf2e0f6e4cf5cf1ed4a0f6eb27af0115a73f61e811e17185afa0d20e738e
42accf704c38cba0,late,25,3006751e1a7e406c38e189e38f41abec4478740fb53610b8a85be070f14844a2,0.05309866317624308,0.08571428566182754,0.045340912841184834,-0.03261562248558446,0.007757750335058246,12,28c2715fbc9b16a75dc7e849a907a807c5097918ff49a92fd0b76583533998a8,87c0cf2e0f6e4cf5cf1ed4a0f6eb27af0115a73f61e811e17185afa0d20e738e
c10ec77ff32ffa91,late,25,3006751e1a7e406c38e189e38f41abec4478740fb53610b8a85be070f14844a2,0.028571428350952208,0.04285714284573891,0.02124471956564786,-0.014285714494786703,0.007326708785304347,6,28c2715fbc9b16a75dc7e849a907a807c5097918ff49a92fd0b76583533998a8,87c0cf2e0f6e4cf5cf1ed4a0f6eb27af0115a73f61e811e17185afa0d20e738e
54793d67d9944eb8,late,25,3006751e1a7e406c38e189e38f41abec4478740fb53610b8a85be070f14844a2,0.05309866318754639,0.08571428568007386,0.060194882167691546,-0.03261562249252747,-0.007096218980145154,12,28c2715fbc9b16a75dc7e849a907a807c5097918ff49a92fd0b76583533998a8,87c0cf2e0f6e4cf5cf1ed4a0f6eb27af0115a73f61e811e17185afa0d20e738e
8f08729d2995a817,late,25,3006751e1a7e406c38e189e38f41abec4478740fb53610b8a85be070f14844a2,0.024998836374974864,0.04285714285030049,0.021098427364693407,-0.017858306475325627,0.0039004090102814568,6,28c2715fbc9b16a75dc7e849a907a807c5097918ff49a92fd0b76583533998a8,87c0cf2e0f6e4cf5cf1ed4a0f6eb27af0115a73f61e811e17185afa0d20e738e
07e3a9d289c6178d,late,25,3006751e1a7e406c38e189e38f41abec4478740fb53610b8a85be070f14844a2,0.09927850689517052,0.17142857132365508,0.10821749595954476,-0.07215006442848455,-0.008938989064374236,24,28c2715fbc9b16a75dc7e849a907a807c5097918ff49a92fd0b76583533998a8,87c0cf2e0f6e4cf5cf1ed4a0f6eb27af0115a73f61e811e17185afa0d20e738e
7102b379fd198e9c,late,25,3006751e1a7e406c38e189e38f41abec4478740fb53610b8a85be070f14844a2,0.07486765563083939,0.12857142861932516,0.08593697258412619,-0.053703772988485776,-0.011069316953286806,18,28c2715fbc9b16a75dc7e849a907a807c5097918ff49a92fd0b76583533998a8,87c0cf2e0f6e4cf5cf1ed4a0f6eb27af0115a73f61e811e17185afa0d20e738e
d722ebf1d24090c6,late,25,3006751e1a7e406c38e189e38f41abec4478740fb53610b8a85be070f14844a2,0.04905775072841322,0.08571428572340888,0.06414317936387905,-0.03665653499499565,-0.015085428635465824,12,28c2715fbc9b16a75dc7e849a907a807c5097918ff49a92fd0b76583533998a8,87c0cf2e0f6e4cf5cf1ed4a0f6eb27af0115a73f61e811e17185afa0d20e738e
8ce9f2f52718d991,late,25,3006751e1a7e406c38e189e38f41abec4478740fb53610b8a85be070f14844a2,0.04940538745523938,0.08571428568919702,0.05109016585131863,-0.03630889823395764,-0.0016847783960792437,12,28c2715fbc9b16a75dc7e849a907a807c5097918ff49a92fd0b76583533998a8,87c0cf2e0f6e4cf5cf1ed4a0f6eb27af0115a73f61e811e17185afa0d20e738e
bf37710c7cf719ac,late,25,3006751e1a7e406c38e189e38f41abec4478740fb53610b8a85be070f14844a2,0.024633953018003724,0.042857142838896536,0.021227965282019562,-0.018223189820892813,0.0034059877359841617,6,28c2715fbc9b16a75dc7e849a907a807c5097918ff49a92fd0b76583533998a8,87c0cf2e0f6e4cf5cf1ed4a0f6eb27af0115a73f61e811e17185afa0d20e738e
2180a713bbe5e4f3,late,25,3006751e1a7e406c38e189e38f41abec4478740fb53610b8a85be070f14844a2,0.05021481794320579,0.08571428577586704,0.06420556205014964,-0.035499467832661245,-0.013990744106943849,12,28c2715fbc9b16a75dc7e849a907a807c5097918ff49a92fd0b76583533998a8,87c0cf2e0f6e4cf5cf1ed4a0f6eb27af0115a73f61e811e17185afa0d20e738e
e935be4a08f19bb3,late,25,3006751e1a7e406c38e189e38f41abec4478740fb53610b8a85be070f14844a2,0.08241785425412089,0.1285714285919557,0.08709250594150156,-0.046153574337834805,-0.004674651687380668,18,28c2715fbc9b16a75dc7e849a907a807c5097918ff49a92fd0b76583533998a8,87c0cf2e0f6e4cf5cf1ed4a0f6eb27af0115a73f61e811e17185afa0d20e738e
e70a019fe84490e1,late,25,3006751e1a7e406c38e189e38f41abec4478740fb53610b8a85be070f14844a2,0.02857142879038441,0.04285714286626602,0.02857276872408662,-0.014285714075881608,-1.3399337022088065e-06,6,28c2715fbc9b16a75dc7e849a907a807c5097918ff49a92fd0b76583533998a8,87c0cf2e0f6e4cf5cf1ed4a0f6eb27af0115a73f61e811e17185afa0d20e738e
9e3b391509c72b22,mid,25,3006751e1a7e406c38e189e38f41abec4478740fb53610b8a85be070f14844a2,0.024620341760604833,0.04285714283091377,0.025130665925517538,-0.018236801070308936,-0.0005103241649127045,6,28c2715fbc9b16a75dc7e849a907a807c5097918ff49a92fd0b76583533998a8,87c0cf2e0f6e4cf5cf1ed4a0f6eb27af0115a73f61e811e17185afa0d20e738e
85bae8f3c9ae0365,mid,25,3006751e1a7e406c38e189e38f41abec4478740fb53610b8a85be070f14844a2,0.024471493027589507,0.04285714279099995,0.028406661066423932,-0.01838564976341044,-0.0039351680388344246,6,28c2715fbc9b16a75dc7e849a907a807c5097918ff49a92fd0b76583533998a8,87c0cf2e0f6e4cf5cf1ed4a0f6eb27af0115a73f61e811e17185afa0d20e738e
c3f583a297ecfc3c,mid,25,3006751e1a7e406c38e189e38f41abec4478740fb53610b8a85be070f14844a2,0.02548467474459988,0.042857142859423644,0.02878341595130219,-0.017372468114823764,-0.003298741206702309,6,28c2715fbc9b16a75dc7e849a907a807c5097918ff49a92fd0b76583533998a8,87c0cf2e0f6e4cf5cf1ed4a0f6eb27af0115a73f61e811e17185afa0d20e738e
0a43f69ab365b4d3,mid,25,3006751e1a7e406c38e189e38f41abec4478740fb53610b8a85be070f14844a2,0.02462034189405501,0.04285714278529797,0.025039369251646095,-0.018236800891242962,-0.0004190273575910841,6,28c2715fbc9b16a75dc7e849a907a807c5097918ff49a92fd0b76583533998a8,87c0cf2e0f6e4cf5cf1ed4a0f6eb27af0115a73f61e811e17185afa0d20e738e
acf4b5c3199cdd7c,mid,25,3006751e1a7e406c38e189e38f41abec4478740fb53610b8a85be070f14844a2,0.053042921577505696,0.08571428561849254,0.053599820066477774,-0.03267136404098684,-0.0005568984889720782,12,28c2715fbc9b16a75dc7e849a907a807c5097918ff49a92fd0b76583533998a8,87c0cf2e0f6e4cf5cf1ed4a0f6eb27af0115a73f61e811e17185afa0d20e738e
ffb26c129585a7ef,mid,25,3006751e1a7e406c38e189e38f41abec4478740fb53610b8a85be070f14844a2,0.02416269116982134,0.042857142816088635,0.028216770796483017,-0.018694451646267294,-0.004054079626661676,6,28c2715fbc9b16a75dc7e849a907a807c5097918ff49a92fd0b76583533998a8,87c0cf2e0f6e4cf5cf1ed4a0f6eb27af0115a73f61e811e17185afa0d20e738e
7ffa0a410b2e3d2a,mid,25,3006751e1a7e406c38e189e38f41abec4478740fb53610b8a85be070f14844a2,0.04907752743789128,0.08571428571428572,0.05709014891513756,-0.036636758276394434,-0.008012621477246282,12,28c2715fbc9b16a75dc7e849a907a807c5097918ff49a92fd0b76583533998a8,87c0cf2e0f6e4cf5cf1ed4a0f6eb27af0115a73f61e811e17185afa0d20e738e
afa1bb89512b7e7a,mid,25,3006751e1a7e406c38e189e38f41abec4478740fb53610b8a85be070f14844a2,0.024471493066659543,0.042857142859423644,0.028523467642309595,-0.0183856497927641,-0.004051974575650052,6,28c2715fbc9b16a75dc7e849a907a807c5097918ff49a92fd0b76583533998a8,87c0cf2e0f6e4cf5cf1ed4a0f6eb27af0115a73f61e811e17185afa0d20e738e
bb9c5a54bd21082d,mid,25,3006751e1a7e406c38e189e38f41abec4478740fb53610b8a85be070f14844a2,0.02464956738507974,0.04285714279099995,0.020274138578988077,-0.018207575405920207,0.004375428806091663,6,28c2715fbc9b16a75dc7e849a907a807c5097918ff49a92fd0b76583533998a8,87c0cf2e0f6e4cf5cf1ed4a0f6eb27af0115a73f61e811e17185afa0d20e738e
057097684e7e5a87,mid,25,3006751e1a7e406c38e189e38f41abec4478740fb53610b8a85be070f14844a2,0.021545487322977612,0.04285714285714286,0.02851969791310174,-0.021311655534165246,-0.006974210590124128,6,28c2715fbc9b16a75dc7e849a907a807c5097918ff49a92fd0b76583533998a8,87c0cf2e0f6e4cf5cf1ed4a0f6eb27af0115a73f61e811e17185afa0d20e738e
72331df48a7d2dac,mid,25,3006751e1a7e406c38e189e38f41abec4478740fb53610b8a85be070f14844a2,0.02450558574093002,0.042857142838896536,0.024927780181200256,-0.018351557097966518,-0.00042219444027023767,6,28c2715fbc9b16a75dc7e849a907a807c5097918ff49a92fd0b76583533998a8,87c0cf2e0f6e4cf5cf1ed4a0f6eb27af0115a73f61e811e17185afa0d20e738e
61874ccf7e96711e,mid,25,3006751e1a7e406c38e189e38f41abec4478740fb53610b8a85be070f14844a2,0.021671509692978354,0.042857142863985224,0.03217388785824827,-0.02118563317100687,-0.010502378165269916,6,28c2715fbc9b16a75dc7e849a907a807c5097918ff49a92fd0b76583533998a8,87c0cf2e0f6e4cf5cf1ed4a0f6eb27af0115a73f61e811e17185afa0d20e738e
4b8d3d7dd8c4e0ae,mid,25,3006751e1a7e406c38e189e38f41abec4478740fb53610b8a85be070f14844a2,0.04932727878835729,0.08571428564358123,0.05351514226467031,-0.03638700685522394,-0.004187863476313017,12,28c2715fbc9b16a75dc7e849a907a807c5097918ff49a92fd0b76583533998a8,87c0cf2e0f6e4cf5cf1ed4a0f6eb27af0115a73f61e811e17185afa0d20e738e
d5f8df6e4fc6622d,mid,25,3006751e1a7e406c38e189e38f41abec4478740fb53610b8a85be070f14844a2,0.025728324059779355,0.042857142863985224,0.02874343629853163,-0.01712881880420587,-0.0030151122387522752,6,28c2715fbc9b16a75dc7e849a907a807c5097918ff49a92fd0b76583533998a8,87c0cf2e0f6e4cf5cf1ed4a0f6eb27af0115a73f61e811e17185afa0d20e738e
e0cdbab80d258594,mid,25,3006751e1a7e406c38e189e38f41abec4478740fb53610b8a85be070f14844a2,0.02468789329578502,0.042857142821790616,0.02848830571975193,-0.018169249526005595,-0.0038004124239669097,6,28c2715fbc9b16a75dc7e849a907a807c5097918ff49a92fd0b76583533998a8,87c0cf2e0f6e4cf5cf1ed4a0f6eb27af0115a73f61e811e17185afa0d20e738e
4456aeaef4126487,mid,25,3006751e1a7e406c38e189e38f41abec4478740fb53610b8a85be070f14844a2,0.0246495674034451,0.04285714282293101,0.02299315906289979,-0.018207575419485908,0.0016564083405453123,6,28c2715fbc9b16a75dc7e849a907a807c5097918ff49a92fd0b76583533998a8,87c0cf2e0f6e4cf5cf1ed4a0f6eb27af0115a73f61e811e17185afa0d20e738e
4dca2566ec2be9b6,late,30,15c307ae70591a4a620c54f23d22cb3c5266acfa5ec64ea2de50e728baabce28,0.05297610033956071,0.08571428559568464,0.053848653265404646,-0.03273818525612393,-0.0008725529258439349,12,28c2715fbc9b16a75dc7e849a907a807c5097918ff49a92fd0b76583533998a8,87c0cf2e0f6e4cf5cf1ed4a0f6eb27af0115a73f61e811e17185afa0d20e738e
42be4c9c478fcf87,mid,30,15c307ae70591a4a620c54f23d22cb3c5266acfa5ec64ea2de50e728baabce28,0.024680157882261307,0.042857142808105875,0.021396159090100793,-0.018176984925844568,0.003283998792160514,6,28c2715fbc9b16a75dc7e849a907a807c5097918ff49a92fd0b76583533998a8,87c0cf2e0f6e4cf5cf1ed4a0f6eb27af0115a73f61e811e17185afa0d20e738e
e9cae6ed68f487bd,late,30,15c307ae70591a4a620c54f23d22cb3c5266acfa5ec64ea2de50e728baabce28,0.02468727242457673,0.0428571428708276,0.02859144435245803,-0.018169870446250867,-0.0039041719278812975,6,28c2715fbc9b16a75dc7e849a907a807c5097918ff49a92fd0b76583533998a8,87c0cf2e0f6e4cf5cf1ed4a0f6eb27af0115a73f61e811e17185afa0d20e738e
8aad5b2f419c6072,late,30,15c307ae70591a4a620c54f23d22cb3c5266acfa5ec64ea2de50e728baabce28,0.07889789947470972,0.12857142853721673,0.07489731522678868,-0.04967352906250701,0.004000584247921046,18,28c2715fbc9b16a75dc7e849a907a807c5097918ff49a92fd0b76583533998a8,87c0cf2e0f6e4cf5cf1ed4a0f6eb27af0115a73f61e811e17185afa0d20e738e
5fbcbd0c5df88ebb,late,30,15c307ae70591a4a620c54f23d22cb3c5266acfa5ec64ea2de50e728baabce28,0.053633147097011794,0.08571428570060098,0.04588625754960633,-0.03208113860358919,0.007746889547405461,12,28c2715fbc9b16a75dc7e849a907a807c5097918ff49a92fd0b76583533998a8,87c0cf2e0f6e4cf5cf1ed4a0f6eb27af0115a73f61e811e17185afa0d20e738e
114b4dce6f7bfe50,late,30,15c307ae70591a4a620c54f23d22cb3c5266acfa5ec64ea2de50e728baabce28,0.0781032170435333,0.12857142846195066,0.0863589743215195,-0.050468211418417355,-0.008255757277986192,18,28c2715fbc9b16a75dc7e849a907a807c5097918ff49a92fd0b76583533998a8,87c0cf2e0f6e4cf5cf1ed4a0f6eb27af0115a73f61e811e17185afa0d20e738e
916e555f6c4000ff,late,30,15c307ae70591a4a620c54f23d22cb3c5266acfa5ec64ea2de50e728baabce28,0.024707857324923255,0.04285714288907392,0.02569700252582761,-0.018149285564150665,-0.000989145200904356,6,28c2715fbc9b16a75dc7e849a907a807c5097918ff49a92fd0b76583533998a8,87c0cf2e0f6e4cf5cf1ed4a0f6eb27af0115a73f61e811e17185afa0d20e738e
6264497eaa048e7d,late,30,15c307ae70591a4a620c54f23d22cb3c5266acfa5ec64ea2de50e728baabce28,0.049250531833392105,0.08571428561849254,0.049206434188499244,-0.03646375378510043,4.409764489286122e-05,12,28c2715fbc9b16a75dc7e849a907a807c5097918ff49a92fd0b76583533998a8,87c0cf2e0f6e4cf5cf1ed4a0f6eb27af0115a73f61e811e17185afa0d20e738e
cd631ab31fac34e8,late,30,15c307ae70591a4a620c54f23d22cb3c5266acfa5ec64ea2de50e728baabce28,0.028571428347911154,0.04285714284117733,0.028416941730097012,-0.014285714493266176,0.0001544866178141424,6,28c2715fbc9b16a75dc7e849a907a807c5097918ff49a92fd0b76583533998a8,87c0cf2e0f6e4cf5cf1ed4a0f6eb27af0115a73f61e811e17185afa0d20e738e
2fa902a4bde72d4f,late,30,15c307ae70591a4a620c54f23d22cb3c5266acfa5ec64ea2de50e728baabce28,0.0787122627429388,0.12857142839352695,0.07536899165598443,-0.04985916565058815,0.003343271086954369,18,28c2715fbc9b16a75dc7e849a907a807c5097918ff49a92fd0b76583533998a8,87c0cf2e0f6e4cf5cf1ed4a0f6eb27af0115a73f61e811e17185afa0d20e738e
58de86eedc55d29f,late,30,15c307ae70591a4a620c54f23d22cb3c5266acfa5ec64ea2de50e728baabce28,0.0786004525491381,0.12857142853037434,0.08176886239804257,-0.049970975981236246,-0.0031684098489044715,18,28c2715fbc9b16a75dc7e849a907a807c5097918ff49a92fd0b76583533998a8,87c0cf2e0f6e4cf5cf1ed4a0f6eb27af0115a73f61e811e17185afa0d20e738e
55c6be1343917df6,late,30,15c307ae70591a4a620c54f23d22cb3c5266acfa5ec64ea2de50e728baabce28,0.07866308623460401,0.12857142845510827,0.09889330253637336,-0.04990834222050426,-0.020230216301769355,18,28c2715fbc9b16a75dc7e849a907a807c5097918ff49a92fd0b76583533998a8,87c0cf2e0f6e4cf5cf1ed4a0f6eb27af0115a73f61e811e17185afa0d20e738e
5c46d4cab0649bd7,late,30,15c307ae70591a4a620c54f23d22cb3c5266acfa5ec64ea2de50e728baabce28,0.07860045286240365,0.12857142869459123,0.07853592391597622,-0.049970975832187584,6.452894642743068e-05,18,28c2715fbc9b16a75dc7e849a907a807c5097918ff49a92fd0b76583533998a8,87c0cf2e0f6e4cf5cf1ed4a0f6eb27af0115a73f61e811e17185afa0d20e738e
30fc470f7401da0c,late,30,15c307ae70591a4a620c54f23d22cb3c5266acfa5ec64ea2de50e728baabce28,0.028571428715878602,0.042857142834334956,0.0356991024231809,-0.014285714118456354,-0.007127673707302301,6,28c2715fbc9b16a75dc7e849a907a807c5097918ff49a92fd0b76583533998a8,87c0cf2e0f6e4cf5cf1ed4a0f6eb27af0115a73f61e811e17185afa0d20e738e
36b2c85b266010b4,late,30,15c307ae70591a4a620c54f23d22cb3c5266acfa5ec64ea2de50e728baabce28,0.07852389526552567,0.12857142859537687,0.08617137384742497,-0.05004753332985121,-0.007647478581899306,18,28c2715fbc9b16a75dc7e849a907a807c5097918ff49a92fd0b76583533998a8,87c0cf2e0f6e4cf5cf1ed4a0f6eb27af0115a73f61e811e17185afa0d20e738e
149aab874634a179,late,30,15c307ae70591a4a620c54f23d22cb3c5266acfa5ec64ea2de50e728baabce28,0.0285714287014336,0.042857142812667455,0.024690555436192568,-0.014285714111233853,0.003880873265241034,6,28c2715fbc9b16a75dc7e849a907a807c5097918ff49a92fd0b76583533998a8,87c0cf2e0f6e4cf5cf1ed4a0f6eb27af0115a73f61e811e17185afa0d20e738e
b3a6c7628630359d,late,30,15c307ae70591a4a620c54f23d22cb3c5266acfa5ec64ea2de50e728baabce28,0.03196500203190983,0.05714285702425607,0.03563721129990841,-0.02517785499234624,-0.0036722092679985843,8,28c2715fbc9b16a75dc7e849a907a807c5097918ff49a92fd0b76583533998a8,87c0cf2e0f6e4cf5cf1ed4a0f6eb27af0115a73f61e811e17185afa0d20e738e
6fefd9d7d54089c4,late,30,15c307ae70591a4a620c54f23d22cb3c5266acfa5ec64ea2de50e728baabce28,0.024493573152893088,0.04285714280924627,0.03213128592953315,-0.01836356965635318,-0.007637712776640059,6,28c2715fbc9b16a75dc7e849a907a807c5097918ff49a92fd0b76583533998a8,87c0cf2e0f6e4cf5cf1ed4a0f6eb27af0115a73f61e811e17185afa0d20e738e
df88e8a71a960d88,late,30,15c307ae70591a4a620c54f23d22cb3c5266acfa5ec64ea2de50e728baabce28,0.07460291159911585,0.12857142844142355,0.07906530970429518,-0.053968516842307704,-0.00446239810517933,18,28c2715fbc9b16a75dc7e849a907a807c5097918ff49a92fd0b76583533998a8,87c0cf2e0f6e4cf5cf1ed4a0f6eb27af0115a73f61e811e17185afa0d20e738e
7c1c7ae6205df8bc,late,30,15c307ae70591a4a620c54f23d22cb3c5266acfa5ec64ea2de50e728baabce28,0.09956961889936981,0.17142857121873875,0.10599391915767001,-0.07185895231936894,-0.006424300258300195,24,28c2715fbc9b16a75dc7e849a907a807c5097918ff49a92fd0b76583533998a8,87c0cf2e0f6e4cf5cf1ed4a0f6eb27af0115a73f61e811e17185afa0d20e738e
0e6caa2b89c5671e,late,30,15c307ae70591a4a620c54f23d22cb3c5266acfa5ec64ea2de50e728baabce28,0.1462552420809504,0.25714285667757597,0.1786507570810549,-0.11088761459662558,-0.03239551500010451,36,28c2715fbc9b16a75dc7e849a907a807c5097918ff49a92fd0b76583533998a8,87c0cf2e0f6e4cf5cf1ed4a0f6eb27af0115a73f61e811e17185afa0d20e738e
d3e8b63f8afb91f4,late,30,15c307ae70591a4a620c54f23d22cb3c5266acfa5ec64ea2de50e728baabce28,0.0750295744284559,0.12857142873222427,0.07109647561773483,-0.05354185430376837,0.00393309881072107,18,28c2715fbc9b16a75dc7e849a907a807c5097918ff49a92fd0b76583533998a8,87c0cf2e0f6e4cf5cf1ed4a0f6eb27af0115a73f61e811e17185afa0d20e738e
9af16211b24685c6,late,30,15c307ae70591a4a620c54f23d22cb3c5266acfa5ec64ea2de50e728baabce28,0.04952532900748253,0.0857142857416552,0.06451477554158913,-0.03618895673417267,-0.014989446534106603,12,28c2715fbc9b16a75dc7e849a907a807c5097918ff49a92fd0b76583533998a8,87c0cf2e0f6e4cf5cf1ed4a0f6eb27af0115a73f61e811e17185afa0d20e738e
db1e347046310118,late,30,15c307ae70591a4a620c54f23d22cb3c5266acfa5ec64ea2de50e728baabce28,0.02498336741568696,0.04285714283205417,0.032330608508648793,-0.01787377541636721,-0.0073472410929618336,6,28c2715fbc9b16a75dc7e849a907a807c5097918ff49a92fd0b76583533998a8,87c0cf2e0f6e4cf5cf1ed4a0f6eb27af0115a73f61e811e17185afa0d20e738e
56a7dde81d335df3,late,30,15c307ae70591a4a620c54f23d22cb3c5266acfa5ec64ea2de50e728baabce28,0.07821833478600364,0.12857142853721673,0.07587989662484401,-0.05035309375121309,0.0023384381611596256,18,28c2715fbc9b16a75dc7e849a907a807c5097918ff49a92fd0b76583533998a8,87c0cf2e0f6e4cf5cf1ed4a0f6eb27af0115a73f61e811e17185afa0d20e738e
48c43bbbdab973de,late,30,15c307ae70591a4a620c54f23d22cb3c5266acfa5ec64ea2de50e728baabce28,0.049548219519991096,0.0857142856276157,0.046362111989894074,-0.0361660661076246,0.0031861075300970224,12,28c2715fbc9b16a75dc7e849a907a807c5097918ff49a92fd0b76583533998a8,87c0cf2e0f6e4cf5cf1ed4a0f6eb27af0115a73f61e811e17185afa0d20e738e
23cf443537af1aae,late,30,15c307ae70591a4a620c54f23d22cb3c5266acfa5ec64ea2de50e728baabce28,0.02469062787370656,0.042857142825211796,0.024804482909863403,-0.018166514951505234,-0.00011385503615684092,6,28c2715fbc9b16a75dc7e849a907a807c5097918ff49a92fd0b76583533998a8,87c0cf2e0f6e4cf5cf1ed4a0f6eb27af0115a73f61e811e17185afa0d20e738e
0aaa7c8b0c525308,late,30,15c307ae70591a4a620c54f23d22cb3c5266acfa5ec64ea2de50e728baabce28,0.0644091635076951,0.1142857141321411,0.07539000224302934,-0.049876550624446,-0.010980838735334245,16,28c2715fbc9b16a75dc7e849a907a807c5097918ff49a92fd0b76583533998a8,87c0cf2e0f6e4cf5cf1ed4a0f6eb27af0115a73f61e811e17185afa0d20e738e
d83a5c8ba6bc761e,late,30,15c307ae70591a4a620c54f23d22cb3c5266acfa5ec64ea2de50e728baabce28,0.06440365049600368,0.11428571421272901,0.07497188710210245,-0.049882063716725336,-0.010568236606098777,16,28c2715fbc9b16a75dc7e849a907a807c5097918ff49a92fd0b76583533998a8,87c0cf2e0f6e4cf5cf1ed4a0f6eb27af0115a73f61e811e17185afa0d20e738e
f1046a806aadfbe0,late,30,15c307ae70591a4a620c54f23d22cb3c5266acfa5ec64ea2de50e728baabce28,0.06440365048229384,0.11428571418840058,0.07157226592594192,-0.04988206370610675,-0.00716861544364808,16,28c2715fbc9b16a75dc7e849a907a807c5097918ff49a92fd0b76583533998a8,87c0cf2e0f6e4cf5cf1ed4a0f6eb27af0115a73f61e811e17185afa0d20e738e
6fc2092861b32642,late,30,15c307ae70591a4a620c54f23d22cb3c5266acfa5ec64ea2de50e728baabce28,0.06440570988284265,0.1142857142005648,0.06783782824077086,-0.049880004317722146,-0.0034321183579282127,16,28c2715fbc9b16a75dc7e849a907a807c5097918ff49a92fd0b76583533998a8,87c0cf2e0f6e4cf5cf1ed4a0f6eb27af0115a73f61e811e17185afa0d20e738e
776d096fbd7a62b8,late,30,15c307ae70591a4a620c54f23d22cb3c5266acfa5ec64ea2de50e728baabce28,0.021441235523273258,0.04285714279784232,0.03214447110701053,-0.021415907274569063,-0.010703235583737276,6,28c2715fbc9b16a75dc7e849a907a807c5097918ff49a92fd0b76583533998a8,87c0cf2e0f6e4cf5cf1ed4a0f6eb27af0115a73f61e811e17185afa0d20e738e
460752ddf653e004,late,30,15c307ae70591a4a620c54f23d22cb3c5266acfa5ec64ea2de50e728baabce28,0.07447883739590769,0.12857142843458116,0.08923314065887125,-0.054092591038673477,-0.014754303262963564,18,28c2715fbc9b16a75dc7e849a907a807c5097918ff49a92fd0b76583533998a8,87c0cf2e0f6e4cf5cf1ed4a0f6eb27af0115a73f61e811e17185afa0d20e738e
30bcc4667ee54d7c,mid,30,15c307ae70591a4a620c54f23d22cb3c5266acfa5ec64ea2de50e728baabce28,0.020811300656574508,0.042857142826352196,0.021710622454695756,-0.022045842169777688,-0.0008993217981212477,6,28c2715fbc9b16a75dc7e849a907a807c5097918ff49a92fd0b76583533998a8,87c0cf2e0f6e4cf5cf1ed4a0f6eb27af0115a73f61e811e17185afa0d20e738e
7d4b1fee8b0f3782,late,30,15c307ae70591a4a620c54f23d22cb3c5266acfa5ec64ea2de50e728baabce28,0.024519449195243667,0.04285714283775614,0.038531616073233806,-0.018337693642512476,-0.014012166877990138,6,28c2715fbc9b16a75dc7e849a907a807c5097918ff49a92fd0b76583533998a8,87c0cf2e0f6e4cf5cf1ed4a0f6eb27af0115a73f61e811e17185afa0d20e738e
8997c4eba59e8594,mid,30,15c307ae70591a4a620c54f23d22cb3c5266acfa5ec64ea2de50e728baabce28,0.0246011338800709,0.04285714280012311,0.035704026430174673,-0.01825600892005221,-0.011102892550103775,6,28c2715fbc9b16a75dc7e849a907a807c5097918ff49a92fd0b76583533998a8,87c0cf2e0f6e4cf5cf1ed4a0f6eb27af0115a73f61e811e17185afa0d20e738e
bac2b3a89002d2a2,late,30,15c307ae70591a4a620c54f23d22cb3c5266acfa5ec64ea2de50e728baabce28,0.10364140483523528,0.1714285712278619,0.11107202920298573,-0.06778716639262662,-0.007430624367750452,24,28c2715fbc9b16a75dc7e849a907a807c5097918ff49a92fd0b76583533998a8,87c0cf2e0f6e4cf5cf1ed4a0f6eb27af0115a73f61e811e17185afa0d20e738e
44564f38d84c578b,late,30,15c307ae70591a4a620c54f23d22cb3c5266acfa5ec64ea2de50e728baabce28,0.05357396344235726,0.0857142855819999,0.054523537915669246,-0.03214032213964264,-0.0009495744733119885,12,28c2715fbc9b16a75dc7e849a907a807c5097918ff49a92fd0b76583533998a8,87c0cf2e0f6e4cf5cf1ed4a0f6eb27af0115a73f61e811e17185afa0d20e738e
60ac7ed07a88c8b5,late,30,15c307ae70591a4a620c54f23d22cb3c5266acfa5ec64ea2de50e728baabce28,0.049968179991212856,0.08571428568691623,0.06436570577396909,-0.03574610569570338,-0.014397525782756236,12,28c2715fbc9b16a75dc7e849a907a807c5097918ff49a92fd0b76583533998a8,87c0cf2e0f6e4cf5cf1ed4a0f6eb27af0115a73f61e811e17185afa0d20e738e
624b9c4f6e51f9fa,late,30,15c307ae70591a4a620c54f23d22cb3c5266acfa5ec64ea2de50e728baabce28,0.09997436935884584,0.17142857114575347,0.11066282825647998,-0.07145420178690763,-0.010688458897634145,24,28c2715fbc9b16a75dc7e849a907a807c5097918ff49a92fd0b76583533998a8,87c0cf2e0f6e4cf5cf1ed4a0f6eb27af0115a73f61e811e17185afa0d20e738e
3b961a569be80755,late,30,15c307ae70591a4a620c54f23d22cb3c5266acfa5ec64ea2de50e728baabce28,0.024574314634729016,0.04285714284231772,0.028455836795006323,-0.018282828207588708,-0.003881522160277307,6,28c2715fbc9b16a75dc7e849a907a807c5097918ff49a92fd0b76583533998a8,87c0cf2e0f6e4cf5cf1ed4a0f6eb27af0115a73f61e811e17185afa0d20e738e
5fb8d2642e68cf72,late,30,15c307ae70591a4a620c54f23d22cb3c5266acfa5ec64ea2de50e728baabce28,0.09980347823390319,0.1714285710910145,0.11771488592265701,-0.07162509285711131,-0.017911407688753822,24,28c2715fbc9b16a75dc7e849a907a807c5097918ff49a92fd0b76583533998a8,87c0cf2e0f6e4cf5cf1ed4a0f6eb27af0115a73f61e811e17185afa0d20e738e
499e4e4687fe7f82,late,30,15c307ae70591a4a620c54f23d22cb3c5266acfa5ec64ea2de50e728baabce28,0.02468727250671677,0.04285714273626099,0.02534975769564844,-0.01816987022954422,-0.0006624851889316698,6,28c2715fbc9b16a75dc7e849a907a807c5097918ff49a92fd0b76583533998a8,87c0cf2e0f6e4cf5cf1ed4a0f6eb27af0115a73f61e811e17185afa0d20e738e
18ee6c5df8159acb,late,30,15c307ae70591a4a620c54f23d22cb3c5266acfa5ec64ea2de50e728baabce28,0.04954341855979069,0.08571428568691623,0.056628912722437856,-0.03617086712712554,-0.007085494162647164,12,28c2715fbc9b16a75dc7e849a907a807c5097918ff49a92fd0b76583533998a8,87c0cf2e0f6e4cf5cf1ed4a0f6eb27af0115a73f61e811e17185afa0d20e738e
6f26e2f61472d2ba,late,30,15c307ae70591a4a620c54f23d22cb3c5266acfa5ec64ea2de50e728baabce28,0.024690627857281607,0.04285714279670192,0.020823929429488835,-0.018166514939420314,0.0038666984277927717,6,28c2715fbc9b16a75dc7e849a907a807c5097918ff49a92fd0b76583533998a8,87c0cf2e0f6e4cf5cf1ed4a0f6eb27af0115a73f61e811e17185afa0d20e738e
a1b85cd1b385605f,late,30,15c307ae70591a4a620c54f23d22cb3c5266acfa5ec64ea2de50e728baabce28,0.09925958304588102,0.17142857130084718,0.11088319236932244,-0.07216898825496616,-0.01162360932344142,24,28c2715fbc9b16a75dc7e849a907a807c5097918ff49a92fd0b76583533998a8,87c0cf2e0f6e4cf5cf1ed4a0f6eb27af0115a73f61e811e17185afa0d20e738e
c6d589ffd6239ce1,mid,30,15c307ae70591a4a620c54f23d22cb3c5266acfa5ec64ea2de50e728baabce28,0.024414977245005805,0.04285714281038666,0.021919536087696548,-0.018442165565380857,0.002495441157309257,6,28c2715fbc9b16a75dc7e849a907a807c5097918ff49a92fd0b76583533998a8,87c0cf2e0f6e4cf5cf1ed4a0f6eb27af0115a73f61e811e17185afa0d20e738e
adac1ce9ac05888c,late,30,15c307ae70591a4a620c54f23d22cb3c5266acfa5ec64ea2de50e728baabce28,0.053141081548347034,0.08571428563217727,0.05724841292253182,-0.032573204083830236,-0.004107331374184786,12,28c2715fbc9b16a75dc7e849a907a807c5097918ff49a92fd0b76583533998a8,87c0cf2e0f6e4cf5cf1ed4a0f6eb27af0115a73f61e811e17185afa0d20e738e
30a0e035ac98894a,late,30,15c307ae70591a4a620c54f23d22cb3c5266acfa5ec64ea2de50e728baabce28,0.053100825375232676,0.08571428564130043,0.06379698594655565,-0.032613460266067755,-0.010696160571322978,12,28c2715fbc9b16a75dc7e849a907a807c5097918ff49a92fd0b76583533998a8,87c0cf2e0f6e4cf5cf1ed4a0f6eb27af0115a73f61e811e17185afa0d20e738e
298e329d46985be6,late,30,15c307ae70591a4a620c54f23d22cb3c5266acfa5ec64ea2de50e728baabce28,0.05314108166609624,0.08571428565042359,0.050860087056668675,-0.03257320398432735,0.0022809946094275654,12,28c2715fbc9b16a75dc7e849a907a807c5097918ff49a92fd0b76583533998a8,87c0cf2e0f6e4cf5cf1ed4a0f6eb27af0115a73f61e811e17185afa0d20e738e
db46035c8bb13484,late,30,15c307ae70591a4a620c54f23d22cb3c5266acfa5ec64ea2de50e728baabce28,0.053100825470840246,0.08571428570972413,0.0495060323045985,-0.03261346023888388,0.0035947931662417484,12,28c2715fbc9b16a75dc7e849a907a807c5097918ff49a92fd0b76583533998a8,87c0cf2e0f6e4cf5cf1ed4a0f6eb27af0115a73f61e811e17185afa0d20e738e
868e275bc02ed9aa,late,30,15c307ae70591a4a620c54f23d22cb3c5266acfa5ec64ea2de50e728baabce28,0.04997058533666452,0.08571428565042359,0.04958046867942562,-0.03574370031375907,0.0003901166572388981,12,28c2715fbc9b16a75dc7e849a907a807c5097918ff49a92fd0b76583533998a8,87c0cf2e0f6e4cf5cf1ed4a0f6eb27af0115a73f61e811e17185afa0d20e738e
33ddae0fd74c1095,late,30,15c307ae70591a4a620c54f23d22cb3c5266acfa5ec64ea2de50e728baabce28,0.052986405876550034,0.08571428568235466,0.05491623647593954,-0.032727879805804626,-0.0019298305993895037,12,28c2715fbc9b16a75dc7e849a907a807c5097918ff49a92fd0b76583533998a8,87c0cf2e0f6e4cf5cf1ed4a0f6eb27af0115a73f61e811e17185afa0d20e738e
461699d7bb412c04,late,30,15c307ae70591a4a620c54f23d22cb3c5266acfa5ec64ea2de50e728baabce28,0.05314108173628318,0.08571428567779307,0.053983378866321964,-0.03257320394150989,-0.0008422971300387841,12,28c2715fbc9b16a75dc7e849a907a807c5097918ff49a92fd0b76583533998a8,87c0cf2e0f6e4cf5cf1ed4a0f6eb27af0115a73f61e811e17185afa0d20e738e
071ab07e1e38a628,late,30,15c307ae70591a4a620c54f23d22cb3c5266acfa5ec64ea2de50e728baabce28,0.05310082556362188,0.08571428577358625,0.05388782794457151,-0.03261346020996437,-0.0007870023809496279,12,28c2715fbc9b16a75dc7e849a907a807c5097918ff49a92fd0b76583533998a8,87c0cf2e0f6e4cf5cf1ed4a0f6eb27af0115a73f61e811e17185afa0d20e738e
42accf704c38cba0,late,30,15c307ae70591a4a620c54f23d22cb3c5266acfa5ec64ea2de50e728baabce28,0.053141081733455095,0.0857142856732315,0.054063825709129314,-0.032573203939776404,-0.0009227439756742187,12,28c2715fbc9b16a75dc7e849a907a807c5097918ff49a92fd0b76583533998a8,87c0cf2e0f6e4cf5cf1ed4a0f6eb27af0115a73f61e811e17185afa0d20e738e
c10ec77ff32ffa91,late,30,15c307ae70591a4a620c54f23d22cb3c5266acfa5ec64ea2de50e728baabce28,0.028571428652016485,0.04285714289819708,0.027644956085171507,-0.014285714246180595,0.0009264725668449783,6,28c2715fbc9b16a75dc7e849a907a807c5097918ff49a92fd0b76583533998a8,87c0cf2e0f6e4cf5cf1ed4a0f6eb27af0115a73f61e811e17185afa0d20e738e
54793d67d9944eb8,late,30,15c307ae70591a4a620c54f23d22cb3c5266acfa5ec64ea2de50e728baabce28,0.05314108166943951,0.0857142857416552,0.04985800307239528,-0.032573204072215686,0.0032830785970442283,12,28c2715fbc9b16a75dc7e849a907a807c5097918ff49a92fd0b76583533998a8,87c0cf2e0f6e4cf5cf1ed4a0f6eb27af0115a73f61e811e17185afa0d20e738e
8f08729d2995a817,late,30,15c307ae70591a4a620c54f23d22cb3c5266acfa5ec64ea2de50e728baabce28,0.025002027893709776,0.04285714295749762,0.029077252866934408,-0.01785511506378784,-0.004075224973224632,6,28c2715fbc9b16a75dc7e849a907a807c5097918ff49a92fd0b76583533998a8,87c0cf2e0f6e4cf5cf1ed4a0f6eb27af0115a73f61e811e17185afa0d20e738e
07e3a9d289c6178d,late,30,15c307ae70591a4a620c54f23d22cb3c5266acfa5ec64ea2de50e728baabce28,0.09943313366739218,0.17142857100890607,0.10277071309262872,-0.0719954373415139,-0.0033375794252365476,24,28c2715fbc9b16a75dc7e849a907a807c5097918ff49a92fd0b76583533998a8,87c0cf2e0f6e4cf5cf1ed4a0f6eb27af0115a73f61e811e17185afa0d20e738e
7102b379fd198e9c,late,30,15c307ae70591a4a620c54f23d22cb3c5266acfa5ec64ea2de50e728baabce28,0.07492436295649371,0.12857142843458116,0.08216206145907932,-0.05364706547808745,-0.007237698502585613,18,28c2715fbc9b16a75dc7e849a907a807c5097918ff49a92fd0b76583533998a8,87c0cf2e0f6e4cf5cf1ed4a0f6eb27af0115a73f61e811e17185afa0d20e738e
d722ebf1d24090c6,late,30,15c307ae70591a4a620c54f23d22cb3c5266acfa5ec64ea2de50e728baabce28,0.049118808401294865,0.08571428573253204,0.05081239487460945,-0.03659547733123717,-0.0016935864733145858,12,28c2715fbc9b16a75dc7e849a907a807c5097918ff49a92fd0b76583533998a8,87c0cf2e0f6e4cf5cf1ed4a0f6eb27af0115a73f61e811e17185afa0d20e738e
8ce9f2f52718d991,late,30,15c307ae70591a4a620c54f23d22cb3c5266acfa5ec64ea2de50e728baabce28,0.049469858961784505,0.08571428565954675,0.05778572502447938,-0.03624442669776225,-0.008315866062694875,12,28c2715fbc9b16a75dc7e849a907a807c5097918ff49a92fd0b76583533998a8,87c0cf2e0f6e4cf5cf1ed4a0f6eb27af0115a73f61e811e17185afa0d20e738e
bf37710c7cf719ac,late,30,15c307ae70591a4a620c54f23d22cb3c5266acfa5ec64ea2de50e728baabce28,0.024687565223197448,0.042857142854862064,0.02877457445068154,-0.018169577631664616,-0.004087009227484093,6,28c2715fbc9b16a75dc7e849a907a807c5097918ff49a92fd0b76583533998a8,87c0cf2e0f6e4cf5cf1ed4a0f6eb27af0115a73f61e811e17185afa0d20e738e
2180a713bbe5e4f3,late,30,15c307ae70591a4a620c54f23d22cb3c5266acfa5ec64ea2de50e728baabce28,0.04999478537323414,0.08571428568235466,0.05053712883411987,-0.03571950030912052,-0.000542343460885733,12,28c2715fbc9b16a75dc7e849a907a807c5097918ff49a92fd0b76583533998a8,87c0cf2e0f6e4cf5cf1ed4a0f6eb27af0115a73f61e811e17185afa0d20e738e
e935be4a08f19bb3,late,30,15c307ae70591a4a620c54f23d22cb3c5266acfa5ec64ea2de50e728baabce28,0.08247954978913492,0.12857142857827095,0.08195861466665133,-0.04609187878913602,0.0005209351224835929,18,28c2715fbc9b16a75dc7e849a907a807c5097918ff49a92fd0b76583533998a8,87c0cf2e0f6e4cf5cf1ed4a0f6eb27af0115a73f61e811e17185afa0d20e738e
e70a019fe84490e1,late,30,15c307ae70591a4a620c54f23d22cb3c5266acfa5ec64ea2de50e728baabce28,0.02857142869915281,0.04285714288907392,0.02503439658190957,-0.014285714189921108,0.003537032117243242,6,28c2715fbc9b16a75dc7e849a907a807c5097918ff49a92fd0b76583533998a8,87c0cf2e0f6e4cf5cf1ed4a0f6eb27af0115a73f61e811e17185afa0d20e738e
9e3b391509c72b22,mid,30,15c307ae70591a4a620c54f23d22cb3c5266acfa5ec64ea2de50e728baabce28,0.024715141459918905,0.042857142834334956,0.02501874027240556,-0.01814200137441605,-0.0003035988124866565,6,28c2715fbc9b16a75dc7e849a907a807c5097918ff49a92fd0b76583533998a8,87c0cf2e0f6e4cf5cf1ed4a0f6eb27af0115a73f61e811e17185afa0d20e738e
85bae8f3c9ae0365,mid,30,15c307ae70591a4a620c54f23d22cb3c5266acfa5ec64ea2de50e728baabce28,0.024414977254101092,0.042857142826352196,0.028276880863429294,-0.018442165572251104,-0.0038619036093282023,6,28c2715fbc9b16a75dc7e849a907a807c5097918ff49a92fd0b76583533998a8,87c0cf2e0f6e4cf5cf1ed4a0f6eb27af0115a73f61e811e17185afa0d20e738e
c3f583a297ecfc3c,mid,30,15c307ae70591a4a620c54f23d22cb3c5266acfa5ec64ea2de50e728baabce28,0.025286870799433078,0.04285714281836943,0.028275739429215897,-0.01757027201893635,-0.0029888686297828183,6,28c2715fbc9b16a75dc7e849a907a807c5097918ff49a92fd0b76583533998a8,87c0cf2e0f6e4cf5cf1ed4a0f6eb27af0115a73f61e811e17185afa0d20e738e
0a43f69ab365b4d3,mid,30,15c307ae70591a4a620c54f23d22cb3c5266acfa5ec64ea2de50e728baabce28,0.02471514151576794,0.042857142838896536,0.028875259989553155,-0.018142001323128598,-0.004160118473785217,6,28c2715fbc9b16a75dc7e849a907a807c5097918ff49a92fd0b76583533998a8,87c0cf2e0f6e4cf5cf1ed4a0f6eb27af0115a73f61e811e17185afa0d20e738e
acf4b5c3199cdd7c,mid,30,15c307ae70591a4a620c54f23d22cb3c5266acfa5ec64ea2de50e728baabce28,0.0529864056964634,0.08571428582148284,0.06096865680775278,-0.03272788012501944,-0.007982251111289376,12,28c2715fbc9b16a75dc7e849a907a807c5097918ff49a92fd0b76583533998a8,87c0cf2e0f6e4cf5cf1ed4a0f6eb27af0115a73f61e811e17185afa0d20e738e
ffb26c129585a7ef,mid,30,15c307ae70591a4a620c54f23d22cb3c5266acfa5ec64ea2de50e728baabce28,0.024454489302306193,0.04285714286626602,0.025358065329568316,-0.018402653563959825,-0.0009035760272621228,6,28c2715fbc9b16a75dc7e849a907a807c5097918ff49a92fd0b76583533998a8,87c0cf2e0f6e4cf5cf1ed4a0f6eb27af0115a73f61e811e17185afa0d20e738e
7ffa0a410b2e3d2a,mid,30,15c307ae70591a4a620c54f23d22cb3c5266acfa5ec64ea2de50e728baabce28,0.04933862677351547,0.08571428574621677,0.05689363614779793,-0.0363756589727013,-0.007555009374282461,12,28c2715fbc9b16a75dc7e849a907a807c5097918ff49a92fd0b76583533998a8,87c0cf2e0f6e4cf5cf1ed4a0f6eb27af0115a73f61e811e17185afa0d20e738e
afa1bb89512b7e7a,mid,30,15c307ae70591a4a620c54f23d22cb3c5266acfa5ec64ea2de50e728baabce28,0.024414977263846043,0.04285714284345812,0.020922671517860886,-0.018442165579612074,0.0034923057459851567,6,28c2715fbc9b16a75dc7e849a907a807c5097918ff49a92fd0b76583533998a8,87c0cf2e0f6e4cf5cf1ed4a0f6eb27af0115a73f61e811e17185afa0d20e738e
bb9c5a54bd21082d,mid,30,15c307ae70591a4a620c54f23d22cb3c5266acfa5ec64ea2de50e728baabce28,0.02452939689897408,0.042857142851440884,0.032645370221477885,-0.018327745952466803,-0.008115973322503803,6,28c2715fbc9b16a75dc7e849a907a807c5097918ff49a92fd0b76583533998a8,87c0cf2e0f6e4cf5cf1ed4a0f6eb27af0115a73f61e811e17185afa0d20e738e
057097684e7e5a87,mid,30,15c307ae70591a4a620c54f23d22cb3c5266acfa5ec64ea2de50e728baabce28,0.021475718142329892,0.042857142907320234,0.03264923025019909,-0.02138142476499034,-0.0111735121078692,6,28c2715fbc9b16a75dc7e849a907a807c5097918ff49a92fd0b76583533998a8,87c0cf2e0f6e4cf5cf1ed4a0f6eb27af0115a73f61e811e17185afa0d20e738e
72331df48a7d2dac,mid,30,15c307ae70591a4a620c54f23d22cb3c5266acfa5ec64ea2de50e728baabce28,0.024564571710940283,0.042857142820650215,0.03626025635322481,-0.018292571109709933,-0.011695684642284526,6,28c2715fbc9b16a75dc7e849a907a807c5097918ff49a92fd0b76583533998a8,87c0cf2e0f6e4cf5cf1ed4a0f6eb27af0115a73f61e811e17185afa0d20e738e
61874ccf7e96711e,mid,30,15c307ae70591a4a620c54f23d22cb3c5266acfa5ec64ea2de50e728baabce28,0.02160664344127583,0.04285714285030049,0.025286961342827503,-0.02125049940902466,-0.0036803179015516725,6,28c2715fbc9b16a75dc7e849a907a807c5097918ff49a92fd0b76583533998a8,87c0cf2e0f6e4cf5cf1ed4a0f6eb27af0115a73f61e811e17185afa0d20e738e
4b8d3d7dd8c4e0ae,mid,30,15c307ae70591a4a620c54f23d22cb3c5266acfa5ec64ea2de50e728baabce28,0.04959747760415024,0.08571428573253204,0.057195111482738405,-0.0361168081283818,-0.007597633878588167,12,28c2715fbc9b16a75dc7e849a907a807c5097918ff49a92fd0b76583533998a8,87c0cf2e0f6e4cf5cf1ed4a0f6eb27af0115a73f61e811e17185afa0d20e738e
d5f8df6e4fc6622d,mid,30,15c307ae70591a4a620c54f23d22cb3c5266acfa5ec64ea2de50e728baabce28,0.025529533315080347,0.04285714278415758,0.028613708066320916,-0.017327609469077233,-0.0030841747512405683,6,28c2715fbc9b16a75dc7e849a907a807c5097918ff49a92fd0b76583533998a8,87c0cf2e0f6e4cf5cf1ed4a0f6eb27af0115a73f61e811e17185afa0d20e738e
e0cdbab80d258594,mid,30,15c307ae70591a4a620c54f23d22cb3c5266acfa5ec64ea2de50e728baabce28,0.024684264098931215,0.04285714278871916,0.031951298247568365,-0.018172878689787945,-0.00726703414863715,6,28c2715fbc9b16a75dc7e849a907a807c5097918ff49a92fd0b76583533998a8,87c0cf2e0f6e4cf5cf1ed4a0f6eb27af0115a73f61e811e17185afa0d20e738e
4456aeaef4126487,mid,30,15c307ae70591a4a620c54f23d22cb3c5266acfa5ec64ea2de50e728baabce28,0.024529396874823882,0.04285714280924627,0.028709922858492158,-0.018327745934422386,-0.004180525983668276,6,28c2715fbc9b16a75dc7e849a907a807c5097918ff49a92fd0b76583533998a8,87c0cf2e0f6e4cf5cf1ed4a0f6eb27af0115a73f61e811e17185afa0d20e738e
4dca2566ec2be9b6,late,35,b156553c298864e4e383ad41053c410d1f224dab5ff0dfd5efb8eed25efd0332,0.05323527113315376,0.08571428569147782,0.045751930494991815,-0.03247901455832406,0.007483340638161945,12,28c2715fbc9b16a75dc7e849a907a807c5097918ff49a92fd0b76583533998a8,87c0cf2e0f6e4cf5cf1ed4a0f6eb27af0115a73f61e811e17185afa0d20e738e
42be4c9c478fcf87,mid,35,b156553c298864e4e383ad41053c410d1f224dab5ff0dfd5efb8eed25efd0332,0.02484567935686933,0.042857142925566555,0.02880514337889607,-0.018011463568697223,-0.003959464022026737,6,28c2715fbc9b16a75dc7e849a907a807c5097918ff49a92fd0b76583533998a8,87c0cf2e0f6e4cf5cf1ed4a0f6eb27af0115a73f61e811e17185afa0d20e738e
e9cae6ed68f487bd,late,35,b156553c298864e4e383ad41053c410d1f224dab5ff0dfd5efb8eed25efd0332,0.024846379570630274,0.04285714286626602,0.02866774233934448,-0.018010763295635744,-0.003821362768714205,6,28c2715fbc9b16a75dc7e849a907a807c5097918ff49a92fd0b76583533998a8,87c0cf2e0f6e4cf5cf1ed4a0f6eb27af0115a73f61e811e17185afa0d20e738e
8aad5b2f419c6072,late,35,b156553c298864e4e383ad41053c410d1f224dab5ff0dfd5efb8eed25efd0332,0.0789166304626192,0.12857142847563538,0.08181176743627847,-0.049654798013016185,-0.002895136973659271,18,28c2715fbc9b16a75dc7e849a907a807c5097918ff49a92fd0b76583533998a8,87c0cf2e0f6e4cf5cf1ed4a0f6eb27af0115a73f61e811e17185afa0d20e738e
5fbcbd0c5df88ebb,late,35,b156553c298864e4e383ad41053c410d1f224dab5ff0dfd5efb8eed25efd0332,0.05360328828330988,0.08571428582832522,0.05711811086045593,-0.032110997545015334,-0.003514822577146047,12,28c2715fbc9b16a75dc7e849a907a807c5097918ff49a92fd0b76583533998a8,87c0cf2e0f6e4cf5cf1ed4a0f6eb27af0115a73f61e811e17185afa0d20e738e
114b4dce6f7bfe50,late,35,b156553c298864e4e383ad41053c410d1f224dab5ff0dfd5efb8eed25efd0332,0.07836856870118483,0.12857142842089644,0.08204552888843622,-0.05020285971971161,-0.003676960187251388,18,28c2715fbc9b16a75dc7e849a907a807c5097918ff49a92fd0b76583533998a8,87c0cf2e0f6e4cf5cf1ed4a0f6eb27af0115a73f61e811e17185afa0d20e738e
916e555f6c4000ff,late,35,b156553c298864e4e383ad41053c410d1f224dab5ff0dfd5efb8eed25efd0332,0.02493576217704057,0.04285714288907392,0.028512258210308405,-0.01792138071203335,-0.003576496033267835,6,28c2715fbc9b16a75dc7e849a907a807c5097918ff49a92fd0b76583533998a8,87c0cf2e0f6e4cf5cf1ed4a0f6eb27af0115a73f61e811e17185afa0d20e738e
6264497eaa048e7d,late,35,b156553c298864e4e383ad41053c410d1f224dab5ff0dfd5efb8eed25efd0332,0.04974289614158628,0.08571428576902468,0.05366074989118368,-0.0359713896274384,-0.003917853749597404,12,28c2715fbc9b16a75dc7e849a907a807c5097918ff49a92fd0b76583533998a8,87c0cf2e0f6e4cf5cf1ed4a0f6eb27af0115a73f61e811e17185afa0d20e738e
cd631ab31fac34e8,late,35,b156553c298864e4e383ad41053c410d1f224dab5ff0dfd5efb8eed25efd0332,0.028571428361595895,0.042857142781876786,0.028124569466704195,-0.014285714420280891,0.0004468588948917003,6,28c2715fbc9b16a75dc7e849a907a807c5097918ff49a92fd0b76583533998a8,87c0cf2e0f6e4cf5cf1ed4a0f6eb27af0115a73f61e811e17185afa0d20e738e
2fa902a4bde72d4f,late,35,b156553c298864e4e383ad41053c410d1f224dab5ff0dfd5efb8eed25efd0332,0.07862676102034485,0.12857142886565048,0.08978707039254287,-0.04994466784530563,-0.011160309372198016,18,28c2715fbc9b16a75dc7e849a907a807c5097918ff49a92fd0b76583533998a8,87c0cf2e0f6e4cf5cf1ed4a0f6eb27af0115a73f61e811e17185afa0d20e738e
58de86eedc55d29f,late,35,b156553c298864e4e383ad41053c410d1f224dab5ff0dfd5efb8eed25efd0332,0.07871558051579786,0.12857142844142355,0.0825608502770824,-0.049855847925625696,-0.0038452697612845477,18,28c2715fbc9b16a75dc7e849a907a807c5097918ff49a92fd0b76583533998a8,87c0cf2e0f6e4cf5cf1ed4a0f6eb27af0115a73f61e811e17185afa0d20e738e
55c6be1343917df6,late,35,b156553c298864e4e383ad41053c410d1f224dab5ff0dfd5efb8eed25efd0332,0.07861813210413048,0.12857142873564545,0.08185738910333266,-0.04995329663151497,-0.003239256999202189,18,28c2715fbc9b16a75dc7e849a907a807c5097918ff49a92fd0b76583533998a8,87c0cf2e0f6e4cf5cf1ed4a0f6eb27af0115a73f61e811e17185afa0d20e738e
5c46d4cab0649bd7,late,35,b156553c298864e4e383ad41053c410d1f224dab5ff0dfd5efb8eed25efd0332,0.07871558038422627,0.12857142840036934,0.08954343762575591,-0.04985584801614307,-0.01082785724152964,18,28c2715fbc9b16a75dc7e849a907a807c5097918ff49a92fd0b76583533998a8,87c0cf2e0f6e4cf5cf1ed4a0f6eb27af0115a73f61e811e17185afa0d20e738e
30fc470f7401da0c,late,35,b156553c298864e4e383ad41053c410d1f224dab5ff0dfd5efb8eed25efd0332,0.02857142869459123,0.042857142882231546,0.028644748634264524,-0.014285714187640314,-7.331993967329281e-05,6,28c2715fbc9b16a75dc7e849a907a807c5097918ff49a92fd0b76583533998a8,87c0cf2e0f6e4cf5cf1ed4a0f6eb27af0115a73f61e811e17185afa0d20e738e
36b2c85b266010b4,late,35,b156553c298864e4e383ad41053c410d1f224dab5ff0dfd5efb8eed25efd0332,0.07849218606828487,0.12857142867406413,0.0933789051218056,-0.050079242605779256,-0.014886719053520736,18,28c2715fbc9b16a75dc7e849a907a807c5097918ff49a92fd0b76583533998a8,87c0cf2e0f6e4cf5cf1ed4a0f6eb27af0115a73f61e811e17185afa0d20e738e
149aab874634a179,late,35,b156553c298864e4e383ad41053c410d1f224dab5ff0dfd5efb8eed25efd0332,0.028571428697632285,0.042857142806965474,0.028273509835450926,-0.01428571410933319,0.00029791886218135874,6,28c2715fbc9b16a75dc7e849a907a807c5097918ff49a92fd0b76583533998a8,87c0cf2e0f6e4cf5cf1ed4a0f6eb27af0115a73f61e811e17185afa0d20e738e
b3a6c7628630359d,late,35,b156553c298864e4e383ad41053c410d1f224dab5ff0dfd5efb8eed25efd0332,0.03204601915525444,0.05714285719455505,0.04980800959929484,-0.025096838039300608,-0.0177619904440404,8,28c2715fbc9b16a75dc7e849a907a807c5097918ff49a92fd0b76583533998a8,87c0cf2e0f6e4cf5cf1ed4a0f6eb27af0115a73f61e811e17185afa0d20e738e
6fefd9d7d54089c4,late,35,b156553c298864e4e383ad41053c410d1f224dab5ff0dfd5efb8eed25efd0332,0.024767823590312543,0.042857142891354706,0.02830769411286155,-0.018089319301042163,-0.003539870522549008,6,28c2715fbc9b16a75dc7e849a907a807c5097918ff49a92fd0b76583533998a8,87c0cf2e0f6e4cf5cf1ed4a0f6eb27af0115a73f61e811e17185afa0d20e738e
df88e8a71a960d88,late,35,b156553c298864e4e383ad41053c410d1f224dab5ff0dfd5efb8eed25efd0332,0.0750348423021911,0.1285714284482659,0.07120356473104952,-0.053536586146074816,0.0038312775711415725,18,28c2715fbc9b16a75dc7e849a907a807c5097918ff49a92fd0b76583533998a8,87c0cf2e0f6e4cf5cf1ed4a0f6eb27af0115a73f61e811e17185afa0d20e738e
7c1c7ae6205df8bc,late,35,b156553c298864e4e383ad41053c410d1f224dab5ff0dfd5efb8eed25efd0332,0.0997021260059147,0.17142857143769458,0.11857758489669315,-0.07172644543177988,-0.01887545889077845,24,28c2715fbc9b16a75dc7e849a907a807c5097918ff49a92fd0b76583533998a8,87c0cf2e0f6e4cf5cf1ed4a0f6eb27af0115a73f61e811e17185afa0d20e738e
0e6caa2b89c5671e,late,35,b156553c298864e4e383ad41053c410d1f224dab5ff0dfd5efb8eed25efd0332,0.14665061045967673,0.25714285755339933,0.16406519939441533,-0.1104922470937226,-0.0174145889347386,36,28c2715fbc9b16a75dc7e849a907a807c5097918ff49a92fd0b76583533998a8,87c0cf2e0f6e4cf5cf1ed4a0f6eb27af0115a73f61e811e17185afa0d20e738e
d3e8b63f8afb91f4,late,35,b156553c298864e4e383ad41053c410d1f224dab5ff0dfd5efb8eed25efd0332,0.07497766719599093,0.12857142855774384,0.07857639134158233,-0.05359376136175291,-0.0035987241455913976,18,28c2715fbc9b16a75dc7e849a907a807c5097918ff49a92fd0b76583533998a8,87c0cf2e0f6e4cf5cf1ed4a0f6eb27af0115a73f61e811e17185afa0d20e738e
9af16211b24685c6,late,35,b156553c298864e4e383ad41053c410d1f224dab5ff0dfd5efb8eed25efd0332,0.049829476057960016,0.08571428570972413,0.05310814492121828,-0.03588480965176411,-0.003278668863258262,12,28c2715fbc9b16a75dc7e849a907a807c5097918ff49a92fd0b76583533998a8,87c0cf2e0f6e4cf5cf1ed4a0f6eb27af0115a73f61e811e17185afa0d20e738e
db1e347046310118,late,35,b156553c298864e4e383ad41053c410d1f224dab5ff0dfd5efb8eed25efd0332,0.02499839902988502,0.04285714285714286,0.028906756905572754,-0.01785874382725784,-0.003908357875687735,6,28c2715fbc9b16a75dc7e849a907a807c5097918ff49a92fd0b76583533998a8,87c0cf2e0f6e4cf5cf1ed4a0f6eb27af0115a73f61e811e17185afa0d20e738e
56a7dde81d335df3,late,35,b156553c298864e4e383ad41053c410d1f224dab5ff0dfd5efb8eed25efd0332,0.07839227169436574,0.12857142865353702,0.09249266801720815,-0.05017915695917127,-0.014100396322842407,18,28c2715fbc9b16a75dc7e849a907a807c5097918ff49a92fd0b76583533998a8,87c0cf2e0f6e4cf5cf1ed4a0f6eb27af0115a73f61e811e17185afa0d20e738e
48c43bbbdab973de,late,35,b156553c298864e4e383ad41053c410d1f224dab5ff0dfd5efb8eed25efd0332,0.0497991697733439,0.08571428555463041,0.050567313295929776,-0.03591511578128651,-0.0007681435225858763,12,28c2715fbc9b16a75dc7e849a907a807c5097918ff49a92fd0b76583533998a8,87c0cf2e0f6e4cf5cf1ed4a0f6eb27af0115a73f61e811e17185afa0d20e738e
23cf443537af1aae,late,35,b156553c298864e4e383ad41053c410d1f224dab5ff0dfd5efb8eed25efd0332,0.024929719414307116,0.04285714285030049,0.021329546822820997,-0.017927423435993375,0.003600172591486119,6,28c2715fbc9b16a75dc7e849a907a807c5097918ff49a92fd0b76583533998a8,87c0cf2e0f6e4cf5cf1ed4a0f6eb27af0115a73f61e811e17185afa0d20e738e
0aaa7c8b0c525308,late,35,b156553c298864e4e383ad41053c410d1f224dab5ff0dfd5efb8eed25efd0332,0.06434894563771514,0.1142857144347259,0.06455544310923178,-0.04993676879701077,-0.0002064974715166451,16,28c2715fbc9b16a75dc7e849a907a807c5097918ff49a92fd0b76583533998a8,87c0cf2e0f6e4cf5cf1ed4a0f6eb27af0115a73f61e811e17185afa0d20e738e
d83a5c8ba6bc761e,late,35,b156553c298864e4e383ad41053c410d1f224dab5ff0dfd5efb8eed25efd0332,0.06434616723758588,0.1142857142005648,0.06790858353085176,-0.04993954696297892,-0.0035624162932658826,16,28c2715fbc9b16a75dc7e849a907a807c5097918ff49a92fd0b76583533998a8,87c0cf2e0f6e4cf5cf1ed4a0f6eb27af0115a73f61e811e17185afa0d20e738e
f1046a806aadfbe0,late,35,b156553c298864e4e383ad41053c410d1f224dab5ff0dfd5efb8eed25efd0332,0.06434616734031794,0.114285714383028,0.07866611120204084,-0.04993954704271006,-0.014319943861722903,16,28c2715fbc9b16a75dc7e849a907a807c5097918ff49a92fd0b76583533998a8,87c0cf2e0f6e4cf5cf1ed4a0f6eb27af0115a73f61e811e17185afa0d20e738e
6fc2092861b32642,late,35,b156553c298864e4e383ad41053c410d1f224dab5ff0dfd5efb8eed25efd0332,0.0643480716555017,0.114285714383028,0.07820403827361042,-0.049937642727526294,-0.013855966618108714,16,28c2715fbc9b16a75dc7e849a907a807c5097918ff49a92fd0b76583533998a8,87c0cf2e0f6e4cf5cf1ed4a0f6eb27af0115a73f61e811e17185afa0d20e738e
776d096fbd7a62b8,late,35,b156553c298864e4e383ad41053c410d1f224dab5ff0dfd5efb8eed25efd0332,0.02160215740267777,0.042857142868546805,0.02501244902211972,-0.021254985465869035,-0.0034102916194419484,6,28c2715fbc9b16a75dc7e849a907a807c5097918ff49a92fd0b76583533998a8,87c0cf2e0f6e4cf5cf1ed4a0f6eb27af0115a73f61e811e17185afa0d20e738e
460752ddf653e004,late,35,b156553c298864e4e383ad41053c410d1f224dab5ff0dfd5efb8eed25efd0332,0.07473770237674793,0.12857142850300488,0.07863659795978421,-0.05383372612625695,-0.0038988955830362854,18,28c2715fbc9b16a75dc7e849a907a807c5097918ff49a92fd0b76583533998a8,87c0cf2e0f6e4cf5cf1ed4a0f6eb27af0115a73f61e811e17185afa0d20e738e
30bcc4667ee54d7c,mid,35,b156553c298864e4e383ad41053c410d1f224dab5ff0dfd5efb8eed25efd0332,0.02139284201535605,0.042857142868546805,0.03574566097018592,-0.021464300853190756,-0.014352818954829875,6,28c2715fbc9b16a75dc7e849a907a807c5097918ff49a92fd0b76583533998a8,87c0cf2e0f6e4cf5cf1ed4a0f6eb27af0115a73f61e811e17185afa0d20e738e
7d4b1fee8b0f3782,late,35,b156553c298864e4e383ad41053c410d1f224dab5ff0dfd5efb8eed25efd0332,0.02472437067480738,0.0428571428708276,0.02501481607290724,-0.01813277219602022,-0.0002904453980998624,6,28c2715fbc9b16a75dc7e849a907a807c5097918ff49a92fd0b76583533998a8,87c0cf2e0f6e4cf5cf1ed4a0f6eb27af0115a73f61e811e17185afa0d20e738e
8997c4eba59e8594,mid,35,b156553c298864e4e383ad41053c410d1f224dab5ff0dfd5efb8eed25efd0332,0.02479707952874327,0.042857142816088635,0.025220289270049483,-0.018060063287345364,-0.00042320974130621164,6,28c2715fbc9b16a75dc7e849a907a807c5097918ff49a92fd0b76583533998a8,87c0cf2e0f6e4cf5cf1ed4a0f6eb27af0115a73f61e811e17185afa0d20e738e
bac2b3a89002d2a2,late,35,b156553c298864e4e383ad41053c410d1f224dab5ff0dfd5efb8eed25efd0332,0.10384824469562676,0.17142857137383247,0.1073950290337008,-0.06758032667820571,-0.0035467843380740383,24,28c2715fbc9b16a75dc7e849a907a807c5097918ff49a92fd0b76583533998a8,87c0cf2e0f6e4cf5cf1ed4a0f6eb27af0115a73f61e811e17185afa0d20e738e
44564f38d84c578b,late,35,b156553c298864e4e383ad41053c410d1f224dab5ff0dfd5efb8eed25efd0332,0.053550870977893725,0.08571428579183257,0.04690346280364899,-0.03216341481393885,0.006647408174244737,12,28c2715fbc9b16a75dc7e849a907a807c5097918ff49a92fd0b76583533998a8,87c0cf2e0f6e4cf5cf1ed4a0f6eb27af0115a73f61e811e17185afa0d20e738e
60ac7ed07a88c8b5,late,35,b156553c298864e4e383ad41053c410d1f224dab5ff0dfd5efb8eed25efd0332,0.05002257931709616,0.08571428564586202,0.05408906522545772,-0.03569170632876586,-0.004066485908361561,12,28c2715fbc9b16a75dc7e849a907a807c5097918ff49a92fd0b76583533998a8,87c0cf2e0f6e4cf5cf1ed4a0f6eb27af0115a73f61e811e17185afa0d20e738e
624b9c4f6e51f9fa,late,35,b156553c298864e4e383ad41053c410d1f224dab5ff0dfd5efb8eed25efd0332,0.09995867753667491,0.17142857142857143,0.11056385769375733,-0.07146989389189652,-0.010605180157082422,24,28c2715fbc9b16a75dc7e849a907a807c5097918ff49a92fd0b76583533998a8,87c0cf2e0f6e4cf5cf1ed4a0f6eb27af0115a73f61e811e17185afa0d20e738e
3b961a569be80755,late,35,b156553c298864e4e383ad41053c410d1f224dab5ff0dfd5efb8eed25efd0332,0.024792656036359922,0.04285714285714286,0.021690346407038825,-0.018064486820782936,0.0031023096293210962,6,28c2715fbc9b16a75dc7e849a907a807c5097918ff49a92fd0b76583533998a8,87c0cf2e0f6e4cf5cf1ed4a0f6eb27af0115a73f61e811e17185afa0d20e738e
5fb8d2642e68cf72,late,35,b156553c298864e4e383ad41053c410d1f224dab5ff0dfd5efb8eed25efd0332,0.09994130817909071,0.17142857137383247,0.11087517527250035,-0.07148726319474176,-0.010933867093409641,24,28c2715fbc9b16a75dc7e849a907a807c5097918ff49a92fd0b76583533998a8,87c0cf2e0f6e4cf5cf1ed4a0f6eb27af0115a73f61e811e17185afa0d20e738e
499e4e4687fe7f82,late,35,b156553c298864e4e383ad41053c410d1f224dab5ff0dfd5efb8eed25efd0332,0.024846379746152995,0.0428571428936355,0.025114741889591508,-0.018010763147482504,-0.0002683621434385122,6,28c2715fbc9b16a75dc7e849a907a807c5097918ff49a92fd0b76583533998a8,87c0cf2e0f6e4cf5cf1ed4a0f6eb27af0115a73f61e811e17185afa0d20e738e
18ee6c5df8159acb,late,35,b156553c298864e4e383ad41053c410d1f224dab5ff0dfd5efb8eed25efd0332,0.04979843262098032,0.0857142855135762,0.05737100304640169,-0.03591585289259588,-0.007572570425421372,12,28c2715fbc9b16a75dc7e849a907a807c5097918ff49a92fd0b76583533998a8,87c0cf2e0f6e4cf5cf1ed4a0f6eb27af0115a73f61e811e17185afa0d20e738e
6f26e2f61472d2ba,late,35,b156553c298864e4e383ad41053c410d1f224dab5ff0dfd5efb8eed25efd0332,0.02492971930654353,0.0428571428480197,0.02475264423132951,-0.017927423541476167,0.00017707507521402127,6,28c2715fbc9b16a75dc7e849a907a807c5097918ff49a92fd0b76583533998a8,87c0cf2e0f6e4cf5cf1ed4a0f6eb27af0115a73f61e811e17185afa0d20e738e
a1b85cd1b385605f,late,35,b156553c298864e4e383ad41053c410d1f224dab5ff0dfd5efb8eed25efd0332,0.09968365457209546,0.17142857124154665,0.10767418075846132,-0.07174491666945118,-0.007990526186365851,24,28c2715fbc9b16a75dc7e849a907a807c5097918ff49a92fd0b76583533998a8,87c0cf2e0f6e4cf5cf1ed4a0f6eb27af0115a73f61e811e17185afa0d20e738e
c6d589ffd6239ce1,mid,35,b156553c298864e4e383ad41053c410d1f224dab5ff0dfd5efb8eed25efd0332,0.024663475412018316,0.04285714293240893,0.035692825550365834,-0.018193667520390613,-0.011029350138347518,6,28c2715fbc9b16a75dc7e849a907a807c5097918ff49a92fd0b76583533998a8,87c0cf2e0f6e4cf5cf1ed4a0f6eb27af0115a73f61e811e17185afa0d20e738e
adac1ce9ac05888c,late,35,b156553c298864e4e383ad41053c410d1f224dab5ff0dfd5efb8eed25efd0332,0.053412515586364485,0.08571428575077836,0.04690339684354552,-0.03230177016441387,0.006509118742818967,12,28c2715fbc9b16a75dc7e849a907a807c5097918ff49a92fd0b76583533998a8,87c0cf2e0f6e4cf5cf1ed4a0f6eb27af0115a73f61e811e17185afa0d20e738e
30a0e035ac98894a,late,35,b156553c298864e4e383ad41053c410d1f224dab5ff0dfd5efb8eed25efd0332,0.05329538754688859,0.0857142858100789,0.06416095720590119,-0.032418898263190304,-0.0108655696590126,12,28c2715fbc9b16a75dc7e849a907a807c5097918ff49a92fd0b76583533998a8,87c0cf2e0f6e4cf5cf1ed4a0f6eb27af0115a73f61e811e17185afa0d20e738e
298e329d46985be6,late,35,b156553c298864e4e383ad41053c410d1f224dab5ff0dfd5efb8eed25efd0332,0.053412515612736904,0.08571428587850259,0.06121318176408296,-0.03230177026576569,-0.0078006661513460585,12,28c2715fbc9b16a75dc7e849a907a807c5097918ff49a92fd0b76583533998a8,87c0cf2e0f6e4cf5cf1ed4a0f6eb27af0115a73f61e811e17185afa0d20e738e
db46035c8bb13484,late,35,b156553c298864e4e383ad41053c410d1f224dab5ff0dfd5efb8eed25efd0332,0.053295387424927815,0.08571428561393095,0.06075747798933171,-0.032418898189003134,-0.007462090564403896,12,28c2715fbc9b16a75dc7e849a907a807c5097918ff49a92fd0b76583533998a8,87c0cf2e0f6e4cf5cf1ed4a0f6eb27af0115a73f61e811e17185afa0d20e738e
868e275bc02ed9aa,late,35,b156553c298864e4e383ad41053c410d1f224dab5ff0dfd5efb8eed25efd0332,0.05015949039843708,0.08571428566410834,0.04950101963406635,-0.035554795265671256,0.0006584707643707347,12,28c2715fbc9b16a75dc7e849a907a807c5097918ff49a92fd0b76583533998a8,87c0cf2e0f6e4cf5cf1ed4a0f6eb27af0115a73f61e811e17185afa0d20e738e
33ddae0fd74c1095,late,35,b156553c298864e4e383ad41053c410d1f224dab5ff0dfd5efb8eed25efd0332,0.053234903943575815,0.0857142858055173,0.0533255838425304,-0.03247938186194149,-9.067989895458761e-05,12,28c2715fbc9b16a75dc7e849a907a807c5097918ff49a92fd0b76583533998a8,87c0cf2e0f6e4cf5cf1ed4a0f6eb27af0115a73f61e811e17185afa0d20e738e
461699d7bb412c04,late,35,b156553c298864e4e383ad41053c410d1f224dab5ff0dfd5efb8eed25efd0332,0.053412515709856535,0.08571428577814784,0.060914101709893635,-0.032301770068291304,-0.0075015860000371,12,28c2715fbc9b16a75dc7e849a907a807c5097918ff49a92fd0b76583533998a8,87c0cf2e0f6e4cf5cf1ed4a0f6eb27af0115a73f61e811e17185afa0d20e738e
071ab07e1e38a628,late,35,b156553c298864e4e383ad41053c410d1f224dab5ff0dfd5efb8eed25efd0332,0.05329538751501811,0.0857142856732315,0.04995473030158491,-0.03241889815821339,0.0033406572134331985,12,28c2715fbc9b16a75dc7e849a907a807c5097918ff49a92fd0b76583533998a8,87c0cf2e0f6e4cf5cf1ed4a0f6eb27af0115a73f61e811e17185afa0d20e738e
42accf704c38cba0,late,35,b156553c298864e4e383ad41053c410d1f224dab5ff0dfd5efb8eed25efd0332,0.053412515824821,0.08571428579183257,0.056943327346446075,-0.032301769967011576,-0.0035308115216250782,12,28c2715fbc9b16a75dc7e849a907a807c5097918ff49a92fd0b76583533998a8,87c0cf2e0f6e4cf5cf1ed4a0f6eb27af0115a73f61e811e17185afa0d20e738e
c10ec77ff32ffa91,late,35,b156553c298864e4e383ad41053c410d1f224dab5ff0dfd5efb8eed25efd0332,0.028571428367678002,0.04285714279099995,0.024864681505673922,-0.014285714423321945,0.0037067468620040796,6,28c2715fbc9b16a75dc7e849a907a807c5097918ff49a92fd0b76583533998a8,87c0cf2e0f6e4cf5cf1ed4a0f6eb27af0115a73f61e811e17185afa0d20e738e
54793d67d9944eb8,late,35,b156553c298864e4e383ad41053c410d1f224dab5ff0dfd5efb8eed25efd0332,0.05341251579923822,0.08571428575077836,0.060751760404344865,-0.03230176995154014,-0.007339244605106647,12,28c2715fbc9b16a75dc7e849a907a807c5097918ff49a92fd0b76583533998a8,87c0cf2e0f6e4cf5cf1ed4a0f6eb27af0115a73f61e811e17185afa0d20e738e
8f08729d2995a817,late,35,b156553c298864e4e383ad41053c410d1f224dab5ff0dfd5efb8eed25efd0332,0.024978112392113536,0.04285714288451234,0.025064976689048096,-0.017879030492398803,-8.686429693455927e-05,6,28c2715fbc9b16a75dc7e849a907a807c5097918ff49a92fd0b76583533998a8,87c0cf2e0f6e4cf5cf1ed4a0f6eb27af0115a73f61e811e17185afa0d20e738e
07e3a9d289c6178d,late,35,b156553c298864e4e383ad41053c410d1f224dab5ff0dfd5efb8eed25efd0332,0.09990474135215287,0.17142857143769458,0.09920854760595776,-0.07152383008554171,0.0006961937461951034,24,28c2715fbc9b16a75dc7e849a907a807c5097918ff49a92fd0b76583533998a8,87c0cf2e0f6e4cf5cf1ed4a0f6eb27af0115a73f61e811e17185afa0d20e738e
7102b379fd198e9c,late,35,b156553c298864e4e383ad41053c410d1f224dab5ff0dfd5efb8eed25efd0332,0.07488031963425006,0.12857142850300488,0.08988407877413072,-0.05369110886875482,-0.015003759139880668,18,28c2715fbc9b16a75dc7e849a907a807c5097918ff49a92fd0b76583533998a8,87c0cf2e0f6e4cf5cf1ed4a0f6eb27af0115a73f61e811e17185afa0d20e738e
d722ebf1d24090c6,late,35,b156553c298864e4e383ad41053c410d1f224dab5ff0dfd5efb8eed25efd0332,0.049617669907284244,0.08571428565042359,0.04252182305948513,-0.03609661574313935,0.007095846847799112,12,28c2715fbc9b16a75dc7e849a907a807c5097918ff49a92fd0b76583533998a8,87c0cf2e0f6e4cf5cf1ed4a0f6eb27af0115a73f61e811e17185afa0d20e738e
8ce9f2f52718d991,late,35,b156553c298864e4e383ad41053c410d1f224dab5ff0dfd5efb8eed25efd0332,0.04966956835007445,0.0857142856276157,0.052975758377646794,-0.036044717277541244,-0.0033061900275723408,12,28c2715fbc9b16a75dc7e849a907a807c5097918ff49a92fd0b76583533998a8,87c0cf2e0f6e4cf5cf1ed4a0f6eb27af0115a73f61e811e17185afa0d20e738e
bf37710c7cf719ac,late,35,b156553c298864e4e383ad41053c410d1f224dab5ff0dfd5efb8eed25efd0332,0.024878258142140428,0.04285714293240893,0.02827150906478506,-0.0179788847902685,-0.0033932509226446313,6,28c2715fbc9b16a75dc7e849a907a807c5097918ff49a92fd0b76583533998a8,87c0cf2e0f6e4cf5cf1ed4a0f6eb27af0115a73f61e811e17185afa0d20e738e
2180a713bbe5e4f3,late,35,b156553c298864e4e383ad41053c410d1f224dab5ff0dfd5efb8eed25efd0332,0.050160419193220965,0.08571428570972413,0.06030116485376969,-0.03555386651650316,-0.010140745660548726,12,28c2715fbc9b16a75dc7e849a907a807c5097918ff49a92fd0b76583533998a8,87c0cf2e0f6e4cf5cf1ed4a0f6eb27af0115a73f61e811e17185afa0d20e738e
e935be4a08f19bb3,late,35,b156553c298864e4e383ad41053c410d1f224dab5ff0dfd5efb8eed25efd0332,0.08235612877840627,0.1285714287219607,0.08909770170280706,-0.04621529994355443,-0.006741572924400793,18,28c2715fbc9b16a75dc7e849a907a807c5097918ff49a92fd0b76583533998a8,87c0cf2e0f6e4cf5cf1ed4a0f6eb27af0115a73f61e811e17185afa0d20e738e
e70a019fe84490e1,late,35,b156553c298864e4e383ad41053c410d1f224dab5ff0dfd5efb8eed25efd0332,0.02857142861248279,0.04285714291872419,0.02130525402592984,-0.014285714306241398,0.007266174586552949,6,28c2715fbc9b16a75dc7e849a907a807c5097918ff49a92fd0b76583533998a8,87c0cf2e0f6e4cf5cf1ed4a0f6eb27af0115a73f61e811e17185afa0d20e738e
9e3b391509c72b22,mid,35,b156553c298864e4e383ad41053c410d1f224dab5ff0dfd5efb8eed25efd0332,0.024911323438592935,0.04285714282749259,0.02479964679253977,-0.017945819388899654,0.00011167664605316388,6,28c2715fbc9b16a75dc7e849a907a807c5097918ff49a92fd0b76583533998a8,87c0cf2e0f6e4cf5cf1ed4a0f6eb27af0115a73f61e811e17185afa0d20e738e
85bae8f3c9ae0365,mid,35,b156553c298864e4e383ad41053c410d1f224dab5ff0dfd5efb8eed25efd0332,0.02466347540676811,0.04285714292328577,0.032135522894131824,-0.01819366751651766,-0.007472047487363714,6,28c2715fbc9b16a75dc7e849a907a807c5097918ff49a92fd0b76583533998a8,87c0cf2e0f6e4cf5cf1ed4a0f6eb27af0115a73f61e811e17185afa0d20e738e
c3f583a297ecfc3c,mid,35,b156553c298864e4e383ad41053c410d1f224dab5ff0dfd5efb8eed25efd0332,0.025261895144344338,0.042857142854862064,0.02844448387471456,-0.017595247710517726,-0.0031825887303702227,6,28c2715fbc9b16a75dc7e849a907a807c5097918ff49a92fd0b76583533998a8,87c0cf2e0f6e4cf5cf1ed4a0f6eb27af0115a73f61e811e17185afa0d20e738e
0a43f69ab365b4d3,mid,35,b156553c298864e4e383ad41053c410d1f224dab5ff0dfd5efb8eed25efd0332,0.024911323571544634,0.042857142873108385,0.025014223008022755,-0.01794581930156375,-0.00010289943647812105,6,28c2715fbc9b16a75dc7e849a907a807c5097918ff49a92fd0b76583533998a8,87c0cf2e0f6e4cf5cf1ed4a0f6eb27af0115a73f61e811e17185afa0d20e738e
acf4b5c3199cdd7c,mid,35,b156553c298864e4e383ad41053c410d1f224dab5ff0dfd5efb8eed25efd0332,0.053234904002460406,0.08571428581464047,0.05690793944533247,-0.03247938181218006,-0.0036730354428720635,12,28c2715fbc9b16a75dc7e849a907a807c5097918ff49a92fd0b76583533998a8,87c0cf2e0f6e4cf5cf1ed4a0f6eb27af0115a73f61e811e17185afa0d20e738e
ffb26c129585a7ef,mid,35,b156553c298864e4e383ad41053c410d1f224dab5ff0dfd5efb8eed25efd0332,0.024667092887737854,0.04285714285030049,0.028542309143414085,-0.018190049962562637,-0.003875216255676231,6,28c2715fbc9b16a75dc7e849a907a807c5097918ff49a92fd0b76583533998a8,87c0cf2e0f6e4cf5cf1ed4a0f6eb27af0115a73f61e811e17185afa0d20e738e
7ffa0a410b2e3d2a,mid,35,b156553c298864e4e383ad41053c410d1f224dab5ff0dfd5efb8eed25efd0332,0.049656790026158255,0.08571428582376363,0.05693071406687675,-0.03605749579760537,-0.007273924040718492,12,28c2715fbc9b16a75dc7e849a907a807c5097918ff49a92fd0b76583533998a8,87c0cf2e0f6e4cf5cf1ed4a0f6eb27af0115a73f61e811e17185afa0d20e738e
afa1bb89512b7e7a,mid,35,b156553c298864e4e383ad41053c410d1f224dab5ff0dfd5efb8eed25efd0332,0.024663475379204526,0.04285714287538918,0.028586388391505985,-0.018193667496184653,-0.0039229130123014586,6,28c2715fbc9b16a75dc7e849a907a807c5097918ff49a92fd0b76583533998a8,87c0cf2e0f6e4cf5cf1ed4a0f6eb27af0115a73f61e811e17185afa0d20e738e
bb9c5a54bd21082d,mid,35,b156553c298864e4e383ad41053c410d1f224dab5ff0dfd5efb8eed25efd0332,0.024723958844986713,0.04285714291872419,0.024932009177184758,-0.018133184073737475,-0.00020805033219804467,6,28c2715fbc9b16a75dc7e849a907a807c5097918ff49a92fd0b76583533998a8,87c0cf2e0f6e4cf5cf1ed4a0f6eb27af0115a73f61e811e17185afa0d20e738e
057097684e7e5a87,mid,35,b156553c298864e4e383ad41053c410d1f224dab5ff0dfd5efb8eed25efd0332,0.021600160668918268,0.042857142911881814,0.02893401760578243,-0.021256982242963546,-0.007333856936864162,6,28c2715fbc9b16a75dc7e849a907a807c5097918ff49a92fd0b76583533998a8,87c0cf2e0f6e4cf5cf1ed4a0f6eb27af0115a73f61e811e17185afa0d20e738e
72331df48a7d2dac,mid,35,b156553c298864e4e383ad41053c410d1f224dab5ff0dfd5efb8eed25efd0332,0.02466735963427628,0.042857142877669965,0.025064891961301225,-0.018189783243393685,-0.00039753232702494437,6,28c2715fbc9b16a75dc7e849a907a807c5097918ff49a92fd0b76583533998a8,87c0cf2e0f6e4cf5cf1ed4a0f6eb27af0115a73f61e811e17185afa0d20e738e
61874ccf7e96711e,mid,35,b156553c298864e4e383ad41053c410d1f224dab5ff0dfd5efb8eed25efd0332,0.02166094327726859,0.042857142859423644,0.0249660232782878,-0.021196199582155056,-0.003305080001019211,6,28c2715fbc9b16a75dc7e849a907a807c5097918ff49a92fd0b76583533998a8,87c0cf2e0f6e4cf5cf1ed4a0f6eb27af0115a73f61e811e17185afa0d20e738e
4b8d3d7dd8c4e0ae,mid,35,b156553c298864e4e383ad41053c410d1f224dab5ff0dfd5efb8eed25efd0332,0.050025455964964126,0.08571428560936938,0.05003370269330617,-0.03568882964440525,-8.246728342042875e-06,12,28c2715fbc9b16a75dc7e849a907a807c5097918ff49a92fd0b76583533998a8,87c0cf2e0f6e4cf5cf1ed4a0f6eb27af0115a73f61e811e17185afa0d20e738e
d5f8df6e4fc6622d,mid,35,b156553c298864e4e383ad41053c410d1f224dab5ff0dfd5efb8eed25efd0332,0.025432897622517932,0.04285714285258128,0.02885968099440212,-0.017424245230063345,-0.003426783371884186,6,28c2715fbc9b16a75dc7e849a907a807c5097918ff49a92fd0b76583533998a8,87c0cf2e0f6e4cf5cf1ed4a0f6eb27af0115a73f61e811e17185afa0d20e738e
e0cdbab80d258594,mid,35,b156553c298864e4e383ad41053c410d1f224dab5ff0dfd5efb8eed25efd0332,0.024732495177532808,0.04285714290047787,0.028715751189504313,-0.01812464772294506,-0.003983256011971505,6,28c2715fbc9b16a75dc7e849a907a807c5097918ff49a92fd0b76583533998a8,87c0cf2e0f6e4cf5cf1ed4a0f6eb27af0115a73f61e811e17185afa0d20e738e
4456aeaef4126487,mid,35,b156553c298864e4e383ad41053c410d1f224dab5ff0dfd5efb8eed25efd0332,0.02472395883972363,0.04285714290960103,0.028632064358386475,-0.018133184069877396,-0.003908105518662844,6,28c2715fbc9b16a75dc7e849a907a807c5097918ff49a92fd0b76583533998a8,87c0cf2e0f6e4cf5cf1ed4a0f6eb27af0115a73f61e811e17185afa0d20e738e
4dca2566ec2be9b6,late,40,3574d788e7e0391955461e255996bf41b7e9e8ec2f28861b4a54c47f2c6dec64,0.05323948863790307,0.08571428568691623,0.0605470646511613,-0.03247479704901316,-0.007307576013258231,12,28c2715fbc9b16a75dc7e849a907a807c5097918ff49a92fd0b76583533998a8,87c0cf2e0f6e4cf5cf1ed4a0f6eb27af0115a73f61e811e17185afa0d20e738e
42be4c9c478fcf87,mid,40,3574d788e7e0391955461e255996bf41b7e9e8ec2f28861b4a54c47f2c6dec64,0.024861470263836075,0.04285714290275865,0.021368839454830587,-0.01799567263892258,0.0034926308090054876,6,28c2715fbc9b16a75dc7e849a907a807c5097918ff49a92fd0b76583533998a8,87c0cf2e0f6e4cf5cf1ed4a0f6eb27af0115a73f61e811e17185afa0d20e738e
e9cae6ed68f487bd,late,40,3574d788e7e0391955461e255996bf41b7e9e8ec2f28861b4a54c47f2c6dec64,0.0248632979990185,0.04285714290503945,0.03211361322415651,-0.017993844906020948,-0.007250315225138013,6,28c2715fbc9b16a75dc7e849a907a807c5097918ff49a92fd0b76583533998a8,87c0cf2e0f6e4cf5cf1ed4a0f6eb27af0115a73f61e811e17185afa0d20e738e
8aad5b2f419c6072,late,40,3574d788e7e0391955461e255996bf41b7e9e8ec2f28861b4a54c47f2c6dec64,0.07866691802754269,0.12857142847563538,0.07593765902396146,-0.04990451044809269,0.0027292590035812303,18,28c2715fbc9b16a75dc7e849a907a807c5097918ff49a92fd0b76583533998a8,87c0cf2e0f6e4cf5cf1ed4a0f6eb27af0115a73f61e811e17185afa0d20e738e
5fbcbd0c5df88ebb,late,40,3574d788e7e0391955461e255996bf41b7e9e8ec2f28861b4a54c47f2c6dec64,0.05359723829401082,0.0857142858100789,0.04669993067323622,-0.03211704751606807,0.006897307620774604,12,28c2715fbc9b16a75dc7e849a907a807c5097918ff49a92fd0b76583533998a8,87c0cf2e0f6e4cf5cf1ed4a0f6eb27af0115a73f61e811e17185afa0d20e738e
114b4dce6f7bfe50,late,40,3574d788e7e0391955461e255996bf41b7e9e8ec2f28861b4a54c47f2c6dec64,0.07836797206299305,0.1285714285851133,0.08588564242485226,-0.05020345652212026,-0.007517670361859213,18,28c2715fbc9b16a75dc7e849a907a807c5097918ff49a92fd0b76583533998a8,87c0cf2e0f6e4cf5cf1ed4a0f6eb27af0115a73f61e811e17185afa0d20e738e
916e555f6c4000ff,late,40,3574d788e7e0391955461e255996bf41b7e9e8ec2f28861b4a54c47f2c6dec64,0.024931004240248196,0.042857142895916286,0.022138728221418515,-0.01792613865566809,0.0027922760188296807,6,28c2715fbc9b16a75dc7e849a907a807c5097918ff49a92fd0b76583533998a8,87c0cf2e0f6e4cf5cf1ed4a0f6eb27af0115a73f61e811e17185afa0d20e738e
6264497eaa048e7d,late,40,3574d788e7e0391955461e255996bf41b7e9e8ec2f28861b4a54c47f2c6dec64,0.0496749705101962,0.08571428573709361,0.05361700996054523,-0.03603931522689741,-0.00394203945034903,12,28c2715fbc9b16a75dc7e849a907a807c5097918ff49a92fd0b76583533998a8,87c0cf2e0f6e4cf5cf1ed4a0f6eb27af0115a73f61e811e17185afa0d20e738e
cd631ab31fac34e8,late,40,3574d788e7e0391955461e255996bf41b7e9e8ec2f28861b4a54c47f2c6dec64,0.028571428720440183,0.042857142921004975,0.028489184102719233,-0.014285714200564792,8.224461772094946e-05,6,28c2715fbc9b16a75dc7e849a907a807c5097918ff49a92fd0b76583533998a8,87c0cf2e0f6e4cf5cf1ed4a0f6eb27af0115a73f61e811e17185afa0d20e738e
2fa902a4bde72d4f,late,40,3574d788e7e0391955461e255996bf41b7e9e8ec2f28861b4a54c47f2c6dec64,0.07858006046667058,0.1285714286124828,0.06662081599234071,-0.04999136814581222,0.011959244474329875,18,28c2715fbc9b16a75dc7e849a907a807c5097918ff49a92fd0b76583533998a8,87c0cf2e0f6e4cf5cf1ed4a0f6eb27af0115a73f61e811e17185afa0d20e738e
58de86eedc55d29f,late,40,3574d788e7e0391955461e255996bf41b7e9e8ec2f28861b4a54c47f2c6dec64,0.07902951883091722,0.1285714287219607,0.08268105296253005,-0.049541909891043484,-0.0036515341316128297,18,28c2715fbc9b16a75dc7e849a907a807c5097918ff49a92fd0b76583533998a8,87c0cf2e0f6e4cf5cf1ed4a0f6eb27af0115a73f61e811e17185afa0d20e738e
55c6be1343917df6,late,40,3574d788e7e0391955461e255996bf41b7e9e8ec2f28861b4a54c47f2c6dec64,0.07859182978280582,0.12857142879722677,0.07118774159408017,-0.04997959901442095,0.007404088188725649,18,28c2715fbc9b16a75dc7e849a907a807c5097918ff49a92fd0b76583533998a8,87c0cf2e0f6e4cf5cf1ed4a0f6eb27af0115a73f61e811e17185afa0d20e738e
5c46d4cab0649bd7,late,40,3574d788e7e0391955461e255996bf41b7e9e8ec2f28861b4a54c47f2c6dec64,0.07902951912919867,0.12857142868774887,0.08490762542632167,-0.0495419095585502,-0.005878106297123001,18,28c2715fbc9b16a75dc7e849a907a807c5097918ff49a92fd0b76583533998a8,87c0cf2e0f6e4cf5cf1ed4a0f6eb27af0115a73f61e811e17185afa0d20e738e
30fc470f7401da0c,late,40,3574d788e7e0391955461e255996bf41b7e9e8ec2f28861b4a54c47f2c6dec64,0.028571428913547067,0.042857142811527055,0.03577614986920341,-0.014285713897979987,-0.0072047209556563435,6,28c2715fbc9b16a75dc7e849a907a807c5097918ff49a92fd0b76583533998a8,87c0cf2e0f6e4cf5cf1ed4a0f6eb27af0115a73f61e811e17185afa0d20e738e
36b2c85b266010b4,late,40,3574d788e7e0391955461e255996bf41b7e9e8ec2f28861b4a54c47f2c6dec64,0.07838470534799774,0.12857142871511834,0.08237107330825673,-0.0501867233671206,-0.003986367960258988,18,28c2715fbc9b16a75dc7e849a907a807c5097918ff49a92fd0b76583533998a8,87c0cf2e0f6e4cf5cf1ed4a0f6eb27af0115a73f61e811e17185afa0d20e738e
149aab874634a179,late,40,3574d788e7e0391955461e255996bf41b7e9e8ec2f28861b4a54c47f2c6dec64,0.028571428618564897,0.0428571428480197,0.021722228820468224,-0.0142857142294548,0.006849199798096672,6,28c2715fbc9b16a75dc7e849a907a807c5097918ff49a92fd0b76583533998a8,87c0cf2e0f6e4cf5cf1ed4a0f6eb27af0115a73f61e811e17185afa0d20e738e
b3a6c7628630359d,late,40,3574d788e7e0391955461e255996bf41b7e9e8ec2f28861b4a54c47f2c6dec64,0.032062160305947954,0.05714285719455505,0.03924465140419129,-0.025080696888607097,-0.007182491098243336,8,28c2715fbc9b16a75dc7e849a907a807c5097918ff49a92fd0b76583533998a8,87c0cf2e0f6e4cf5cf1ed4a0f6eb27af0115a73f61e811e17185afa0d20e738e
6fefd9d7d54089c4,late,40,3574d788e7e0391955461e255996bf41b7e9e8ec2f28861b4a54c47f2c6dec64,0.024780219740101268,0.04285714285714286,0.02470237889460155,-0.01807692311704159,7.784084549971801e-05,6,28c2715fbc9b16a75dc7e849a907a807c5097918ff49a92fd0b76583533998a8,87c0cf2e0f6e4cf5cf1ed4a0f6eb27af0115a73f61e811e17185afa0d20e738e
df88e8a71a960d88,late,40,3574d788e7e0391955461e255996bf41b7e9e8ec2f28861b4a54c47f2c6dec64,0.0751536663993866,0.1285714285440591,0.09318680590961942,-0.05341776214467249,-0.018033139510232818,18,28c2715fbc9b16a75dc7e849a907a807c5097918ff49a92fd0b76583533998a8,87c0cf2e0f6e4cf5cf1ed4a0f6eb27af0115a73f61e811e17185afa0d20e738e
7c1c7ae6205df8bc,late,40,3574d788e7e0391955461e255996bf41b7e9e8ec2f28861b4a54c47f2c6dec64,0.0997824796611989,0.17142857115487664,0.10034115245245213,-0.07164609149367775,-0.0005586727912532397,24,28c2715fbc9b16a75dc7e849a907a807c5097918ff49a92fd0b76583533998a8,87c0cf2e0f6e4cf5cf1ed4a0f6eb27af0115a73f61e811e17185afa0d20e738e
0e6caa2b89c5671e,late,40,3574d788e7e0391955461e255996bf41b7e9e8ec2f28861b4a54c47f2c6dec64,0.1467077613004354,0.25714285697864026,0.16960559157200866,-0.11043509567820486,-0.022897830271573272,36,28c2715fbc9b16a75dc7e849a907a807c5097918ff49a92fd0b76583533998a8,87c0cf2e0f6e4cf5cf1ed4a0f6eb27af0115a73f61e811e17185afa0d20e738e
d3e8b63f8afb91f4,late,40,3574d788e7e0391955461e255996bf41b7e9e8ec2f28861b4a54c47f2c6dec64,0.0751593360063484,0.12857142842089644,0.08238326737857121,-0.05341209241454804,-0.007223931372222811,18,28c2715fbc9b16a75dc7e849a907a807c5097918ff49a92fd0b76583533998a8,87c0cf2e0f6e4cf5cf1ed4a0f6eb27af0115a73f61e811e17185afa0d20e738e
9af16211b24685c6,late,40,3574d788e7e0391955461e255996bf41b7e9e8ec2f28861b4a54c47f2c6dec64,0.04982214395750371,0.08571428573709361,0.058698865840131384,-0.0358921417795899,-0.008876721882627676,12,28c2715fbc9b16a75dc7e849a907a807c5097918ff49a92fd0b76583533998a8,87c0cf2e0f6e4cf5cf1ed4a0f6eb27af0115a73f61e811e17185afa0d20e738e
db1e347046310118,late,40,3574d788e7e0391955461e255996bf41b7e9e8ec2f28861b4a54c47f2c6dec64,0.025104189010808187,0.04285714283205417,0.024985306588941474,-0.017752953821245983,0.00011888242186671241,6,28c2715fbc9b16a75dc7e849a907a807c5097918ff49a92fd0b76583533998a8,87c0cf2e0f6e4cf5cf1ed4a0f6eb27af0115a73f61e811e17185afa0d20e738e
56a7dde81d335df3,late,40,3574d788e7e0391955461e255996bf41b7e9e8ec2f28861b4a54c47f2c6dec64,0.07840702691913473,0.1285714287219607,0.07503275927958322,-0.05016440180282597,0.003374267639551509,18,28c2715fbc9b16a75dc7e849a907a807c5097918ff49a92fd0b76583533998a8,87c0cf2e0f6e4cf5cf1ed4a0f6eb27af0115a73f61e811e17185afa0d20e738e
48c43bbbdab973de,late,40,3574d788e7e0391955461e255996bf41b7e9e8ec2f28861b4a54c47f2c6dec64,0.04979479778833937,0.0857142856732315,0.0604114178810959,-0.03591948788489213,-0.010616620092756532,12,28c2715fbc9b16a75dc7e849a907a807c5097918ff49a92fd0b76583533998a8,87c0cf2e0f6e4cf5cf1ed4a0f6eb27af0115a73f61e811e17185afa0d20e738e
23cf443537af1aae,late,40,3574d788e7e0391955461e255996bf41b7e9e8ec2f28861b4a54c47f2c6dec64,0.024927667862294205,0.042857142882231546,0.03578065316557816,-0.01792947501993734,-0.010852985303283953,6,28c2715fbc9b16a75dc7e849a907a807c5097918ff49a92fd0b76583533998a8,87c0cf2e0f6e4cf5cf1ed4a0f6eb27af0115a73f61e811e17185afa0d20e738e
0aaa7c8b0c525308,late,40,3574d788e7e0391955461e255996bf41b7e9e8ec2f28861b4a54c47f2c6dec64,0.06429036243838103,0.114285714383028,0.0715726375657087,-0.049995351944646965,-0.007282275127327667,16,28c2715fbc9b16a75dc7e849a907a807c5097918ff49a92fd0b76583533998a8,87c0cf2e0f6e4cf5cf1ed4a0f6eb27af0115a73f61e811e17185afa0d20e738e
d83a5c8ba6bc761e,late,40,3574d788e7e0391955461e255996bf41b7e9e8ec2f28861b4a54c47f2c6dec64,0.06428462036524132,0.11428571435261746,0.07885703896132044,-0.050001093987376136,-0.01457241859607912,16,28c2715fbc9b16a75dc7e849a907a807c5097918ff49a92fd0b76583533998a8,87c0cf2e0f6e4cf5cf1ed4a0f6eb27af0115a73f61e811e17185afa0d20e738e
f1046a806aadfbe0,late,40,3574d788e7e0391955461e255996bf41b7e9e8ec2f28861b4a54c47f2c6dec64,0.06428462034471456,0.11428571431612482,0.07841795392292364,-0.050001093971410254,-0.014133333578209076,16,28c2715fbc9b16a75dc7e849a907a807c5097918ff49a92fd0b76583533998a8,87c0cf2e0f6e4cf5cf1ed4a0f6eb27af0115a73f61e811e17185afa0d20e738e
6fc2092861b32642,late,40,3574d788e7e0391955461e255996bf41b7e9e8ec2f28861b4a54c47f2c6dec64,0.06430423034318017,0.11428571434653535,0.0643981713612155,-0.049981484003355184,-9.394101803533728e-05,16,28c2715fbc9b16a75dc7e849a907a807c5097918ff49a92fd0b76583533998a8,87c0cf2e0f6e4cf5cf1ed4a0f6eb27af0115a73f61e811e17185afa0d20e738e
776d096fbd7a62b8,late,40,3574d788e7e0391955461e255996bf41b7e9e8ec2f28861b4a54c47f2c6dec64,0.021499235485148826,0.04285714282293101,0.02840814678657682,-0.021357907337782183,-0.006908911301427994,6,28c2715fbc9b16a75dc7e849a907a807c5097918ff49a92fd0b76583533998a8,87c0cf2e0f6e4cf5cf1ed4a0f6eb27af0115a73f61e811e17185afa0d20e738e
460752ddf653e004,late,40,3574d788e7e0391955461e255996bf41b7e9e8ec2f28861b4a54c47f2c6dec64,0.07462610371394929,0.12857142862616752,0.06774053800009852,-0.053945324912218234,0.0068855657138507664,18,28c2715fbc9b16a75dc7e849a907a807c5097918ff49a92fd0b76583533998a8,87c0cf2e0f6e4cf5cf1ed4a0f6eb27af0115a73f61e811e17185afa0d20e738e
30bcc4667ee54d7c,mid,40,3574d788e7e0391955461e255996bf41b7e9e8ec2f28861b4a54c47f2c6dec64,0.021365501124850025,0.042857142921004975,0.02131333184012203,-0.02149164179615495,5.216928472799587e-05,6,28c2715fbc9b16a75dc7e849a907a807c5097918ff49a92fd0b76583533998a8,87c0cf2e0f6e4cf5cf1ed4a0f6eb27af0115a73f61e811e17185afa0d20e738e
7d4b1fee8b0f3782,late,40,3574d788e7e0391955461e255996bf41b7e9e8ec2f28861b4a54c47f2c6dec64,0.024724851225413673,0.04285714285030049,0.02501897279305879,-0.018132291624886818,-0.0002941215676451163,6,28c2715fbc9b16a75dc7e849a907a807c5097918ff49a92fd0b76583533998a8,87c0cf2e0f6e4cf5cf1ed4a0f6eb27af0115a73f61e811e17185afa0d20e738e
8997c4eba59e8594,mid,40,3574d788e7e0391955461e255996bf41b7e9e8ec2f28861b4a54c47f2c6dec64,0.02481929768393661,0.0428571428936355,0.03230905450438521,-0.01803784520969889,-0.007489756820448602,6,28c2715fbc9b16a75dc7e849a907a807c5097918ff49a92fd0b76583533998a8,87c0cf2e0f6e4cf5cf1ed4a0f6eb27af0115a73f61e811e17185afa0d20e738e
bac2b3a89002d2a2,late,40,3574d788e7e0391955461e255996bf41b7e9e8ec2f28861b4a54c47f2c6dec64,0.10436023769217949,0.17142857147418722,0.10602797874010779,-0.06706833378200773,-0.0016677410479283006,24,28c2715fbc9b16a75dc7e849a907a807c5097918ff49a92fd0b76583533998a8,87c0cf2e0f6e4cf5cf1ed4a0f6eb27af0115a73f61e811e17185afa0d20e738e
44564f38d84c578b,late,40,3574d788e7e0391955461e255996bf41b7e9e8ec2f28861b4a54c47f2c6dec64,0.053563473027743544,0.08571428558656148,0.05274144142457628,-0.03215081255881794,0.000822031603167267,12,28c2715fbc9b16a75dc7e849a907a807c5097918ff49a92fd0b76583533998a8,87c0cf2e0f6e4cf5cf1ed4a0f6eb27af0115a73f61e811e17185afa0d20e738e
60ac7ed07a88c8b5,late,40,3574d788e7e0391955461e255996bf41b7e9e8ec2f28861b4a54c47f2c6dec64,0.05015172757478477,0.08571428573709361,0.05361546753070596,-0.03556255816230884,-0.00346373995592119,12,28c2715fbc9b16a75dc7e849a907a807c5097918ff49a92fd0b76583533998a8,87c0cf2e0f6e4cf5cf1ed4a0f6eb27af0115a73f61e811e17185afa0d20e738e
624b9c4f6e51f9fa,late,40,3574d788e7e0391955461e255996bf41b7e9e8ec2f28861b4a54c47f2c6dec64,0.1001139543416554,0.17142857115487664,0.1205797328152086,-0.07131461681322124,-0.0204657784735532,24,28c2715fbc9b16a75dc7e849a907a807c5097918ff49a92fd0b76583533998a8,87c0cf2e0f6e4cf5cf1ed4a0f6eb27af0115a73f61e811e17185afa0d20e738e
3b961a569be80755,late,40,3574d788e7e0391955461e255996bf41b7e9e8ec2f28861b4a54c47f2c6dec64,0.024812107076698425,0.042857142895916286,0.02497871876958429,-0.01804503581921786,-0.0001666116928858638,6,28c2715fbc9b16a75dc7e849a907a807c5097918ff49a92fd0b76583533998a8,87c0cf2e0f6e4cf5cf1ed4a0f6eb27af0115a73f61e811e17185afa0d20e738e
5fb8d2642e68cf72,late,40,3574d788e7e0391955461e255996bf41b7e9e8ec2f28861b4a54c47f2c6dec64,0.10001501463352196,0.17142857126435454,0.1133861776419542,-0.07141355663083258,-0.013371163008432246,24,28c2715fbc9b16a75dc7e849a907a807c5097918ff49a92fd0b76583533998a8,87c0cf2e0f6e4cf5cf1ed4a0f6eb27af0115a73f61e811e17185afa0d20e738e
499e4e4687fe7f82,late,40,3574d788e7e0391955461e255996bf41b7e9e8ec2f28861b4a54c47f2c6dec64,0.024863297944476878,0.04285714290275865,0.02815579897394755,-0.017993844958281775,-0.003292501029470672,6,28c2715fbc9b16a75dc7e849a907a807c5097918ff49a92fd0b76583533998a8,87c0cf2e0f6e4cf5cf1ed4a0f6eb27af0115a73f61e811e17185afa0d20e738e
18ee6c5df8159acb,late,40,3574d788e7e0391955461e255996bf41b7e9e8ec2f28861b4a54c47f2c6dec64,0.04979219986959491,0.08571428556831516,0.058144775412943064,-0.03592208569872025,-0.008352575543348152,12,28c2715fbc9b16a75dc7e849a907a807c5097918ff49a92fd0b76583533998a8,87c0cf2e0f6e4cf5cf1ed4a0f6eb27af0115a73f61e811e17185afa0d20e738e
6f26e2f61472d2ba,late,40,3574d788e7e0391955461e255996bf41b7e9e8ec2f28861b4a54c47f2c6dec64,0.024927667930259342,0.042857142816088635,0.028806227950192345,-0.017929474885829293,-0.003878560019933003,6,28c2715fbc9b16a75dc7e849a907a807c5097918ff49a92fd0b76583533998a8,87c0cf2e0f6e4cf5cf1ed4a0f6eb27af0115a73f61e811e17185afa0d20e738e
a1b85cd1b385605f,late,40,3574d788e7e0391955461e255996bf41b7e9e8ec2f28861b4a54c47f2c6dec64,0.09948961595344867,0.1714285714103251,0.12417950793843402,-0.07193895545687644,-0.02468989198498535,24,28c2715fbc9b16a75dc7e849a907a807c5097918ff49a92fd0b76583533998a8,87c0cf2e0f6e4cf5cf1ed4a0f6eb27af0115a73f61e811e17185afa0d20e738e
c6d589ffd6239ce1,mid,40,3574d788e7e0391955461e255996bf41b7e9e8ec2f28861b4a54c47f2c6dec64,0.024678822464220474,0.042857142886793126,0.02891071265168697,-0.018178320422572652,-0.004231890187466496,6,28c2715fbc9b16a75dc7e849a907a807c5097918ff49a92fd0b76583533998a8,87c0cf2e0f6e4cf5cf1ed4a0f6eb27af0115a73f61e811e17185afa0d20e738e
adac1ce9ac05888c,late,40,3574d788e7e0391955461e255996bf41b7e9e8ec2f28861b4a54c47f2c6dec64,0.05335508995820761,0.08571428564586202,0.05279841961647909,-0.032359195687654406,0.0005566703417285226,12,28c2715fbc9b16a75dc7e849a907a807c5097918ff49a92fd0b76583533998a8,87c0cf2e0f6e4cf5cf1ed4a0f6eb27af0115a73f61e811e17185afa0d20e738e
30a0e035ac98894a,late,40,3574d788e7e0391955461e255996bf41b7e9e8ec2f28861b4a54c47f2c6dec64,0.05330673937143743,0.08571428574621677,0.05704363927241444,-0.03240754637477934,-0.00373689990097701,12,28c2715fbc9b16a75dc7e849a907a807c5097918ff49a92fd0b76583533998a8,87c0cf2e0f6e4cf5cf1ed4a0f6eb27af0115a73f61e811e17185afa0d20e738e
298e329d46985be6,late,40,3574d788e7e0391955461e255996bf41b7e9e8ec2f28861b4a54c47f2c6dec64,0.053355090025623414,0.08571428566866991,0.05436953713086591,-0.0323591956430465,-0.001014447105242497,12,28c2715fbc9b16a75dc7e849a907a807c5097918ff49a92fd0b76583533998a8,87c0cf2e0f6e4cf5cf1ed4a0f6eb27af0115a73f61e811e17185afa0d20e738e
db46035c8bb13484,late,40,3574d788e7e0391955461e255996bf41b7e9e8ec2f28861b4a54c47f2c6dec64,0.05330673934375111,0.085714285787271,0.053845657294431463,-0.03240754644351989,-0.0005389179506803538,12,28c2715fbc9b16a75dc7e849a907a807c5097918ff49a92fd0b76583533998a8,87c0cf2e0f6e4cf5cf1ed4a0f6eb27af0115a73f61e811e17185afa0d20e738e
868e275bc02ed9aa,late,40,3574d788e7e0391955461e255996bf41b7e9e8ec2f28861b4a54c47f2c6dec64,0.04999109754870429,0.08571428577358625,0.06075160922694264,-0.03572318822488196,-0.010760511678238355,12,28c2715fbc9b16a75dc7e849a907a807c5097918ff49a92fd0b76583533998a8,87c0cf2e0f6e4cf5cf1ed4a0f6eb27af0115a73f61e811e17185afa0d20e738e
33ddae0fd74c1095,late,40,3574d788e7e0391955461e255996bf41b7e9e8ec2f28861b4a54c47f2c6dec64,0.053250250763818674,0.08571428573253204,0.05346901412594936,-0.03246403496871336,-0.00021876336213068337,12,28c2715fbc9b16a75dc7e849a907a807c5097918ff49a92fd0b76583533998a8,87c0cf2e0f6e4cf5cf1ed4a0f6eb27af0115a73f61e811e17185afa0d20e738e
461699d7bb412c04,late,40,3574d788e7e0391955461e255996bf41b7e9e8ec2f28861b4a54c47f2c6dec64,0.05335509005401816,0.08571428571428572,0.04653769076934883,-0.032359195660267556,0.0068173992846693315,12,28c2715fbc9b16a75dc7e849a907a807c5097918ff49a92fd0b76583533998a8,87c0cf2e0f6e4cf5cf1ed4a0f6eb27af0115a73f61e811e17185afa0d20e738e
071ab07e1e38a628,late,40,3574d788e7e0391955461e255996bf41b7e9e8ec2f28861b4a54c47f2c6dec64,0.05330673916492019,0.08571428584200995,0.04615637305019043,-0.03240754667708976,0.007150366114729759,12,28c2715fbc9b16a75dc7e849a907a807c5097918ff49a92fd0b76583533998a8,87c0cf2e0f6e4cf5cf1ed4a0f6eb27af0115a73f61e811e17185afa0d20e738e
42accf704c38cba0,late,40,3574d788e7e0391955461e255996bf41b7e9e8ec2f28861b4a54c47f2c6dec64,0.05335509018884976,0.08571428575990152,0.04879561372569396,-0.032359195571051755,0.004559476463155805,12,28c2715fbc9b16a75dc7e849a907a807c5097918ff49a92fd0b76583533998a8,87c0cf2e0f6e4cf5cf1ed4a0f6eb27af0115a73f61e811e17185afa0d20e738e
c10ec77ff32ffa91,late,40,3574d788e7e0391955461e255996bf41b7e9e8ec2f28861b4a54c47f2c6dec64,0.028571428679385964,0.042857142859423644,0.025059989202504712,-0.01428571418003768,0.0035114394768812514,6,28c2715fbc9b16a75dc7e849a907a807c5097918ff49a92fd0b76583533998a8,87c0cf2e0f6e4cf5cf1ed4a0f6eb27af0115a73f61e811e17185afa0d20e738e
54793d67d9944eb8,late,40,3574d788e7e0391955461e255996bf41b7e9e8ec2f28861b4a54c47f2c6dec64,0.053355090098718166,0.08571428570060098,0.0634296105275043,-0.032359195601882815,-0.010074520428786135,12,28c2715fbc9b16a75dc7e849a907a807c5097918ff49a92fd0b76583533998a8,87c0cf2e0f6e4cf5cf1ed4a0f6eb27af0115a73f61e811e17185afa0d20e738e
8f08729d2995a817,late,40,3574d788e7e0391955461e255996bf41b7e9e8ec2f28861b4a54c47f2c6dec64,0.024986807060048483,0.04285714279328074,0.035601496643421805,-0.017870335733232257,-0.010614689583373322,6,28c2715fbc9b16a75dc7e849a907a807c5097918ff49a92fd0b76583533998a8,87c0cf2e0f6e4cf5cf1ed4a0f6eb27af0115a73f61e811e17185afa0d20e738e
07e3a9d289c6178d,late,40,3574d788e7e0391955461e255996bf41b7e9e8ec2f28861b4a54c47f2c6dec64,0.10017365838789068,0.1714285713190935,0.11828841453048475,-0.07125491293120283,-0.01811475614259407,24,28c2715fbc9b16a75dc7e849a907a807c5097918ff49a92fd0b76583533998a8,87c0cf2e0f6e4cf5cf1ed4a0f6eb27af0115a73f61e811e17185afa0d20e738e
7102b379fd198e9c,late,40,3574d788e7e0391955461e255996bf41b7e9e8ec2f28861b4a54c47f2c6dec64,0.07483048507956379,0.12857142847563538,0.08251261912524824,-0.05374094339607159,-0.0076821340456844495,18,28c2715fbc9b16a75dc7e849a907a807c5097918ff49a92fd0b76583533998a8,87c0cf2e0f6e4cf5cf1ed4a0f6eb27af0115a73f61e811e17185afa0d20e738e
d722ebf1d24090c6,late,40,3574d788e7e0391955461e255996bf41b7e9e8ec2f28861b4a54c47f2c6dec64,0.049611311652680234,0.08571428586481786,0.053739623606918516,-0.03610297421213762,-0.004128311954238281,12,28c2715fbc9b16a75dc7e849a907a807c5097918ff49a92fd0b76583533998a8,87c0cf2e0f6e4cf5cf1ed4a0f6eb27af0115a73f61e811e17185afa0d20e738e
8ce9f2f52718d991,late,40,3574d788e7e0391955461e255996bf41b7e9e8ec2f28861b4a54c47f2c6dec64,0.04962864822606645,0.08571428564130043,0.057943261258991054,-0.03608563741523398,-0.008314613032924606,12,28c2715fbc9b16a75dc7e849a907a807c5097918ff49a92fd0b76583533998a8,87c0cf2e0f6e4cf5cf1ed4a0f6eb27af0115a73f61e811e17185afa0d20e738e
bf37710c7cf719ac,late,40,3574d788e7e0391955461e255996bf41b7e9e8ec2f28861b4a54c47f2c6dec64,0.02486597324067697,0.042857142820650215,0.03564197540441413,-0.017991169579973244,-0.010776002163737156,6,28c2715fbc9b16a75dc7e849a907a807c5097918ff49a92fd0b76583533998a8,87c0cf2e0f6e4cf5cf1ed4a0f6eb27af0115a73f61e811e17185afa0d20e738e
2180a713bbe5e4f3,late,40,3574d788e7e0391955461e255996bf41b7e9e8ec2f28861b4a54c47f2c6dec64,0.049953535114094984,0.08571428556831516,0.056708076233594626,-0.035760750454220176,-0.006754541119499642,12,28c2715fbc9b16a75dc7e849a907a807c5097918ff49a92fd0b76583533998a8,87c0cf2e0f6e4cf5cf1ed4a0f6eb27af0115a73f61e811e17185afa0d20e738e
e935be4a08f19bb3,late,40,3574d788e7e0391955461e255996bf41b7e9e8ec2f28861b4a54c47f2c6dec64,0.08237886493194489,0.12857142849616252,0.08193174244563232,-0.04619256356421762,0.0004471224863125678,18,28c2715fbc9b16a75dc7e849a907a807c5097918ff49a92fd0b76583533998a8,87c0cf2e0f6e4cf5cf1ed4a0f6eb27af0115a73f61e811e17185afa0d20e738e
e70a019fe84490e1,late,40,3574d788e7e0391955461e255996bf41b7e9e8ec2f28861b4a54c47f2c6dec64,0.028571428673303857,0.04285714285030049,0.02502647260070489,-0.014285714176996634,0.003544956072598967,6,28c2715fbc9b16a75dc7e849a907a807c5097918ff49a92fd0b76583533998a8,87c0cf2e0f6e4cf5cf1ed4a0f6eb27af0115a73f61e811e17185afa0d20e738e
9e3b391509c72b22,mid,40,3574d788e7e0391955461e255996bf41b7e9e8ec2f28861b4a54c47f2c6dec64,0.02495416479314611,0.042857142891354706,0.02848067333800506,-0.017902978098208597,-0.0035265085448589507,6,28c2715fbc9b16a75dc7e849a907a807c5097918ff49a92fd0b76583533998a8,87c0cf2e0f6e4cf5cf1ed4a0f6eb27af0115a73f61e811e17185afa0d20e738e
85bae8f3c9ae0365,mid,40,3574d788e7e0391955461e255996bf41b7e9e8ec2f28861b4a54c47f2c6dec64,0.024678822441893216,0.0428571428480197,0.03216390337642518,-0.01817832040612648,-0.007485080934531967,6,28c2715fbc9b16a75dc7e849a907a807c5097918ff49a92fd0b76583533998a8,87c0cf2e0f6e4cf5cf1ed4a0f6eb27af0115a73f61e811e17185afa0d20e738e
c3f583a297ecfc3c,mid,40,3574d788e7e0391955461e255996bf41b7e9e8ec2f28861b4a54c47f2c6dec64,0.025082701831838368,0.042857142882231546,0.029083770903089296,-0.017774441050393178,-0.004001069071250928,6,28c2715fbc9b16a75dc7e849a907a807c5097918ff49a92fd0b76583533998a8,87c0cf2e0f6e4cf5cf1ed4a0f6eb27af0115a73f61e811e17185afa0d20e738e
0a43f69ab365b4d3,mid,40,3574d788e7e0391955461e255996bf41b7e9e8ec2f28861b4a54c47f2c6dec64,0.02495416450713362,0.04285714285714286,0.02147197611629963,-0.017902978350009237,0.003482188390833991,6,28c2715fbc9b16a75dc7e849a907a807c5097918ff49a92fd0b76583533998a8,87c0cf2e0f6e4cf5cf1ed4a0f6eb27af0115a73f61e811e17185afa0d20e738e
acf4b5c3199cdd7c,mid,40,3574d788e7e0391955461e255996bf41b7e9e8ec2f28861b4a54c47f2c6dec64,0.05325025113067992,0.08571428572340888,0.06422300089302052,-0.03246403459272896,-0.010972749762340604,12,28c2715fbc9b16a75dc7e849a907a807c5097918ff49a92fd0b76583533998a8,87c0cf2e0f6e4cf5cf1ed4a0f6eb27af0115a73f61e811e17185afa0d20e738e
ffb26c129585a7ef,mid,40,3574d788e7e0391955461e255996bf41b7e9e8ec2f28861b4a54c47f2c6dec64,0.024836390558717298,0.042857142834334956,0.02488603920548833,-0.018020752275617658,-4.9648646771031923e-05,6,28c2715fbc9b16a75dc7e849a907a807c5097918ff49a92fd0b76583533998a8,87c0cf2e0f6e4cf5cf1ed4a0f6eb27af0115a73f61e811e17185afa0d20e738e
7ffa0a410b2e3d2a,mid,40,3574d788e7e0391955461e255996bf41b7e9e8ec2f28861b4a54c47f2c6dec64,0.04990340400224691,0.08571428568235466,0.05014668589452405,-0.03581088168010775,-0.00024328189227713903,12,28c2715fbc9b16a75dc7e849a907a807c5097918ff49a92fd0b76583533998a8,87c0cf2e0f6e4cf5cf1ed4a0f6eb27af0115a73f61e811e17185afa0d20e738e
afa1bb89512b7e7a,mid,40,3574d788e7e0391955461e255996bf41b7e9e8ec2f28861b4a54c47f2c6dec64,0.024678822452400162,0.04285714286626602,0.03205384511650755,-0.018178320413865856,-0.007375022664107389,6,28c2715fbc9b16a75dc7e849a907a807c5097918ff49a92fd0b76583533998a8,87c0cf2e0f6e4cf5cf1ed4a0f6eb27af0115a73f61e811e17185afa0d20e738e
bb9c5a54bd21082d,mid,40,3574d788e7e0391955461e255996bf41b7e9e8ec2f28861b4a54c47f2c6dec64,0.024735310333341094,0.042857142820650215,0.028790959159143516,-0.01812183248730912,-0.0040556488258024215,6,28c2715fbc9b16a75dc7e849a907a807c5097918ff49a92fd0b76583533998a8,87c0cf2e0f6e4cf5cf1ed4a0f6eb27af0115a73f61e811e17185afa0d20e738e
057097684e7e5a87,mid,40,3574d788e7e0391955461e255996bf41b7e9e8ec2f28861b4a54c47f2c6dec64,0.021462774545109992,0.04285714286170444,0.025372832909798287,-0.021394368316594446,-0.003910058364688294,6,28c2715fbc9b16a75dc7e849a907a807c5097918ff49a92fd0b76583533998a8,87c0cf2e0f6e4cf5cf1ed4a0f6eb27af0115a73f61e811e17185afa0d20e738e
72331df48a7d2dac,mid,40,3574d788e7e0391955461e255996bf41b7e9e8ec2f28861b4a54c47f2c6dec64,0.0246979155428314,0.04285714290047787,0.028869376626851205,-0.018159227357646468,-0.004171461084019806,6,28c2715fbc9b16a75dc7e849a907a807c5097918ff49a92fd0b76583533998a8,87c0cf2e0f6e4cf5cf1ed4a0f6eb27af0115a73f61e811e17185afa0d20e738e
61874ccf7e96711e,mid,40,3574d788e7e0391955461e255996bf41b7e9e8ec2f28861b4a54c47f2c6dec64,0.02151861814482231,0.042857142877669965,0.028630138361968697,-0.021338524732847655,-0.007111520217146387,6,28c2715fbc9b16a75dc7e849a907a807c5097918ff49a92fd0b76583533998a8,87c0cf2e0f6e4cf5cf1ed4a0f6eb27af0115a73f61e811e17185afa0d20e738e
4b8d3d7dd8c4e0ae,mid,40,3574d788e7e0391955461e255996bf41b7e9e8ec2f28861b4a54c47f2c6dec64,0.05003864639302969,0.08571428565498518,0.04995565033121708,-0.03567563926195549,8.299606181261243e-05,12,28c2715fbc9b16a75dc7e849a907a807c5097918ff49a92fd0b76583533998a8,87c0cf2e0f6e4cf5cf1ed4a0f6eb27af0115a73f61e811e17185afa0d20e738e
d5f8df6e4fc6622d,mid,40,3574d788e7e0391955461e255996bf41b7e9e8ec2f28861b4a54c47f2c6dec64,0.025149508242338442,0.04285714285030049,0.03204482383514438,-0.01770763460796205,-0.006895315592805935,6,28c2715fbc9b16a75dc7e849a907a807c5097918ff49a92fd0b76583533998a8,87c0cf2e0f6e4cf5cf1ed4a0f6eb27af0115a73f61e811e17185afa0d20e738e
e0cdbab80d258594,mid,40,3574d788e7e0391955461e255996bf41b7e9e8ec2f28861b4a54c47f2c6dec64,0.02476093216919523,0.04285714287995076,0.0357804606726023,-0.01809621071075553,-0.01101952850340707,6,28c2715fbc9b16a75dc7e849a907a807c5097918ff49a92fd0b76583533998a8,87c0cf2e0f6e4cf5cf1ed4a0f6eb27af0115a73f61e811e17185afa0d20e738e
4456aeaef4126487,mid,40,3574d788e7e0391955461e255996bf41b7e9e8ec2f28861b4a54c47f2c6dec64,0.02473531040837444,0.04285714295065525,0.025357621803861776,-0.01812183254228081,-0.0006223113954873377,6,28c2715fbc9b16a75dc7e849a907a807c5097918ff49a92fd0b76583533998a8,87c0cf2e0f6e4cf5cf1ed4a0f6eb27af0115a73f61e811e17185afa0d20e738e
4dca2566ec2be9b6,late,45,962aa9523c3cbf52ff7939034fc667d95f781ef028f30400bcc8ae675da770b4,0.05306668266480879,0.08571428581464047,0.04947114411679576,-0.03264760314983168,0.003595538548013026,12,28c2715fbc9b16a75dc7e849a907a807c5097918ff49a92fd0b76583533998a8,87c0cf2e0f6e4cf5cf1ed4a0f6eb27af0115a73f61e811e17185afa0d20e738e
42be4c9c478fcf87,mid,45,962aa9523c3cbf52ff7939034fc667d95f781ef028f30400bcc8ae675da770b4,0.024782718582136765,0.04285714289819708,0.028592777279587197,-0.018074424316060315,-0.0038100586974504323,6,28c2715fbc9b16a75dc7e849a907a807c5097918ff49a92fd0b76583533998a8,87c0cf2e0f6e4cf5cf1ed4a0f6eb27af0115a73f61e811e17185afa0d20e738e
e9cae6ed68f487bd,late,45,962aa9523c3cbf52ff7939034fc667d95f781ef028f30400bcc8ae675da770b4,0.024780845067237465,0.04285714287538918,0.028628979795161734,-0.018076297808151714,-0.003848134727924269,6,28c2715fbc9b16a75dc7e849a907a807c5097918ff49a92fd0b76583533998a8,87c0cf2e0f6e4cf5cf1ed4a0f6eb27af0115a73f61e811e17185afa0d20e738e
8aad5b2f419c6072,late,45,962aa9523c3cbf52ff7939034fc667d95f781ef028f30400bcc8ae675da770b4,0.07878226104140891,0.12857142837299984,0.07874439330592818,-0.04978916733159093,3.786773548072886e-05,18,28c2715fbc9b16a75dc7e849a907a807c5097918ff49a92fd0b76583533998a8,87c0cf2e0f6e4cf5cf1ed4a0f6eb27af0115a73f61e811e17185afa0d20e738e
5fbcbd0c5df88ebb,late,45,962aa9523c3cbf52ff7939034fc667d95f781ef028f30400bcc8ae675da770b4,0.05361244373068071,0.08571428585113311,0.05430854849673044,-0.0321018421204524,-0.0006961047660497266,12,28c2715fbc9b16a75dc7e849a907a807c5097918ff49a92fd0b76583533998a8,87c0cf2e0f6e4cf5cf1ed4a0f6eb27af0115a73f61e811e17185afa0d20e738e
114b4dce6f7bfe50,late,45,962aa9523c3cbf52ff7939034fc667d95f781ef028f30400bcc8ae675da770b4,0.07821885893998444,0.12857142828404902,0.08607399928702265,-0.05035256934406458,-0.007855140347038214,18,28c2715fbc9b16a75dc7e849a907a807c5097918ff49a92fd0b76583533998a8,87c0cf2e0f6e4cf5cf1ed4a0f6eb27af0115a73f61e811e17185afa0d20e738e
916e555f6c4000ff,late,45,962aa9523c3cbf52ff7939034fc667d95f781ef028f30400bcc8ae675da770b4,0.0249007960234963,0.04285714290047787,0.024789171850627782,-0.017956346876981565,0.00011162417286851925,6,28c2715fbc9b16a75dc7e849a907a807c5097918ff49a92fd0b76583533998a8,87c0cf2e0f6e4cf5cf1ed4a0f6eb27af0115a73f61e811e17185afa0d20e738e
6264497eaa048e7d,late,45,962aa9523c3cbf52ff7939034fc667d95f781ef028f30400bcc8ae675da770b4,0.04954915253153139,0.08571428551129541,0.05351187095145678,-0.03616513297976402,-0.00396271841992539,12,28c2715fbc9b16a75dc7e849a907a807c5097918ff49a92fd0b76583533998a8,87c0cf2e0f6e4cf5cf1ed4a0f6eb27af0115a73f61e811e17185afa0d20e738e
cd631ab31fac34e8,late,45,962aa9523c3cbf52ff7939034fc667d95f781ef028f30400bcc8ae675da770b4,0.028571428246035868,0.0428571428480197,0.02090591165191235,-0.014285714601983829,0.0076655165941235184,6,28c2715fbc9b16a75dc7e849a907a807c5097918ff49a92fd0b76583533998a8,87c0cf2e0f6e4cf5cf1ed4a0f6eb27af0115a73f61e811e17185afa0d20e738e
2fa902a4bde72d4f,late,45,962aa9523c3cbf52ff7939034fc667d95f781ef028f30400bcc8ae675da770b4,0.07852383406530988,0.12857142850984724,0.07851162431992566,-0.05004759444453735,1.2209745384225701e-05,18,28c2715fbc9b16a75dc7e849a907a807c5097918ff49a92fd0b76583533998a8,87c0cf2e0f6e4cf5cf1ed4a0f6eb27af0115a73f61e811e17185afa0d20e738e
58de86eedc55d29f,late,45,962aa9523c3cbf52ff7939034fc667d95f781ef028f30400bcc8ae675da770b4,0.0793419195942972,0.12857142862616752,0.08569937123175152,-0.04922950903187032,-0.006357451637454312,18,28c2715fbc9b16a75dc7e849a907a807c5097918ff49a92fd0b76583533998a8,87c0cf2e0f6e4cf5cf1ed4a0f6eb27af0115a73f61e811e17185afa0d20e738e
55c6be1343917df6,late,45,962aa9523c3cbf52ff7939034fc667d95f781ef028f30400bcc8ae675da770b4,0.07862671828959739,0.12857142852353198,0.08470264159180657,-0.0499447102339346,-0.006075923302209185,18,28c2715fbc9b16a75dc7e849a907a807c5097918ff49a92fd0b76583533998a8,87c0cf2e0f6e4cf5cf1ed4a0f6eb27af0115a73f61e811e17185afa0d20e738e
5c46d4cab0649bd7,late,45,962aa9523c3cbf52ff7939034fc667d95f781ef028f30400bcc8ae675da770b4,0.07934191972184633,0.12857142866037938,0.07396328704492976,-0.04922950893853305,0.005378632676916573,18,28c2715fbc9b16a75dc7e849a907a807c5097918ff49a92fd0b76583533998a8,87c0cf2e0f6e4cf5cf1ed4a0f6eb27af0115a73f61e811e17185afa0d20e738e
30fc470f7401da0c,late,45,962aa9523c3cbf52ff7939034fc667d95f781ef028f30400bcc8ae675da770b4,0.02857142849996382,0.04285714290960103,0.0282065449893874,-0.014285714409637208,0.0003648835105764213,6,28c2715fbc9b16a75dc7e849a907a807c5097918ff49a92fd0b76583533998a8,87c0cf2e0f6e4cf5cf1ed4a0f6eb27af0115a73f61e811e17185afa0d20e738e
36b2c85b266010b4,late,45,962aa9523c3cbf52ff7939034fc667d95f781ef028f30400bcc8ae675da770b4,0.07803416692941782,0.12857142846879302,0.07569224211065984,-0.0505372615393752,0.002341924818757987,18,28c2715fbc9b16a75dc7e849a907a807c5097918ff49a92fd0b76583533998a8,87c0cf2e0f6e4cf5cf1ed4a0f6eb27af0115a73f61e811e17185afa0d20e738e
149aab874634a179,late,45,962aa9523c3cbf52ff7939034fc667d95f781ef028f30400bcc8ae675da770b4,0.028571428464991704,0.04285714285714286,0.02845223993062973,-0.014285714392151153,0.00011918853436197405,6,28c2715fbc9b16a75dc7e849a907a807c5097918ff49a92fd0b76583533998a8,87c0cf2e0f6e4cf5cf1ed4a0f6eb27af0115a73f61e811e17185afa0d20e738e
b3a6c7628630359d,late,45,962aa9523c3cbf52ff7939034fc667d95f781ef028f30400bcc8ae675da770b4,0.03205504274616119,0.057142857063789756,0.03908757514100644,-0.02508781431762857,-0.007032532394845255,8,28c2715fbc9b16a75dc7e849a907a807c5097918ff49a92fd0b76583533998a8,87c0cf2e0f6e4cf5cf1ed4a0f6eb27af0115a73f61e811e17185afa0d20e738e
6fefd9d7d54089c4,late,45,962aa9523c3cbf52ff7939034fc667d95f781ef028f30400bcc8ae675da770b4,0.02471782758544862,0.04285714288907392,0.03595191700667818,-0.018139315303625298,-0.011234089421229557,6,28c2715fbc9b16a75dc7e849a907a807c5097918ff49a92fd0b76583533998a8,87c0cf2e0f6e4cf5cf1ed4a0f6eb27af0115a73f61e811e17185afa0d20e738e
df88e8a71a960d88,late,45,962aa9523c3cbf52ff7939034fc667d95f781ef028f30400bcc8ae675da770b4,0.07529481948849448,0.12857142841405406,0.09659080019904097,-0.053276608925559577,-0.02129598071054649,18,28c2715fbc9b16a75dc7e849a907a807c5097918ff49a92fd0b76583533998a8,87c0cf2e0f6e4cf5cf1ed4a0f6eb27af0115a73f61e811e17185afa0d20e738e
7c1c7ae6205df8bc,late,45,962aa9523c3cbf52ff7939034fc667d95f781ef028f30400bcc8ae675da770b4,0.09971520499419928,0.17142857166577358,0.11153959083237974,-0.0717133666715743,-0.011824385838180462,24,28c2715fbc9b16a75dc7e849a907a807c5097918ff49a92fd0b76583533998a8,87c0cf2e0f6e4cf5cf1ed4a0f6eb27af0115a73f61e811e17185afa0d20e738e
0e6caa2b89c5671e,late,45,962aa9523c3cbf52ff7939034fc667d95f781ef028f30400bcc8ae675da770b4,0.1470389594269678,0.2571428564586202,0.16639758905556162,-0.11010389703165238,-0.019358629628593832,36,28c2715fbc9b16a75dc7e849a907a807c5097918ff49a92fd0b76583533998a8,87c0cf2e0f6e4cf5cf1ed4a0f6eb27af0115a73f61e811e17185afa0d20e738e
d3e8b63f8afb91f4,late,45,962aa9523c3cbf52ff7939034fc667d95f781ef028f30400bcc8ae675da770b4,0.07542426193940305,0.12857142859879805,0.0888424081118708,-0.053147166659395007,-0.013418146172467754,18,28c2715fbc9b16a75dc7e849a907a807c5097918ff49a92fd0b76583533998a8,87c0cf2e0f6e4cf5cf1ed4a0f6eb27af0115a73f61e811e17185afa0d20e738e
9af16211b24685c6,late,45,962aa9523c3cbf52ff7939034fc667d95f781ef028f30400bcc8ae675da770b4,0.04978134306418441,0.0857142856960394,0.042329844557317274,-0.03593294263185498,0.007451498506867139,12,28c2715fbc9b16a75dc7e849a907a807c5097918ff49a92fd0b76583533998a8,87c0cf2e0f6e4cf5cf1ed4a0f6eb27af0115a73f61e811e17185afa0d20e738e
db1e347046310118,late,45,962aa9523c3cbf52ff7939034fc667d95f781ef028f30400bcc8ae675da770b4,0.025271886029404944,0.04285714281380785,0.03209713577107417,-0.017585256784402904,-0.0068252497416692245,6,28c2715fbc9b16a75dc7e849a907a807c5097918ff49a92fd0b76583533998a8,87c0cf2e0f6e4cf5cf1ed4a0f6eb27af0115a73f61e811e17185afa0d20e738e
56a7dde81d335df3,late,45,962aa9523c3cbf52ff7939034fc667d95f781ef028f30400bcc8ae675da770b4,0.07831778974494881,0.12857142850300488,0.09668729034029623,-0.050253638758056066,-0.01836950059534742,18,28c2715fbc9b16a75dc7e849a907a807c5097918ff49a92fd0b76583533998a8,87c0cf2e0f6e4cf5cf1ed4a0f6eb27af0115a73f61e811e17185afa0d20e738e
48c43bbbdab973de,late,45,962aa9523c3cbf52ff7939034fc667d95f781ef028f30400bcc8ae675da770b4,0.049628956647088204,0.08571428558428068,0.05987097143561059,-0.036085328937192476,-0.010242014788522387,12,28c2715fbc9b16a75dc7e849a907a807c5097918ff49a92fd0b76583533998a8,87c0cf2e0f6e4cf5cf1ed4a0f6eb27af0115a73f61e811e17185afa0d20e738e
23cf443537af1aae,late,45,962aa9523c3cbf52ff7939034fc667d95f781ef028f30400bcc8ae675da770b4,0.02490655937638177,0.042857142825211796,0.028012363112815093,-0.017950583448830024,-0.0031058037364333213,6,28c2715fbc9b16a75dc7e849a907a807c5097918ff49a92fd0b76583533998a8,87c0cf2e0f6e4cf5cf1ed4a0f6eb27af0115a73f61e811e17185afa0d20e738e
0aaa7c8b0c525308,late,45,962aa9523c3cbf52ff7939034fc667d95f781ef028f30400bcc8ae675da770b4,0.06412634507926558,0.11428571426746796,0.09378218058595984,-0.05015936918820238,-0.02965583550669426,16,28c2715fbc9b16a75dc7e849a907a807c5097918ff49a92fd0b76583533998a8,87c0cf2e0f6e4cf5cf1ed4a0f6eb27af0115a73f61e811e17185afa0d20e738e
d83a5c8ba6bc761e,late,45,962aa9523c3cbf52ff7939034fc667d95f781ef028f30400bcc8ae675da770b4,0.06412689749480908,0.11428571437694589,0.07745256073569551,-0.0501588168821368,-0.013325663240886423,16,28c2715fbc9b16a75dc7e849a907a807c5097918ff49a92fd0b76583533998a8,87c0cf2e0f6e4cf5cf1ed4a0f6eb27af0115a73f61e811e17185afa0d20e738e
f1046a806aadfbe0,late,45,962aa9523c3cbf52ff7939034fc667d95f781ef028f30400bcc8ae675da770b4,0.06412689743679263,0.11428571427355007,0.08256618182759559,-0.050158816836757436,-0.01843928439080296,16,28c2715fbc9b16a75dc7e849a907a807c5097918ff49a92fd0b76583533998a8,87c0cf2e0f6e4cf5cf1ed4a0f6eb27af0115a73f61e811e17185afa0d20e738e
6fc2092861b32642,late,45,962aa9523c3cbf52ff7939034fc667d95f781ef028f30400bcc8ae675da770b4,0.06425293200893092,0.11428571440127432,0.08074241725111146,-0.05003278239234339,-0.016489485242180538,16,28c2715fbc9b16a75dc7e849a907a807c5097918ff49a92fd0b76583533998a8,87c0cf2e0f6e4cf5cf1ed4a0f6eb27af0115a73f61e811e17185afa0d20e738e
776d096fbd7a62b8,late,45,962aa9523c3cbf52ff7939034fc667d95f781ef028f30400bcc8ae675da770b4,0.02143447558224348,0.04285714284573891,0.02505055516291661,-0.02142266726349543,-0.003616079580673129,6,28c2715fbc9b16a75dc7e849a907a807c5097918ff49a92fd0b76583533998a8,87c0cf2e0f6e4cf5cf1ed4a0f6eb27af0115a73f61e811e17185afa0d20e738e
460752ddf653e004,late,45,962aa9523c3cbf52ff7939034fc667d95f781ef028f30400bcc8ae675da770b4,0.07426108215689098,0.12857142853721673,0.07509625301959891,-0.05431034638032575,-0.0008351708627079291,18,28c2715fbc9b16a75dc7e849a907a807c5097918ff49a92fd0b76583533998a8,87c0cf2e0f6e4cf5cf1ed4a0f6eb27af0115a73f61e811e17185afa0d20e738e
30bcc4667ee54d7c,mid,45,962aa9523c3cbf52ff7939034fc667d95f781ef028f30400bcc8ae675da770b4,0.021481841600012385,0.042857142877669965,0.025085375044269668,-0.02137530127765758,-0.0036035334442572828,6,28c2715fbc9b16a75dc7e849a907a807c5097918ff49a92fd0b76583533998a8,87c0cf2e0f6e4cf5cf1ed4a0f6eb27af0115a73f61e811e17185afa0d20e738e
7d4b1fee8b0f3782,late,45,962aa9523c3cbf52ff7939034fc667d95f781ef028f30400bcc8ae675da770b4,0.024581698593458316,0.042857142948374456,0.021972404147838704,-0.01827544435491614,0.0026092944456196122,6,28c2715fbc9b16a75dc7e849a907a807c5097918ff49a92fd0b76583533998a8,87c0cf2e0f6e4cf5cf1ed4a0f6eb27af0115a73f61e811e17185afa0d20e738e
8997c4eba59e8594,mid,45,962aa9523c3cbf52ff7939034fc667d95f781ef028f30400bcc8ae675da770b4,0.024703887537309073,0.042857142868546805,0.02837516905696668,-0.018153255331237732,-0.003671281519657607,6,28c2715fbc9b16a75dc7e849a907a807c5097918ff49a92fd0b76583533998a8,87c0cf2e0f6e4cf5cf1ed4a0f6eb27af0115a73f61e811e17185afa0d20e738e
bac2b3a89002d2a2,late,45,962aa9523c3cbf52ff7939034fc667d95f781ef028f30400bcc8ae675da770b4,0.1050780431303844,0.1714285714833104,0.10477182267120007,-0.066350528352926,0.0003062204591843254,24,28c2715fbc9b16a75dc7e849a907a807c5097918ff49a92fd0b76583533998a8,87c0cf2e0f6e4cf5cf1ed4a0f6eb27af0115a73f61e811e17185afa0d20e738e
44564f38d84c578b,late,45,962aa9523c3cbf52ff7939034fc667d95f781ef028f30400bcc8ae675da770b4,0.05349083197188648,0.08571428571884729,0.05732254615092504,-0.03222345374696081,-0.0038317141790385617,12,28c2715fbc9b16a75dc7e849a907a807c5097918ff49a92fd0b76583533998a8,87c0cf2e0f6e4cf5cf1ed4a0f6eb27af0115a73f61e811e17185afa0d20e738e
60ac7ed07a88c8b5,late,45,962aa9523c3cbf52ff7939034fc667d95f781ef028f30400bcc8ae675da770b4,0.0501172910152611,0.08571428577814784,0.05585998652141221,-0.03559699476288674,-0.005742695506151113,12,28c2715fbc9b16a75dc7e849a907a807c5097918ff49a92fd0b76583533998a8,87c0cf2e0f6e4cf5cf1ed4a0f6eb27af0115a73f61e811e17185afa0d20e738e
624b9c4f6e51f9fa,late,45,962aa9523c3cbf52ff7939034fc667d95f781ef028f30400bcc8ae675da770b4,0.10012009872915484,0.17142857133733982,0.10232196295776433,-0.07130847260818499,-0.0022018642286094903,24,28c2715fbc9b16a75dc7e849a907a807c5097918ff49a92fd0b76583533998a8,87c0cf2e0f6e4cf5cf1ed4a0f6eb27af0115a73f61e811e17185afa0d20e738e
3b961a569be80755,late,45,962aa9523c3cbf52ff7939034fc667d95f781ef028f30400bcc8ae675da770b4,0.024712614931918567,0.042857142863985224,0.032149078169914615,-0.018144527932066657,-0.007436463237996047,6,28c2715fbc9b16a75dc7e849a907a807c5097918ff49a92fd0b76583533998a8,87c0cf2e0f6e4cf5cf1ed4a0f6eb27af0115a73f61e811e17185afa0d20e738e
5fb8d2642e68cf72,late,45,962aa9523c3cbf52ff7939034fc667d95f781ef028f30400bcc8ae675da770b4,0.10011081693940625,0.17142857112750715,0.1135153399649472,-0.0713177541881009,-0.013404523025540946,24,28c2715fbc9b16a75dc7e849a907a807c5097918ff49a92fd0b76583533998a8,87c0cf2e0f6e4cf5cf1ed4a0f6eb27af0115a73f61e811e17185afa0d20e738e
499e4e4687fe7f82,late,45,962aa9523c3cbf52ff7939034fc667d95f781ef028f30400bcc8ae675da770b4,0.024780845121774694,0.042857142877669965,0.02944474860307376,-0.01807629775589527,-0.004663903481299067,6,28c2715fbc9b16a75dc7e849a907a807c5097918ff49a92fd0b76583533998a8,87c0cf2e0f6e4cf5cf1ed4a0f6eb27af0115a73f61e811e17185afa0d20e738e
18ee6c5df8159acb,late,45,962aa9523c3cbf52ff7939034fc667d95f781ef028f30400bcc8ae675da770b4,0.04963742165366436,0.08571428554322646,0.0549719912100344,-0.036076863889562105,-0.005334569556370038,12,28c2715fbc9b16a75dc7e849a907a807c5097918ff49a92fd0b76583533998a8,87c0cf2e0f6e4cf5cf1ed4a0f6eb27af0115a73f61e811e17185afa0d20e738e
6f26e2f61472d2ba,late,45,962aa9523c3cbf52ff7939034fc667d95f781ef028f30400bcc8ae675da770b4,0.02490655965155344,0.04285714293240893,0.028719150804394696,-0.017950583280855487,-0.003812591152841254,6,28c2715fbc9b16a75dc7e849a907a807c5097918ff49a92fd0b76583533998a8,87c0cf2e0f6e4cf5cf1ed4a0f6eb27af0115a73f61e811e17185afa0d20e738e
a1b85cd1b385605f,late,45,962aa9523c3cbf52ff7939034fc667d95f781ef028f30400bcc8ae675da770b4,0.09900493618717796,0.17142857128260086,0.11256857259991461,-0.0724236350954229,-0.013563636412736654,24,28c2715fbc9b16a75dc7e849a907a807c5097918ff49a92fd0b76583533998a8,87c0cf2e0f6e4cf5cf1ed4a0f6eb27af0115a73f61e811e17185afa0d20e738e
c6d589ffd6239ce1,mid,45,962aa9523c3cbf52ff7939034fc667d95f781ef028f30400bcc8ae675da770b4,0.02449670868955213,0.04285714283205417,0.028752838803387047,-0.01836043414250204,-0.0042561301138349175,6,28c2715fbc9b16a75dc7e849a907a807c5097918ff49a92fd0b76583533998a8,87c0cf2e0f6e4cf5cf1ed4a0f6eb27af0115a73f61e811e17185afa0d20e738e
adac1ce9ac05888c,late,45,962aa9523c3cbf52ff7939034fc667d95f781ef028f30400bcc8ae675da770b4,0.0533107943470917,0.0857142857416552,0.04970379601090203,-0.0324034913945635,0.0036069983361896665,12,28c2715fbc9b16a75dc7e849a907a807c5097918ff49a92fd0b76583533998a8,87c0cf2e0f6e4cf5cf1ed4a0f6eb27af0115a73f61e811e17185afa0d20e738e
30a0e035ac98894a,late,45,962aa9523c3cbf52ff7939034fc667d95f781ef028f30400bcc8ae675da770b4,0.05315426515479965,0.08571428565954675,0.0499743991877515,-0.0325600205047471,0.003179865967048154,12,28c2715fbc9b16a75dc7e849a907a807c5097918ff49a92fd0b76583533998a8,87c0cf2e0f6e4cf5cf1ed4a0f6eb27af0115a73f61e811e17185afa0d20e738e
298e329d46985be6,late,45,962aa9523c3cbf52ff7939034fc667d95f781ef028f30400bcc8ae675da770b4,0.0533107949381687,0.08571428575077836,0.04782951518800834,-0.03240349081260966,0.005481279750160356,12,28c2715fbc9b16a75dc7e849a907a807c5097918ff49a92fd0b76583533998a8,87c0cf2e0f6e4cf5cf1ed4a0f6eb27af0115a73f61e811e17185afa0d20e738e
db46035c8bb13484,late,45,962aa9523c3cbf52ff7939034fc667d95f781ef028f30400bcc8ae675da770b4,0.0531542652900529,0.08571428579183257,0.05420204576218952,-0.032560020501779675,-0.0010477804721366196,12,28c2715fbc9b16a75dc7e849a907a807c5097918ff49a92fd0b76583533998a8,87c0cf2e0f6e4cf5cf1ed4a0f6eb27af0115a73f61e811e17185afa0d20e738e
868e275bc02ed9aa,late,45,962aa9523c3cbf52ff7939034fc667d95f781ef028f30400bcc8ae675da770b4,0.0500617998812835,0.0857142858556947,0.05799439170519295,-0.035652485974411195,-0.00793259182390945,12,28c2715fbc9b16a75dc7e849a907a807c5097918ff49a92fd0b76583533998a8,87c0cf2e0f6e4cf5cf1ed4a0f6eb27af0115a73f61e811e17185afa0d20e738e
33ddae0fd74c1095,late,45,962aa9523c3cbf52ff7939034fc667d95f781ef028f30400bcc8ae675da770b4,0.053068137255110295,0.08571428559568464,0.0529519989886054,-0.032646148340574346,0.00011613826650489628,12,28c2715fbc9b16a75dc7e849a907a807c5097918ff49a92fd0b76583533998a8,87c0cf2e0f6e4cf5cf1ed4a0f6eb27af0115a73f61e811e17185afa0d20e738e
461699d7bb412c04,late,45,962aa9523c3cbf52ff7939034fc667d95f781ef028f30400bcc8ae675da770b4,0.05331079457982525,0.08571428577358625,0.05654153646821635,-0.032403491193761,-0.003230741888391099,12,28c2715fbc9b16a75dc7e849a907a807c5097918ff49a92fd0b76583533998a8,87c0cf2e0f6e4cf5cf1ed4a0f6eb27af0115a73f61e811e17185afa0d20e738e
071ab07e1e38a628,late,45,962aa9523c3cbf52ff7939034fc667d95f781ef028f30400bcc8ae675da770b4,0.05315426537615974,0.0857142856732315,0.05649383225034153,-0.03256002029707176,-0.0033395668741817916,12,28c2715fbc9b16a75dc7e849a907a807c5097918ff49a92fd0b76583533998a8,87c0cf2e0f6e4cf5cf1ed4a0f6eb27af0115a73f61e811e17185afa0d20e738e
42accf704c38cba0,late,45,962aa9523c3cbf52ff7939034fc667d95f781ef028f30400bcc8ae675da770b4,0.05331079468127467,0.08571428585113311,0.06179618845315308,-0.03240349116985844,-0.00848539377187841,12,28c2715fbc9b16a75dc7e849a907a807c5097918ff49a92fd0b76583533998a8,87c0cf2e0f6e4cf5cf1ed4a0f6eb27af0115a73f61e811e17185afa0d20e738e
c10ec77ff32ffa91,late,45,962aa9523c3cbf52ff7939034fc667d95f781ef028f30400bcc8ae675da770b4,0.02857142854101804,0.042857142811527055,0.03541373234198165,-0.014285714270509016,-0.006842303800963609,6,28c2715fbc9b16a75dc7e849a907a807c5097918ff49a92fd0b76583533998a8,87c0cf2e0f6e4cf5cf1ed4a0f6eb27af0115a73f61e811e17185afa0d20e738e
54793d67d9944eb8,late,45,962aa9523c3cbf52ff7939034fc667d95f781ef028f30400bcc8ae675da770b4,0.053310794823907263,0.08571428582376363,0.05609296881440661,-0.032403490999856364,-0.002782173990499348,12,28c2715fbc9b16a75dc7e849a907a807c5097918ff49a92fd0b76583533998a8,87c0cf2e0f6e4cf5cf1ed4a0f6eb27af0115a73f61e811e17185afa0d20e738e
8f08729d2995a817,late,45,962aa9523c3cbf52ff7939034fc667d95f781ef028f30400bcc8ae675da770b4,0.02491384585784392,0.0428571428708276,0.028545410088730308,-0.017943297012983677,-0.0036315642308863867,6,28c2715fbc9b16a75dc7e849a907a807c5097918ff49a92fd0b76583533998a8,87c0cf2e0f6e4cf5cf1ed4a0f6eb27af0115a73f61e811e17185afa0d20e738e
07e3a9d289c6178d,late,45,962aa9523c3cbf52ff7939034fc667d95f781ef028f30400bcc8ae675da770b4,0.10005182813843923,0.17142857112750715,0.1162449709626136,-0.07137674298906792,-0.016193142824174375,24,28c2715fbc9b16a75dc7e849a907a807c5097918ff49a92fd0b76583533998a8,87c0cf2e0f6e4cf5cf1ed4a0f6eb27af0115a73f61e811e17185afa0d20e738e
7102b379fd198e9c,late,45,962aa9523c3cbf52ff7939034fc667d95f781ef028f30400bcc8ae675da770b4,0.07455681146655396,0.12857142837642102,0.08402658605709896,-0.05401461690986706,-0.009469774590545002,18,28c2715fbc9b16a75dc7e849a907a807c5097918ff49a92fd0b76583533998a8,87c0cf2e0f6e4cf5cf1ed4a0f6eb27af0115a73f61e811e17185afa0d20e738e
d722ebf1d24090c6,late,45,962aa9523c3cbf52ff7939034fc667d95f781ef028f30400bcc8ae675da770b4,0.049453896973892415,0.08571428561849254,0.06047985770499722,-0.03626038864460012,-0.011025960731104803,12,28c2715fbc9b16a75dc7e849a907a807c5097918ff49a92fd0b76583533998a8,87c0cf2e0f6e4cf5cf1ed4a0f6eb27af0115a73f61e811e17185afa0d20e738e
8ce9f2f52718d991,late,45,962aa9523c3cbf52ff7939034fc667d95f781ef028f30400bcc8ae675da770b4,0.049383042791506716,0.08571428568919702,0.051173707614974494,-0.036331242897690304,-0.0017906648234677774,12,28c2715fbc9b16a75dc7e849a907a807c5097918ff49a92fd0b76583533998a8,87c0cf2e0f6e4cf5cf1ed4a0f6eb27af0115a73f61e811e17185afa0d20e738e
bf37710c7cf719ac,late,45,962aa9523c3cbf52ff7939034fc667d95f781ef028f30400bcc8ae675da770b4,0.024772470190213846,0.042857142877669965,0.024691482379086492,-0.01808467268745612,8.09878111273539e-05,6,28c2715fbc9b16a75dc7e849a907a807c5097918ff49a92fd0b76583533998a8,87c0cf2e0f6e4cf5cf1ed4a0f6eb27af0115a73f61e811e17185afa0d20e738e
2180a713bbe5e4f3,late,45,962aa9523c3cbf52ff7939034fc667d95f781ef028f30400bcc8ae675da770b4,0.04987453838958394,0.08571428561165016,0.06112949883430059,-0.035839747222066225,-0.011254960444716654,12,28c2715fbc9b16a75dc7e849a907a807c5097918ff49a92fd0b76583533998a8,87c0cf2e0f6e4cf5cf1ed4a0f6eb27af0115a73f61e811e17185afa0d20e738e
e935be4a08f19bb3,late,45,962aa9523c3cbf52ff7939034fc667d95f781ef028f30400bcc8ae675da770b4,0.08245694958364473,0.12857142859879805,0.07461716757813036,-0.04611447901515332,0.00783978200551437,18,28c2715fbc9b16a75dc7e849a907a807c5097918ff49a92fd0b76583533998a8,87c0cf2e0f6e4cf5cf1ed4a0f6eb27af0115a73f61e811e17185afa0d20e738e
e70a019fe84490e1,late,45,962aa9523c3cbf52ff7939034fc667d95f781ef028f30400bcc8ae675da770b4,0.028571428568387517,0.04285714285258128,0.029219701989503875,-0.01428571428419376,-0.0006482734211163584,6,28c2715fbc9b16a75dc7e849a907a807c5097918ff49a92fd0b76583533998a8,87c0cf2e0f6e4cf5cf1ed4a0f6eb27af0115a73f61e811e17185afa0d20e738e
9e3b391509c72b22,mid,45,962aa9523c3cbf52ff7939034fc667d95f781ef028f30400bcc8ae675da770b4,0.024888014182589326,0.04285714290503945,0.0253299891167416,-0.01796912872245012,-0.0004419749341522741,6,28c2715fbc9b16a75dc7e849a907a807c5097918ff49a92fd0b76583533998a8,87c0cf2e0f6e4cf5cf1ed4a0f6eb27af0115a73f61e811e17185afa0d20e738e
85bae8f3c9ae0365,mid,45,962aa9523c3cbf52ff7939034fc667d95f781ef028f30400bcc8ae675da770b4,0.024496708676515367,0.04285714280924627,0.025122679954789777,-0.0183604341327309,-0.0006259712782744099,6,28c2715fbc9b16a75dc7e849a907a807c5097918ff49a92fd0b76583533998a8,87c0cf2e0f6e4cf5cf1ed4a0f6eb27af0115a73f61e811e17185afa0d20e738e
c3f583a297ecfc3c,mid,45,962aa9523c3cbf52ff7939034fc667d95f781ef028f30400bcc8ae675da770b4,0.025105531887556057,0.042857142859423644,0.03198096417060819,-0.017751610971867587,-0.006875432283052131,6,28c2715fbc9b16a75dc7e849a907a807c5097918ff49a92fd0b76583533998a8,87c0cf2e0f6e4cf5cf1ed4a0f6eb27af0115a73f61e811e17185afa0d20e738e
0a43f69ab365b4d3,mid,45,962aa9523c3cbf52ff7939034fc667d95f781ef028f30400bcc8ae675da770b4,0.024888014103966984,0.042857142952936036,0.021748901792586588,-0.017969128848969052,0.0031391123113803966,6,28c2715fbc9b16a75dc7e849a907a807c5097918ff49a92fd0b76583533998a8,87c0cf2e0f6e4cf5cf1ed4a0f6eb27af0115a73f61e811e17185afa0d20e738e
acf4b5c3199cdd7c,mid,45,962aa9523c3cbf52ff7939034fc667d95f781ef028f30400bcc8ae675da770b4,0.05306813728944216,0.08571428573709361,0.057365130914472345,-0.03264614844765145,-0.004296993625030186,12,28c2715fbc9b16a75dc7e849a907a807c5097918ff49a92fd0b76583533998a8,87c0cf2e0f6e4cf5cf1ed4a0f6eb27af0115a73f61e811e17185afa0d20e738e
ffb26c129585a7ef,mid,45,962aa9523c3cbf52ff7939034fc667d95f781ef028f30400bcc8ae675da770b4,0.0247993414717919,0.042857142816088635,0.028887123214348713,-0.018057801344296735,-0.004087781742556813,6,28c2715fbc9b16a75dc7e849a907a807c5097918ff49a92fd0b76583533998a8,87c0cf2e0f6e4cf5cf1ed4a0f6eb27af0115a73f61e811e17185afa0d20e738e
7ffa0a410b2e3d2a,mid,45,962aa9523c3cbf52ff7939034fc667d95f781ef028f30400bcc8ae675da770b4,0.04964814484044514,0.08571428589674891,0.05692940637880012,-0.03606614105630377,-0.007281261538354976,12,28c2715fbc9b16a75dc7e849a907a807c5097918ff49a92fd0b76583533998a8,87c0cf2e0f6e4cf5cf1ed4a0f6eb27af0115a73f61e811e17185afa0d20e738e
afa1bb89512b7e7a,mid,45,962aa9523c3cbf52ff7939034fc667d95f781ef028f30400bcc8ae675da770b4,0.024496708718233014,0.042857142882231546,0.029164941200231567,-0.018360434163998532,-0.0046682324819985535,6,28c2715fbc9b16a75dc7e849a907a807c5097918ff49a92fd0b76583533998a8,87c0cf2e0f6e4cf5cf1ed4a0f6eb27af0115a73f61e811e17185afa0d20e738e
bb9c5a54bd21082d,mid,45,962aa9523c3cbf52ff7939034fc667d95f781ef028f30400bcc8ae675da770b4,0.024582836588955027,0.04285714290047787,0.028371345865889085,-0.01827430631152284,-0.003788509276934058,6,28c2715fbc9b16a75dc7e849a907a807c5097918ff49a92fd0b76583533998a8,87c0cf2e0f6e4cf5cf1ed4a0f6eb27af0115a73f61e811e17185afa0d20e738e
057097684e7e5a87,mid,45,962aa9523c3cbf52ff7939034fc667d95f781ef028f30400bcc8ae675da770b4,0.021500630497055303,0.04285714292328577,0.028562865663230585,-0.021356512426230465,-0.007062235166175282,6,28c2715fbc9b16a75dc7e849a907a807c5097918ff49a92fd0b76583533998a8,87c0cf2e0f6e4cf5cf1ed4a0f6eb27af0115a73f61e811e17185afa0d20e738e
72331df48a7d2dac,mid,45,962aa9523c3cbf52ff7939034fc667d95f781ef028f30400bcc8ae675da770b4,0.024332589487268883,0.042857142934689715,0.02849242027150426,-0.018524553447420832,-0.004159830784235378,6,28c2715fbc9b16a75dc7e849a907a807c5097918ff49a92fd0b76583533998a8,87c0cf2e0f6e4cf5cf1ed4a0f6eb27af0115a73f61e811e17185afa0d20e738e
61874ccf7e96711e,mid,45,962aa9523c3cbf52ff7939034fc667d95f781ef028f30400bcc8ae675da770b4,0.021518015096444233,0.04285714292328577,0.02515587650928755,-0.021339127826841536,-0.0036378614128433177,6,28c2715fbc9b16a75dc7e849a907a807c5097918ff49a92fd0b76583533998a8,87c0cf2e0f6e4cf5cf1ed4a0f6eb27af0115a73f61e811e17185afa0d20e738e
4b8d3d7dd8c4e0ae,mid,45,962aa9523c3cbf52ff7939034fc667d95f781ef028f30400bcc8ae675da770b4,0.0501027852376821,0.08571428572797045,0.04944213879684925,-0.03561150049028835,0.0006606464408328502,12,28c2715fbc9b16a75dc7e849a907a807c5097918ff49a92fd0b76583533998a8,87c0cf2e0f6e4cf5cf1ed4a0f6eb27af0115a73f61e811e17185afa0d20e738e
d5f8df6e4fc6622d,mid,45,962aa9523c3cbf52ff7939034fc667d95f781ef028f30400bcc8ae675da770b4,0.02527919389699208,0.04285714284573891,0.02477614815086761,-0.01757794894874683,0.0005030457461244683,6,28c2715fbc9b16a75dc7e849a907a807c5097918ff49a92fd0b76583533998a8,87c0cf2e0f6e4cf5cf1ed4a0f6eb27af0115a73f61e811e17185afa0d20e738e
e0cdbab80d258594,mid,45,962aa9523c3cbf52ff7939034fc667d95f781ef028f30400bcc8ae675da770b4,0.024432881141457193,0.04285714288907392,0.032155160097680574,-0.018424261747616726,-0.007722278956223381,6,28c2715fbc9b16a75dc7e849a907a807c5097918ff49a92fd0b76583533998a8,87c0cf2e0f6e4cf5cf1ed4a0f6eb27af0115a73f61e811e17185afa0d20e738e
4456aeaef4126487,mid,45,962aa9523c3cbf52ff7939034fc667d95f781ef028f30400bcc8ae675da770b4,0.024582836561481566,0.04285714285258128,0.03156895275290854,-0.01827430629109971,-0.006986116191426972,6,28c2715fbc9b16a75dc7e849a907a807c5097918ff49a92fd0b76583533998a8,87c0cf2e0f6e4cf5cf1ed4a0f6eb27af0115a73f61e811e17185afa0d20e738e
4dca2566ec2be9b6,late,50,3b22da569c55ed14bcab3ed420a8f72e9c92c1f0dc41b327c0fd88f7be362555,0.05324585810604512,0.08571428554778805,0.04839034363807059,-0.032468427441742935,0.0048555144679745255,12,28c2715fbc9b16a75dc7e849a907a807c5097918ff49a92fd0b76583533998a8,87c0cf2e0f6e4cf5cf1ed4a0f6eb27af0115a73f61e811e17185afa0d20e738e
42be4c9c478fcf87,mid,50,3b22da569c55ed14bcab3ed420a8f72e9c92c1f0dc41b327c0fd88f7be362555,0.02488158793912508,0.04285714288565273,0.0325727713111873,-0.017975554946527653,-0.007691183372062219,6,28c2715fbc9b16a75dc7e849a907a807c5097918ff49a92fd0b76583533998a8,87c0cf2e0f6e4cf5cf1ed4a0f6eb27af0115a73f61e811e17185afa0d20e738e
e9cae6ed68f487bd,late,50,3b22da569c55ed14bcab3ed420a8f72e9c92c1f0dc41b327c0fd88f7be362555,0.024883832687988584,0.042857142877669965,0.025174511927928807,-0.01797331018968138,-0.0002906792399402225,6,28c2715fbc9b16a75dc7e849a907a807c5097918ff49a92fd0b76583533998a8,87c0cf2e0f6e4cf5cf1ed4a0f6eb27af0115a73f61e811e17185afa0d20e738e
8aad5b2f419c6072,late,50,3b22da569c55ed14bcab3ed420a8f72e9c92c1f0dc41b327c0fd88f7be362555,0.07890202887986138,0.12857142858169213,0.07797969966152787,-0.04966939970183075,0.0009223292183335036,18,28c2715fbc9b16a75dc7e849a907a807c5097918ff49a92fd0b76583533998a8,87c0cf2e0f6e4cf5cf1ed4a0f6eb27af0115a73f61e811e17185afa0d20e738e
5fbcbd0c5df88ebb,late,50,3b22da569c55ed14bcab3ed420a8f72e9c92c1f0dc41b327c0fd88f7be362555,0.05360901682943538,0.08571428575533993,0.05532389727543055,-0.032105268925904554,-0.0017148804459951733,12,28c2715fbc9b16a75dc7e849a907a807c5097918ff49a92fd0b76583533998a8,87c0cf2e0f6e4cf5cf1ed4a0f6eb27af0115a73f61e811e17185afa0d20e738e
114b4dce6f7bfe50,late,50,3b22da569c55ed14bcab3ed420a8f72e9c92c1f0dc41b327c0fd88f7be362555,0.07847747540505426,0.12857142863472049,0.08524485788113917,-0.05009395322966623,-0.00676738247608491,18,28c2715fbc9b16a75dc7e849a907a807c5097918ff49a92fd0b76583533998a8,87c0cf2e0f6e4cf5cf1ed4a0f6eb27af0115a73f61e811e17185afa0d20e738e
916e555f6c4000ff,late,50,3b22da569c55ed14bcab3ed420a8f72e9c92c1f0dc41b327c0fd88f7be362555,0.025001886771727162,0.04285714288907392,0.03232264728697906,-0.017855256117346757,-0.007320760515251899,6,28c2715fbc9b16a75dc7e849a907a807c5097918ff49a92fd0b76583533998a8,87c0cf2e0f6e4cf5cf1ed4a0f6eb27af0115a73f61e811e17185afa0d20e738e
6264497eaa048e7d,late,50,3b22da569c55ed14bcab3ed420a8f72e9c92c1f0dc41b327c0fd88f7be362555,0.049775461544498044,0.08571428573367243,0.058610216009249295,-0.035938824189174386,-0.008834754464751252,12,28c2715fbc9b16a75dc7e849a907a807c5097918ff49a92fd0b76583533998a8,87c0cf2e0f6e4cf5cf1ed4a0f6eb27af0115a73f61e811e17185afa0d20e738e
cd631ab31fac34e8,late,50,3b22da569c55ed14bcab3ed420a8f72e9c92c1f0dc41b327c0fd88f7be362555,0.028571428683947544,0.04285714286626602,0.032049763635237254,-0.014285714182318474,-0.00347833495128971,6,28c2715fbc9b16a75dc7e849a907a807c5097918ff49a92fd0b76583533998a8,87c0cf2e0f6e4cf5cf1ed4a0f6eb27af0115a73f61e811e17185afa0d20e738e
2fa902a4bde72d4f,late,50,3b22da569c55ed14bcab3ed420a8f72e9c92c1f0dc41b327c0fd88f7be362555,0.07845266715462491,0.12857142846195066,0.0861037571314371,-0.050118761307325746,-0.0076510899768121865,18,28c2715fbc9b16a75dc7e849a907a807c5097918ff49a92fd0b76583533998a8,87c0cf2e0f6e4cf5cf1ed4a0f6eb27af0115a73f61e811e17185afa0d20e738e
58de86eedc55d29f,late,50,3b22da569c55ed14bcab3ed420a8f72e9c92c1f0dc41b327c0fd88f7be362555,0.07954656054816145,0.12857142859537687,0.07923634673747246,-0.049024868047215425,0.0003102138106889918,18,28c2715fbc9b16a75dc7e849a907a807c5097918ff49a92fd0b76583533998a8,87c0cf2e0f6e4cf5cf1ed4a0f6eb27af0115a73f61e811e17185afa0d20e738e
55c6be1343917df6,late,50,3b22da569c55ed14bcab3ed420a8f72e9c92c1f0dc41b327c0fd88f7be362555,0.07865734774960087,0.12857142855090145,0.08313888491001424,-0.04991408080130058,-0.004481537160413371,18,28c2715fbc9b16a75dc7e849a907a807c5097918ff49a92fd0b76583533998a8,87c0cf2e0f6e4cf5cf1ed4a0f6eb27af0115a73f61e811e17185afa0d20e738e
5c46d4cab0649bd7,late,50,3b22da569c55ed14bcab3ed420a8f72e9c92c1f0dc41b327c0fd88f7be362555,0.0795465604387004,0.12857142854748027,0.08618986551774056,-0.04902486810877987,-0.006643305079040165,18,28c2715fbc9b16a75dc7e849a907a807c5097918ff49a92fd0b76583533998a8,87c0cf2e0f6e4cf5cf1ed4a0f6eb27af0115a73f61e811e17185afa0d20e738e
30fc470f7401da0c,late,50,3b22da569c55ed14bcab3ed420a8f72e9c92c1f0dc41b327c0fd88f7be362555,0.028571428546339882,0.04285714281950982,0.029845519231235816,-0.01428571427316994,-0.0012740906848959337,6,28c2715fbc9b16a75dc7e849a907a807c5097918ff49a92fd0b76583533998a8,87c0cf2e0f6e4cf5cf1ed4a0f6eb27af0115a73f61e811e17185afa0d20e738e
36b2c85b266010b4,late,50,3b22da569c55ed14bcab3ed420a8f72e9c92c1f0dc41b327c0fd88f7be362555,0.0774198324719129,0.12857142864327345,0.08971972257654885,-0.051151596171360544,-0.012299890104635947,18,28c2715fbc9b16a75dc7e849a907a807c5097918ff49a92fd0b76583533998a8,87c0cf2e0f6e4cf5cf1ed4a0f6eb27af0115a73f61e811e17185afa0d20e738e
149aab874634a179,late,50,3b22da569c55ed14bcab3ed420a8f72e9c92c1f0dc41b327c0fd88f7be362555,0.02857142893027286,0.04285714283661575,0.02510326264022028,-0.014285713906342888,0.003468166290052581,6,28c2715fbc9b16a75dc7e849a907a807c5097918ff49a92fd0b76583533998a8,87c0cf2e0f6e4cf5cf1ed4a0f6eb27af0115a73f61e811e17185afa0d20e738e
b3a6c7628630359d,late,50,3b22da569c55ed14bcab3ed420a8f72e9c92c1f0dc41b327c0fd88f7be362555,0.03207183051326966,0.05714285718087031,0.028460739731562948,-0.02507102666760065,0.0036110907817067106,8,28c2715fbc9b16a75dc7e849a907a807c5097918ff49a92fd0b76583533998a8,87c0cf2e0f6e4cf5cf1ed4a0f6eb27af0115a73f61e811e17185afa0d20e738e
6fefd9d7d54089c4,late,50,3b22da569c55ed14bcab3ed420a8f72e9c92c1f0dc41b327c0fd88f7be362555,0.024804368182142718,0.04285714284459851,0.028353740213388545,-0.018052774662455792,-0.0035493720312458274,6,28c2715fbc9b16a75dc7e849a907a807c5097918ff49a92fd0b76583533998a8,87c0cf2e0f6e4cf5cf1ed4a0f6eb27af0115a73f61e811e17185afa0d20e738e
df88e8a71a960d88,late,50,3b22da569c55ed14bcab3ed420a8f72e9c92c1f0dc41b327c0fd88f7be362555,0.07526629622453167,0.1285714286980124,0.08977713338290352,-0.053305132473480746,-0.014510837158371856,18,28c2715fbc9b16a75dc7e849a907a807c5097918ff49a92fd0b76583533998a8,87c0cf2e0f6e4cf5cf1ed4a0f6eb27af0115a73f61e811e17185afa0d20e738e
7c1c7ae6205df8bc,late,50,3b22da569c55ed14bcab3ed420a8f72e9c92c1f0dc41b327c0fd88f7be362555,0.09985297645069262,0.17142857112294557,0.10702291628158157,-0.07157559467225295,-0.007169939830888955,24,28c2715fbc9b16a75dc7e849a907a807c5097918ff49a92fd0b76583533998a8,87c0cf2e0f6e4cf5cf1ed4a0f6eb27af0115a73f61e811e17185afa0d20e738e
0e6caa2b89c5671e,late,50,3b22da569c55ed14bcab3ed420a8f72e9c92c1f0dc41b327c0fd88f7be362555,0.1473313849346816,0.2571428569444284,0.15946718960935122,-0.10981147200974681,-0.012135804674669626,36,28c2715fbc9b16a75dc7e849a907a807c5097918ff49a92fd0b76583533998a8,87c0cf2e0f6e4cf5cf1ed4a0f6eb27af0115a73f61e811e17185afa0d20e738e
d3e8b63f8afb91f4,late,50,3b22da569c55ed14bcab3ed420a8f72e9c92c1f0dc41b327c0fd88f7be362555,0.07559252434928453,0.12857142839694813,0.07014774053284274,-0.0529789040476636,0.005444783816441784,18,28c2715fbc9b16a75dc7e849a907a807c5097918ff49a92fd0b76583533998a8,87c0cf2e0f6e4cf5cf1ed4a0f6eb27af0115a73f61e811e17185afa0d20e738e
9af16211b24685c6,late,50,3b22da569c55ed14bcab3ed420a8f72e9c92c1f0dc41b327c0fd88f7be362555,0.04999974152472399,0.08571428572568966,0.051301664972318826,-0.035714544200965676,-0.0013019234475948396,12,28c2715fbc9b16a75dc7e849a907a807c5097918ff49a92fd0b76583533998a8,87c0cf2e0f6e4cf5cf1ed4a0f6eb27af0115a73f61e811e17185afa0d20e738e
db1e347046310118,late,50,3b22da569c55ed14bcab3ed420a8f72e9c92c1f0dc41b327c0fd88f7be362555,0.025689106005418367,0.042857142851440884,0.026398704197470802,-0.017168036846022517,-0.0007095981920524352,6,28c2715fbc9b16a75dc7e849a907a807c5097918ff49a92fd0b76583533998a8,87c0cf2e0f6e4cf5cf1ed4a0f6eb27af0115a73f61e811e17185afa0d20e738e
56a7dde81d335df3,late,50,3b22da569c55ed14bcab3ed420a8f72e9c92c1f0dc41b327c0fd88f7be362555,0.07846954461678585,0.12857142860564041,0.08512959988125988,-0.05010188398885457,-0.006660055264474038,18,28c2715fbc9b16a75dc7e849a907a807c5097918ff49a92fd0b76583533998a8,87c0cf2e0f6e4cf5cf1ed4a0f6eb27af0115a73f61e811e17185afa0d20e738e
48c43bbbdab973de,late,50,3b22da569c55ed14bcab3ed420a8f72e9c92c1f0dc41b327c0fd88f7be362555,0.04992022547403409,0.08571428573367243,0.06040186686477001,-0.03579406025963834,-0.010481641390735923,12,28c2715fbc9b16a75dc7e849a907a807c5097918ff49a92fd0b76583533998a8,87c0cf2e0f6e4cf5cf1ed4a0f6eb27af0115a73f61e811e17185afa0d20e738e
23cf443537af1aae,late,50,3b22da569c55ed14bcab3ed420a8f72e9c92c1f0dc41b327c0fd88f7be362555,0.024986357587774264,0.04285714290275865,0.028269679289066024,-0.01787078531498439,-0.0032833217012917595,6,28c2715fbc9b16a75dc7e849a907a807c5097918ff49a92fd0b76583533998a8,87c0cf2e0f6e4cf5cf1ed4a0f6eb27af0115a73f61e811e17185afa0d20e738e
0aaa7c8b0c525308,late,50,3b22da569c55ed14bcab3ed420a8f72e9c92c1f0dc41b327c0fd88f7be362555,0.06383936318899117,0.11428571417015426,0.0762795824318426,-0.050446350981163096,-0.012440219242851436,16,28c2715fbc9b16a75dc7e849a907a807c5097918ff49a92fd0b76583533998a8,87c0cf2e0f6e4cf5cf1ed4a0f6eb27af0115a73f61e811e17185afa0d20e738e
d83a5c8ba6bc761e,late,50,3b22da569c55ed14bcab3ed420a8f72e9c92c1f0dc41b327c0fd88f7be362555,0.0638347084684933,0.11428571422337269,0.0716759011822791,-0.05045100575487939,-0.007841192713785791,16,28c2715fbc9b16a75dc7e849a907a807c5097918ff49a92fd0b76583533998a8,87c0cf2e0f6e4cf5cf1ed4a0f6eb27af0115a73f61e811e17185afa0d20e738e
f1046a806aadfbe0,late,50,3b22da569c55ed14bcab3ed420a8f72e9c92c1f0dc41b327c0fd88f7be362555,0.06383470841668626,0.11428571413062057,0.08054005942420388,-0.05045100571393431,-0.01670535100751762,16,28c2715fbc9b16a75dc7e849a907a807c5097918ff49a92fd0b76583533998a8,87c0cf2e0f6e4cf5cf1ed4a0f6eb27af0115a73f61e811e17185afa0d20e738e
6fc2092861b32642,late,50,3b22da569c55ed14bcab3ed420a8f72e9c92c1f0dc41b327c0fd88f7be362555,0.06408425125931543,0.11428571406219687,0.0728427301998133,-0.050201462802881444,-0.008758478940497874,16,28c2715fbc9b16a75dc7e849a907a807c5097918ff49a92fd0b76583533998a8,87c0cf2e0f6e4cf5cf1ed4a0f6eb27af0115a73f61e811e17185afa0d20e738e
776d096fbd7a62b8,late,50,3b22da569c55ed14bcab3ed420a8f72e9c92c1f0dc41b327c0fd88f7be362555,0.02128056579447617,0.04285714283661575,0.0287481783618494,-0.02157657704213958,-0.00746761256737323,6,28c2715fbc9b16a75dc7e849a907a807c5097918ff49a92fd0b76583533998a8,87c0cf2e0f6e4cf5cf1ed4a0f6eb27af0115a73f61e811e17185afa0d20e738e
460752ddf653e004,late,50,3b22da569c55ed14bcab3ed420a8f72e9c92c1f0dc41b327c0fd88f7be362555,0.07429709465799172,0.12857142828404902,0.0933347811166697,-0.0542743336260573,-0.01903768645867797,18,28c2715fbc9b16a75dc7e849a907a807c5097918ff49a92fd0b76583533998a8,87c0cf2e0f6e4cf5cf1ed4a0f6eb27af0115a73f61e811e17185afa0d20e738e
30bcc4667ee54d7c,mid,50,3b22da569c55ed14bcab3ed420a8f72e9c92c1f0dc41b327c0fd88f7be362555,0.021484042389368168,0.04285714286626602,0.024546447827251138,-0.02137310047689785,-0.00306240543788297,6,28c2715fbc9b16a75dc7e849a907a807c5097918ff49a92fd0b76583533998a8,87c0cf2e0f6e4cf5cf1ed4a0f6eb27af0115a73f61e811e17185afa0d20e738e
7d4b1fee8b0f3782,late,50,3b22da569c55ed14bcab3ed420a8f72e9c92c1f0dc41b327c0fd88f7be362555,0.02470837948771317,0.042857142768192046,0.02546562392833194,-0.018148763280478875,-0.0007572444406187678,6,28c2715fbc9b16a75dc7e849a907a807c5097918ff49a92fd0b76583533998a8,87c0cf2e0f6e4cf5cf1ed4a0f6eb27af0115a73f61e811e17185afa0d20e738e
8997c4eba59e8594,mid,50,3b22da569c55ed14bcab3ed420a8f72e9c92c1f0dc41b327c0fd88f7be362555,0.02488305770991325,0.04285714285828325,0.02164558975881885,-0.01797408514837,0.0032374679510943985,6,28c2715fbc9b16a75dc7e849a907a807c5097918ff49a92fd0b76583533998a8,87c0cf2e0f6e4cf5cf1ed4a0f6eb27af0115a73f61e811e17185afa0d20e738e
bac2b3a89002d2a2,late,50,3b22da569c55ed14bcab3ed420a8f72e9c92c1f0dc41b327c0fd88f7be362555,0.10538304583160986,0.17142857180718257,0.11151386289872364,-0.06604552597557271,-0.0061308170671137835,24,28c2715fbc9b16a75dc7e849a907a807c5097918ff49a92fd0b76583533998a8,87c0cf2e0f6e4cf5cf1ed4a0f6eb27af0115a73f61e811e17185afa0d20e738e
44564f38d84c578b,late,50,3b22da569c55ed14bcab3ed420a8f72e9c92c1f0dc41b327c0fd88f7be362555,0.053254826467669984,0.08571428570516255,0.0641713875676722,-0.03245945923749257,-0.010916561100002213,12,28c2715fbc9b16a75dc7e849a907a807c5097918ff49a92fd0b76583533998a8,87c0cf2e0f6e4cf5cf1ed4a0f6eb27af0115a73f61e811e17185afa0d20e738e
60ac7ed07a88c8b5,late,50,3b22da569c55ed14bcab3ed420a8f72e9c92c1f0dc41b327c0fd88f7be362555,0.049806588317549895,0.0857142856481428,0.0506640784583651,-0.03590769733059291,-0.0008574901408152022,12,28c2715fbc9b16a75dc7e849a907a807c5097918ff49a92fd0b76583533998a8,87c0cf2e0f6e4cf5cf1ed4a0f6eb27af0115a73f61e811e17185afa0d20e738e
624b9c4f6e51f9fa,late,50,3b22da569c55ed14bcab3ed420a8f72e9c92c1f0dc41b327c0fd88f7be362555,0.10035348320431586,0.17142857167945832,0.11065557609940364,-0.07107508847514246,-0.01030209289508778,24,28c2715fbc9b16a75dc7e849a907a807c5097918ff49a92fd0b76583533998a8,87c0cf2e0f6e4cf5cf1ed4a0f6eb27af0115a73f61e811e17185afa0d20e738e
3b961a569be80755,late,50,3b22da569c55ed14bcab3ed420a8f72e9c92c1f0dc41b327c0fd88f7be362555,0.02486294646348272,0.04285714285714286,0.024379435341273036,-0.017994196393660136,0.0004835111222096858,6,28c2715fbc9b16a75dc7e849a907a807c5097918ff49a92fd0b76583533998a8,87c0cf2e0f6e4cf5cf1ed4a0f6eb27af0115a73f61e811e17185afa0d20e738e
5fb8d2642e68cf72,late,50,3b22da569c55ed14bcab3ed420a8f72e9c92c1f0dc41b327c0fd88f7be362555,0.10029812394250928,0.17142857147874882,0.10489908938838674,-0.07113044753623954,-0.0046009654458774585,24,28c2715fbc9b16a75dc7e849a907a807c5097918ff49a92fd0b76583533998a8,87c0cf2e0f6e4cf5cf1ed4a0f6eb27af0115a73f61e811e17185afa0d20e738e
499e4e4687fe7f82,late,50,3b22da569c55ed14bcab3ed420a8f72e9c92c1f0dc41b327c0fd88f7be362555,0.024883832629473038,0.042857142868546805,0.029518915507814426,-0.017973310239073767,-0.004635082878341388,6,28c2715fbc9b16a75dc7e849a907a807c5097918ff49a92fd0b76583533998a8,87c0cf2e0f6e4cf5cf1ed4a0f6eb27af0115a73f61e811e17185afa0d20e738e
18ee6c5df8159acb,late,50,3b22da569c55ed14bcab3ed420a8f72e9c92c1f0dc41b327c0fd88f7be362555,0.04989910223772081,0.08571428584429075,0.05586563128404162,-0.03581518360656994,-0.0059665290463208134,12,28c2715fbc9b16a75dc7e849a907a807c5097918ff49a92fd0b76583533998a8,87c0cf2e0f6e4cf5cf1ed4a0f6eb27af0115a73f61e811e17185afa0d20e738e
6f26e2f61472d2ba,late,50,3b22da569c55ed14bcab3ed420a8f72e9c92c1f0dc41b327c0fd88f7be362555,0.024986357708867254,0.04285714283661575,0.028089571198565293,-0.017870785127748496,-0.0031032134896980396,6,28c2715fbc9b16a75dc7e849a907a807c5097918ff49a92fd0b76583533998a8,87c0cf2e0f6e4cf5cf1ed4a0f6eb27af0115a73f61e811e17185afa0d20e738e
a1b85cd1b385605f,late,50,3b22da569c55ed14bcab3ed420a8f72e9c92c1f0dc41b327c0fd88f7be362555,0.09932134531189572,0.17142857155287447,0.09128990952291792,-0.07210722624097875,0.008031435788977803,24,28c2715fbc9b16a75dc7e849a907a807c5097918ff49a92fd0b76583533998a8,87c0cf2e0f6e4cf5cf1ed4a0f6eb27af0115a73f61e811e17185afa0d20e738e
c6d589ffd6239ce1,mid,50,3b22da569c55ed14bcab3ed420a8f72e9c92c1f0dc41b327c0fd88f7be362555,0.02469408538856113,0.042857142859423644,0.027488423299975077,-0.018163057470862515,-0.0027943379114139487,6,28c2715fbc9b16a75dc7e849a907a807c5097918ff49a92fd0b76583533998a8,87c0cf2e0f6e4cf5cf1ed4a0f6eb27af0115a73f61e811e17185afa0d20e738e
adac1ce9ac05888c,late,50,3b22da569c55ed14bcab3ed420a8f72e9c92c1f0dc41b327c0fd88f7be362555,0.053384039401307926,0.08571428573025125,0.047894428732545805,-0.032330246328943324,0.005489610668762121,12,28c2715fbc9b16a75dc7e849a907a807c5097918ff49a92fd0b76583533998a8,87c0cf2e0f6e4cf5cf1ed4a0f6eb27af0115a73f61e811e17185afa0d20e738e
30a0e035ac98894a,late,50,3b22da569c55ed14bcab3ed420a8f72e9c92c1f0dc41b327c0fd88f7be362555,0.05329901655518687,0.08571428562305411,0.050826138815894574,-0.032415269067867236,0.0024728777392922993,12,28c2715fbc9b16a75dc7e849a907a807c5097918ff49a92fd0b76583533998a8,87c0cf2e0f6e4cf5cf1ed4a0f6eb27af0115a73f61e811e17185afa0d20e738e
298e329d46985be6,late,50,3b22da569c55ed14bcab3ed420a8f72e9c92c1f0dc41b327c0fd88f7be362555,0.053384039247334654,0.08571428573937441,0.05090120143549552,-0.032330246492039756,0.0024828378118391323,12,28c2715fbc9b16a75dc7e849a907a807c5097918ff49a92fd0b76583533998a8,87c0cf2e0f6e4cf5cf1ed4a0f6eb27af0115a73f61e811e17185afa0d20e738e
db46035c8bb13484,late,50,3b22da569c55ed14bcab3ed420a8f72e9c92c1f0dc41b327c0fd88f7be362555,0.053299016565857955,0.08571428555463041,0.04680078531812198,-0.03241526898877246,0.006498231247735978,12,28c2715fbc9b16a75dc7e849a907a807c5097918ff49a92fd0b76583533998a8,87c0cf2e0f6e4cf5cf1ed4a0f6eb27af0115a73f61e811e17185afa0d20e738e
868e275bc02ed9aa,late,50,3b22da569c55ed14bcab3ed420a8f72e9c92c1f0dc41b327c0fd88f7be362555,0.050030013966770044,0.08571428570516255,0.05005574904381636,-0.03568427173839251,-2.5735077046312727e-05,12,28c2715fbc9b16a75dc7e849a907a807c5097918ff49a92fd0b76583533998a8,87c0cf2e0f6e4cf5cf1ed4a0f6eb27af0115a73f61e811e17185afa0d20e738e
33ddae0fd74c1095,late,50,3b22da569c55ed14bcab3ed420a8f72e9c92c1f0dc41b327c0fd88f7be362555,0.0532655140126703,0.08571428562989648,0.04525784829699194,-0.03244877161722618,0.008007665715678361,12,28c2715fbc9b16a75dc7e849a907a807c5097918ff49a92fd0b76583533998a8,87c0cf2e0f6e4cf5cf1ed4a0f6eb27af0115a73f61e811e17185afa0d20e738e
461699d7bb412c04,late,50,3b22da569c55ed14bcab3ed420a8f72e9c92c1f0dc41b327c0fd88f7be362555,0.0533840390670314,0.08571428562077332,0.05082325961750124,-0.03233024655374192,0.0025607794495301622,12,28c2715fbc9b16a75dc7e849a907a807c5097918ff49a92fd0b76583533998a8,87c0cf2e0f6e4cf5cf1ed4a0f6eb27af0115a73f61e811e17185afa0d20e738e
071ab07e1e38a628,late,50,3b22da569c55ed14bcab3ed420a8f72e9c92c1f0dc41b327c0fd88f7be362555,0.05329901678440467,0.08571428556375357,0.064669358457088,-0.0324152687793489,-0.011370341672683332,12,28c2715fbc9b16a75dc7e849a907a807c5097918ff49a92fd0b76583533998a8,87c0cf2e0f6e4cf5cf1ed4a0f6eb27af0115a73f61e811e17185afa0d20e738e
42accf704c38cba0,late,50,3b22da569c55ed14bcab3ed420a8f72e9c92c1f0dc41b327c0fd88f7be362555,0.053384039023096866,0.08571428572112809,0.061275160796509937,-0.03233024669803122,-0.00789112177341307,12,28c2715fbc9b16a75dc7e849a907a807c5097918ff49a92fd0b76583533998a8,87c0cf2e0f6e4cf5cf1ed4a0f6eb27af0115a73f61e811e17185afa0d20e738e
c10ec77ff32ffa91,late,50,3b22da569c55ed14bcab3ed420a8f72e9c92c1f0dc41b327c0fd88f7be362555,0.02857142895079997,0.04285714278757876,0.02493292419184243,-0.01428571383677879,0.00363850475895754,6,28c2715fbc9b16a75dc7e849a907a807c5097918ff49a92fd0b76583533998a8,87c0cf2e0f6e4cf5cf1ed4a0f6eb27af0115a73f61e811e17185afa0d20e738e
54793d67d9944eb8,late,50,3b22da569c55ed14bcab3ed420a8f72e9c92c1f0dc41b327c0fd88f7be362555,0.053384039522989944,0.08571428571200493,0.05657020365402714,-0.032330246189014984,-0.0031861641310371933,12,28c2715fbc9b16a75dc7e849a907a807c5097918ff49a92fd0b76583533998a8,87c0cf2e0f6e4cf5cf1ed4a0f6eb27af0115a73f61e811e17185afa0d20e738e
8f08729d2995a817,late,50,3b22da569c55ed14bcab3ed420a8f72e9c92c1f0dc41b327c0fd88f7be362555,0.024675378811809968,0.04285714280468469,0.030319595512675882,-0.01818176399287472,-0.005644216700865914,6,28c2715fbc9b16a75dc7e849a907a807c5097918ff49a92fd0b76583533998a8,87c0cf2e0f6e4cf5cf1ed4a0f6eb27af0115a73f61e811e17185afa0d20e738e
07e3a9d289c6178d,late,50,3b22da569c55ed14bcab3ed420a8f72e9c92c1f0dc41b327c0fd88f7be362555,0.10032556736320876,0.17142857148787197,0.11077522852165565,-0.07110300412466321,-0.010449661158446893,24,28c2715fbc9b16a75dc7e849a907a807c5097918ff49a92fd0b76583533998a8,87c0cf2e0f6e4cf5cf1ed4a0f6eb27af0115a73f61e811e17185afa0d20e738e
7102b379fd198e9c,late,50,3b22da569c55ed14bcab3ed420a8f72e9c92c1f0dc41b327c0fd88f7be362555,0.074496698533225,0.12857142856116502,0.0803070568016352,-0.05407473002794001,-0.005810358268410198,18,28c2715fbc9b16a75dc7e849a907a807c5097918ff49a92fd0b76583533998a8,87c0cf2e0f6e4cf5cf1ed4a0f6eb27af0115a73f61e811e17185afa0d20e738e
d722ebf1d24090c6,late,50,3b22da569c55ed14bcab3ed420a8f72e9c92c1f0dc41b327c0fd88f7be362555,0.04970499349769019,0.08571428568235466,0.05773957172652563,-0.03600929218466447,-0.008034578228835437,12,28c2715fbc9b16a75dc7e849a907a807c5097918ff49a92fd0b76583533998a8,87c0cf2e0f6e4cf5cf1ed4a0f6eb27af0115a73f61e811e17185afa0d20e738e
8ce9f2f52718d991,late,50,3b22da569c55ed14bcab3ed420a8f72e9c92c1f0dc41b327c0fd88f7be362555,0.04973941886241788,0.08571428579183257,0.044764632106944854,-0.03597486692941469,0.004974786755473026,12,28c2715fbc9b16a75dc7e849a907a807c5097918ff49a92fd0b76583533998a8,87c0cf2e0f6e4cf5cf1ed4a0f6eb27af0115a73f61e811e17185afa0d20e738e
bf37710c7cf719ac,late,50,3b22da569c55ed14bcab3ed420a8f72e9c92c1f0dc41b327c0fd88f7be362555,0.024999387135197042,0.042857142854862064,0.027626154676738266,-0.01785775571966502,-0.0026267675415412237,6,28c2715fbc9b16a75dc7e849a907a807c5097918ff49a92fd0b76583533998a8,87c0cf2e0f6e4cf5cf1ed4a0f6eb27af0115a73f61e811e17185afa0d20e738e
2180a713bbe5e4f3,late,50,3b22da569c55ed14bcab3ed420a8f72e9c92c1f0dc41b327c0fd88f7be362555,0.0496893794878247,0.08571428561165016,0.059039668189181146,-0.03602490612382546,-0.009350288701356443,12,28c2715fbc9b16a75dc7e849a907a807c5097918ff49a92fd0b76583533998a8,87c0cf2e0f6e4cf5cf1ed4a0f6eb27af0115a73f61e811e17185afa0d20e738e
e935be4a08f19bb3,late,50,3b22da569c55ed14bcab3ed420a8f72e9c92c1f0dc41b327c0fd88f7be362555,0.0823151772676337,0.12857142842089644,0.08941274977331287,-0.04625625115326275,-0.0070975725056791755,18,28c2715fbc9b16a75dc7e849a907a807c5097918ff49a92fd0b76583533998a8,87c0cf2e0f6e4cf5cf1ed4a0f6eb27af0115a73f61e811e17185afa0d20e738e
e70a019fe84490e1,late,50,3b22da569c55ed14bcab3ed420a8f72e9c92c1f0dc41b327c0fd88f7be362555,0.028571428158605586,0.04285714279670192,0.022566249721922747,-0.014285714638096334,0.006005178436682839,6,28c2715fbc9b16a75dc7e849a907a807c5097918ff49a92fd0b76583533998a8,87c0cf2e0f6e4cf5cf1ed4a0f6eb27af0115a73f61e811e17185afa0d20e738e
9e3b391509c72b22,mid,50,3b22da569c55ed14bcab3ed420a8f72e9c92c1f0dc41b327c0fd88f7be362555,0.024846283643580318,0.04285714291074142,0.02555407821070514,-0.018010859267161103,-0.0007077945671248205,6,28c2715fbc9b16a75dc7e849a907a807c5097918ff49a92fd0b76583533998a8,87c0cf2e0f6e4cf5cf1ed4a0f6eb27af0115a73f61e811e17185afa0d20e738e
85bae8f3c9ae0365,mid,50,3b22da569c55ed14bcab3ed420a8f72e9c92c1f0dc41b327c0fd88f7be362555,0.024694085404988388,0.04285714288793352,0.03177063201308802,-0.01816305748294513,-0.007076546608099629,6,28c2715fbc9b16a75dc7e849a907a807c5097918ff49a92fd0b76583533998a8,87c0cf2e0f6e4cf5cf1ed4a0f6eb27af0115a73f61e811e17185afa0d20e738e
c3f583a297ecfc3c,mid,50,3b22da569c55ed14bcab3ed420a8f72e9c92c1f0dc41b327c0fd88f7be362555,0.02498238347337808,0.042857142854862064,0.026173159106172985,-0.017874759381483984,-0.0011907756327949048,6,28c2715fbc9b16a75dc7e849a907a807c5097918ff49a92fd0b76583533998a8,87c0cf2e0f6e4cf5cf1ed4a0f6eb27af0115a73f61e811e17185afa0d20e738e
0a43f69ab365b4d3,mid,50,3b22da569c55ed14bcab3ed420a8f72e9c92c1f0dc41b327c0fd88f7be362555,0.024846283621762694,0.042857142873108385,0.028715189344170174,-0.01801085925134569,-0.00386890572240748,6,28c2715fbc9b16a75dc7e849a907a807c5097918ff49a92fd0b76583533998a8,87c0cf2e0f6e4cf5cf1ed4a0f6eb27af0115a73f61e811e17185afa0d20e738e
acf4b5c3199cdd7c,mid,50,3b22da569c55ed14bcab3ed420a8f72e9c92c1f0dc41b327c0fd88f7be362555,0.05326551371384366,0.08571428574849757,0.05394785794853147,-0.03244877203465391,-0.0006823442346878122,12,28c2715fbc9b16a75dc7e849a907a807c5097918ff49a92fd0b76583533998a8,87c0cf2e0f6e4cf5cf1ed4a0f6eb27af0115a73f61e811e17185afa0d20e738e
ffb26c129585a7ef,mid,50,3b22da569c55ed14bcab3ed420a8f72e9c92c1f0dc41b327c0fd88f7be362555,0.024796242480426927,0.04285714285828325,0.021528677217170826,-0.018060900377856324,0.003267565263256101,6,28c2715fbc9b16a75dc7e849a907a807c5097918ff49a92fd0b76583533998a8,87c0cf2e0f6e4cf5cf1ed4a0f6eb27af0115a73f61e811e17185afa0d20e738e
7ffa0a410b2e3d2a,mid,50,3b22da569c55ed14bcab3ed420a8f72e9c92c1f0dc41b327c0fd88f7be362555,0.04971699682434877,0.08571428580095573,0.046279389511224865,-0.035997288976606964,0.003437607313123904,12,28c2715fbc9b16a75dc7e849a907a807c5097918ff49a92fd0b76583533998a8,87c0cf2e0f6e4cf5cf1ed4a0f6eb27af0115a73f61e811e17185afa0d20e738e
afa1bb89512b7e7a,mid,50,3b22da569c55ed14bcab3ed420a8f72e9c92c1f0dc41b327c0fd88f7be362555,0.02469408536490588,0.04285714281836943,0.022670954126044775,-0.018163057453463548,0.0020231312388611054,6,28c2715fbc9b16a75dc7e849a907a807c5097918ff49a92fd0b76583533998a8,87c0cf2e0f6e4cf5cf1ed4a0f6eb27af0115a73f61e811e17185afa0d20e738e
bb9c5a54bd21082d,mid,50,3b22da569c55ed14bcab3ed420a8f72e9c92c1f0dc41b327c0fd88f7be362555,0.024727588077256998,0.04285714282863298,0.02522998658060097,-0.018129554751375985,-0.0005023985033439718,6,28c2715fbc9b16a75dc7e849a907a807c5097918ff49a92fd0b76583533998a8,87c0cf2e0f6e4cf5cf1ed4a0f6eb27af0115a73f61e811e17185afa0d20e738e
057097684e7e5a87,mid,50,3b22da569c55ed14bcab3ed420a8f72e9c92c1f0dc41b327c0fd88f7be362555,0.02139685297764821,0.042857142859423644,0.029066533916181036,-0.021460289881775434,-0.007669680938532826,6,28c2715fbc9b16a75dc7e849a907a807c5097918ff49a92fd0b76583533998a8,87c0cf2e0f6e4cf5cf1ed4a0f6eb27af0115a73f61e811e17185afa0d20e738e
72331df48a7d2dac,mid,50,3b22da569c55ed14bcab3ed420a8f72e9c92c1f0dc41b327c0fd88f7be362555,0.02476040411613871,0.04285714284573891,0.028408393841660343,-0.0180967387296002,-0.003647989725521633,6,28c2715fbc9b16a75dc7e849a907a807c5097918ff49a92fd0b76583533998a8,87c0cf2e0f6e4cf5cf1ed4a0f6eb27af0115a73f61e811e17185afa0d20e738e
61874ccf7e96711e,mid,50,3b22da569c55ed14bcab3ed420a8f72e9c92c1f0dc41b327c0fd88f7be362555,0.021338836510119683,0.04285714281836943,0.026027562605351818,-0.021518306308249746,-0.004688726095232135,6,28c2715fbc9b16a75dc7e849a907a807c5097918ff49a92fd0b76583533998a8,87c0cf2e0f6e4cf5cf1ed4a0f6eb27af0115a73f61e811e17185afa0d20e738e
4b8d3d7dd8c4e0ae,mid,50,3b22da569c55ed14bcab3ed420a8f72e9c92c1f0dc41b327c0fd88f7be362555,0.04994606251153957,0.08571428586025627,0.052533931853573544,-0.0357682233487167,-0.002587869342033977,12,28c2715fbc9b16a75dc7e849a907a807c5097918ff49a92fd0b76583533998a8,87c0cf2e0f6e4cf5cf1ed4a0f6eb27af0115a73f61e811e17185afa0d20e738e
d5f8df6e4fc6622d,mid,50,3b22da569c55ed14bcab3ed420a8f72e9c92c1f0dc41b327c0fd88f7be362555,0.025245004878242498,0.04285714283319456,0.02908625813970578,-0.017612137954952065,-0.003841253261463281,6,28c2715fbc9b16a75dc7e849a907a807c5097918ff49a92fd0b76583533998a8,87c0cf2e0f6e4cf5cf1ed4a0f6eb27af0115a73f61e811e17185afa0d20e738e
e0cdbab80d258594,mid,50,3b22da569c55ed14bcab3ed420a8f72e9c92c1f0dc41b327c0fd88f7be362555,0.02480078914293389,0.042857142948374456,0.028658363177645127,-0.018056353805440566,-0.0038575740347112364,6,28c2715fbc9b16a75dc7e849a907a807c5097918ff49a92fd0b76583533998a8,87c0cf2e0f6e4cf5cf1ed4a0f6eb27af0115a73f61e811e17185afa0d20e738e
4456aeaef4126487,mid,50,3b22da569c55ed14bcab3ed420a8f72e9c92c1f0dc41b327c0fd88f7be362555,0.02472758803777809,0.042857142760209285,0.025090444616635788,-0.018129554722431194,-0.0003628565788576961,6,28c2715fbc9b16a75dc7e849a907a807c5097918ff49a92fd0b76583533998a8,87c0cf2e0f6e4cf5cf1ed4a0f6eb27af0115a73f61e811e17185afa0d20e738e
4dca2566ec2be9b6,late,55,eb0e542fb5b90c4c4ea41bdc391d99645b9998617118180542a62abd87036fc1,0.05313908815450734,0.08571428573253204,0.049971992692771125,-0.0325751975780247,0.0031670954617362135,12,28c2715fbc9b16a75dc7e849a907a807c5097918ff49a92fd0b76583533998a8,87c0cf2e0f6e4cf5cf1ed4a0f6eb27af0115a73f61e811e17185afa0d20e738e
42be4c9c478fcf87,mid,55,eb0e542fb5b90c4c4ea41bdc391d99645b9998617118180542a62abd87036fc1,0.024787207424790687,0.04285714285372167,0.024708740251561195,-0.018069935428930983,7.846717322949198e-05,6,28c2715fbc9b16a75dc7e849a907a807c5097918ff49a92fd0b76583533998a8,87c0cf2e0f6e4cf5cf1ed4a0f6eb27af0115a73f61e811e17185afa0d20e738e
e9cae6ed68f487bd,late,55,eb0e542fb5b90c4c4ea41bdc391d99645b9998617118180542a62abd87036fc1,0.02478681660906627,0.04285714288907392,0.026549264914845234,-0.01807032628000765,-0.0017624483057789644,6,28c2715fbc9b16a75dc7e849a907a807c5097918ff49a92fd0b76583533998a8,87c0cf2e0f6e4cf5cf1ed4a0f6eb27af0115a73f61e811e17185afa0d20e738e
8aad5b2f419c6072,late,55,eb0e542fb5b90c4c4ea41bdc391d99645b9998617118180542a62abd87036fc1,0.07866938722094147,0.12857142835247273,0.08492408406960268,-0.049902041131531266,-0.006254696848661215,18,28c2715fbc9b16a75dc7e849a907a807c5097918ff49a92fd0b76583533998a8,87c0cf2e0f6e4cf5cf1ed4a0f6eb27af0115a73f61e811e17185afa0d20e738e
5fbcbd0c5df88ebb,late,55,eb0e542fb5b90c4c4ea41bdc391d99645b9998617118180542a62abd87036fc1,0.05363466872516615,0.08571428579639416,0.05953919651102304,-0.03207961707122801,-0.005904527785856886,12,28c2715fbc9b16a75dc7e849a907a807c5097918ff49a92fd0b76583533998a8,87c0cf2e0f6e4cf5cf1ed4a0f6eb27af0115a73f61e811e17185afa0d20e738e
114b4dce6f7bfe50,late,55,eb0e542fb5b90c4c4ea41bdc391d99645b9998617118180542a62abd87036fc1,0.07837669742240076,0.12857142829773377,0.08957936127360513,-0.05019473087533301,-0.011202663851204372,18,28c2715fbc9b16a75dc7e849a907a807c5097918ff49a92fd0b76583533998a8,87c0cf2e0f6e4cf5cf1ed4a0f6eb27af0115a73f61e811e17185afa0d20e738e
916e555f6c4000ff,late,55,eb0e542fb5b90c4c4ea41bdc391d99645b9998617118180542a62abd87036fc1,0.02487166629973187,0.04285714285030049,0.028261756998897384,-0.017985476550568622,-0.0033900906991655155,6,28c2715fbc9b16a75dc7e849a907a807c5097918ff49a92fd0b76583533998a8,87c0cf2e0f6e4cf5cf1ed4a0f6eb27af0115a73f61e811e17185afa0d20e738e
6264497eaa048e7d,late,55,eb0e542fb5b90c4c4ea41bdc391d99645b9998617118180542a62abd87036fc1,0.04973728454500543,0.08571428562191372,0.05929374214790238,-0.03597700107690829,-0.009556457602896952,12,28c2715fbc9b16a75dc7e849a907a807c5097918ff49a92fd0b76583533998a8,87c0cf2e0f6e4cf5cf1ed4a0f6eb27af0115a73f61e811e17185afa0d20e738e
cd631ab31fac34e8,late,55,eb0e542fb5b90c4c4ea41bdc391d99645b9998617118180542a62abd87036fc1,0.028571428584733178,0.04285714279727212,0.03249684940209121,-0.01428571421253894,-0.003925420817358031,6,28c2715fbc9b16a75dc7e849a907a807c5097918ff49a92fd0b76583533998a8,87c0cf2e0f6e4cf5cf1ed4a0f6eb27af0115a73f61e811e17185afa0d20e738e
2fa902a4bde72d4f,late,55,eb0e542fb5b90c4c4ea41bdc391d99645b9998617118180542a62abd87036fc1,0.0782715835313541,0.1285714285885345,0.07837147671175475,-0.05029984505718038,-9.989318040064255e-05,18,28c2715fbc9b16a75dc7e849a907a807c5097918ff49a92fd0b76583533998a8,87c0cf2e0f6e4cf5cf1ed4a0f6eb27af0115a73f61e811e17185afa0d20e738e
58de86eedc55d29f,late,55,eb0e542fb5b90c4c4ea41bdc391d99645b9998617118180542a62abd87036fc1,0.07949406169193873,0.12857142843971295,0.07940092338097586,-0.049077366747774215,9.313831096287306e-05,18,28c2715fbc9b16a75dc7e849a907a807c5097918ff49a92fd0b76583533998a8,87c0cf2e0f6e4cf5cf1ed4a0f6eb27af0115a73f61e811e17185afa0d20e738e
55c6be1343917df6,late,55,eb0e542fb5b90c4c4ea41bdc391d99645b9998617118180542a62abd87036fc1,0.07859314823068277,0.12857142864669463,0.08492275928461926,-0.049978280416011864,-0.006329611053936493,18,28c2715fbc9b16a75dc7e849a907a807c5097918ff49a92fd0b76583533998a8,87c0cf2e0f6e4cf5cf1ed4a0f6eb27af0115a73f61e811e17185afa0d20e738e
5c46d4cab0649bd7,late,55,eb0e542fb5b90c4c4ea41bdc391d99645b9998617118180542a62abd87036fc1,0.07949406183556118,0.12857142845681888,0.07444614752078839,-0.049077366621257695,0.005047914314772792,18,28c2715fbc9b16a75dc7e849a907a807c5097918ff49a92fd0b76583533998a8,87c0cf2e0f6e4cf5cf1ed4a0f6eb27af0115a73f61e811e17185afa0d20e738e
30fc470f7401da0c,late,55,eb0e542fb5b90c4c4ea41bdc391d99645b9998617118180542a62abd87036fc1,0.02857142852353198,0.04285714294495327,0.02426406213929432,-0.014285714421421288,0.0043073663842376625,6,28c2715fbc9b16a75dc7e849a907a807c5097918ff49a92fd0b76583533998a8,87c0cf2e0f6e4cf5cf1ed4a0f6eb27af0115a73f61e811e17185afa0d20e738e
36b2c85b266010b4,late,55,eb0e542fb5b90c4c4ea41bdc391d99645b9998617118180542a62abd87036fc1,0.07693833577660363,0.12857142847050362,0.09010162867983543,-0.0516330926939,-0.013163292903231802,18,28c2715fbc9b16a75dc7e849a907a807c5097918ff49a92fd0b76583533998a8,87c0cf2e0f6e4cf5cf1ed4a0f6eb27af0115a73f61e811e17185afa0d20e738e
149aab874634a179,late,55,eb0e542fb5b90c4c4ea41bdc391d99645b9998617118180542a62abd87036fc1,0.028571428804829414,0.04285714288793352,0.020420176417469574,-0.014285714083104105,0.00815125238735984,6,28c2715fbc9b16a75dc7e849a907a807c5097918ff49a92fd0b76583533998a8,87c0cf2e0f6e4cf5cf1ed4a0f6eb27af0115a73f61e811e17185afa0d20e738e
b3a6c7628630359d,late,55,eb0e542fb5b90c4c4ea41bdc391d99645b9998617118180542a62abd87036fc1,0.0321966672042547,0.05714285704706396,0.03982082641261198,-0.02494618984280926,-0.007624159208357281,8,28c2715fbc9b16a75dc7e849a907a807c5097918ff49a92fd0b76583533998a8,87c0cf2e0f6e4cf5cf1ed4a0f6eb27af0115a73f61e811e17185afa0d20e738e
6fefd9d7d54089c4,late,55,eb0e542fb5b90c4c4ea41bdc391d99645b9998617118180542a62abd87036fc1,0.024703026375008742,0.042857142808105875,0.028014172368693316,-0.018154116433097132,-0.0033111459936845736,6,28c2715fbc9b16a75dc7e849a907a807c5097918ff49a92fd0b76583533998a8,87c0cf2e0f6e4cf5cf1ed4a0f6eb27af0115a73f61e811e17185afa0d20e738e
df88e8a71a960d88,late,55,eb0e542fb5b90c4c4ea41bdc391d99645b9998617118180542a62abd87036fc1,0.07500958169077421,0.12857142839694813,0.08541066773353027,-0.05356184670617392,-0.010401086042756066,18,28c2715fbc9b16a75dc7e849a907a807c5097918ff49a92fd0b76583533998a8,87c0cf2e0f6e4cf5cf1ed4a0f6eb27af0115a73f61e811e17185afa0d20e738e
7c1c7ae6205df8bc,late,55,eb0e542fb5b90c4c4ea41bdc391d99645b9998617118180542a62abd87036fc1,0.09988348506908971,0.1714285716384041,0.11416590105347418,-0.0715450865693144,-0.01428241598438447,24,28c2715fbc9b16a75dc7e849a907a807c5097918ff49a92fd0b76583533998a8,87c0cf2e0f6e4cf5cf1ed4a0f6eb27af0115a73f61e811e17185afa0d20e738e
0e6caa2b89c5671e,late,55,eb0e542fb5b90c4c4ea41bdc391d99645b9998617118180542a62abd87036fc1,0.14695016456467136,0.25714285666731246,0.17667684410621437,-0.1101926921026411,-0.02972667954154301,36,28c2715fbc9b16a75dc7e849a907a807c5097918ff49a92fd0b76583533998a8,87c0cf2e0f6e4cf5cf1ed4a0f6eb27af0115a73f61e811e17185afa0d20e738e
d3e8b63f8afb91f4,late,55,eb0e542fb5b90c4c4ea41bdc391d99645b9998617118180542a62abd87036fc1,0.07582175409774881,0.12857142870827598,0.07873247271534851,-0.05274967461052717,-0.0029107186175997,18,28c2715fbc9b16a75dc7e849a907a807c5097918ff49a92fd0b76583533998a8,87c0cf2e0f6e4cf5cf1ed4a0f6eb27af0115a73f61e811e17185afa0d20e738e
9af16211b24685c6,late,55,eb0e542fb5b90c4c4ea41bdc391d99645b9998617118180542a62abd87036fc1,0.04977702889404643,0.08571428566524873,0.05247457396962272,-0.035937256771202304,-0.002697545075576291,12,28c2715fbc9b16a75dc7e849a907a807c5097918ff49a92fd0b76583533998a8,87c0cf2e0f6e4cf5cf1ed4a0f6eb27af0115a73f61e811e17185afa0d20e738e
db1e347046310118,late,55,eb0e542fb5b90c4c4ea41bdc391d99645b9998617118180542a62abd87036fc1,0.02613406800305456,0.04285714279670192,0.026863428273803377,-0.01672307479364736,-0.0007293602707488175,6,28c2715fbc9b16a75dc7e849a907a807c5097918ff49a92fd0b76583533998a8,87c0cf2e0f6e4cf5cf1ed4a0f6eb27af0115a73f61e811e17185afa0d20e738e
56a7dde81d335df3,late,55,eb0e542fb5b90c4c4ea41bdc391d99645b9998617118180542a62abd87036fc1,0.07834543273884902,0.12857142843115998,0.0854830686134737,-0.05022599569231097,-0.0071376358746246815,18,28c2715fbc9b16a75dc7e849a907a807c5097918ff49a92fd0b76583533998a8,87c0cf2e0f6e4cf5cf1ed4a0f6eb27af0115a73f61e811e17185afa0d20e738e
48c43bbbdab973de,late,55,eb0e542fb5b90c4c4ea41bdc391d99645b9998617118180542a62abd87036fc1,0.04980713300841482,0.08571428555691121,0.05804767055156802,-0.03590715254849639,-0.008240537543153202,12,28c2715fbc9b16a75dc7e849a907a807c5097918ff49a92fd0b76583533998a8,87c0cf2e0f6e4cf5cf1ed4a0f6eb27af0115a73f61e811e17185afa0d20e738e
23cf443537af1aae,late,55,eb0e542fb5b90c4c4ea41bdc391d99645b9998617118180542a62abd87036fc1,0.024859566576326656,0.04285714279214034,0.03233845628150627,-0.017997576215813684,-0.007478889705179615,6,28c2715fbc9b16a75dc7e849a907a807c5097918ff49a92fd0b76583533998a8,87c0cf2e0f6e4cf5cf1ed4a0f6eb27af0115a73f61e811e17185afa0d20e738e
0aaa7c8b0c525308,late,55,eb0e542fb5b90c4c4ea41bdc391d99645b9998617118180542a62abd87036fc1,0.06374400893144608,0.11428571431764535,0.07628813030200945,-0.05054170538619927,-0.012544121370563377,16,28c2715fbc9b16a75dc7e849a907a807c5097918ff49a92fd0b76583533998a8,87c0cf2e0f6e4cf5cf1ed4a0f6eb27af0115a73f61e811e17185afa0d20e738e
d83a5c8ba6bc761e,late,55,eb0e542fb5b90c4c4ea41bdc391d99645b9998617118180542a62abd87036fc1,0.06374301384916531,0.11428571402418371,0.08109790116084421,-0.0505427001750184,-0.017354887311678904,16,28c2715fbc9b16a75dc7e849a907a807c5097918ff49a92fd0b76583533998a8,87c0cf2e0f6e4cf5cf1ed4a0f6eb27af0115a73f61e811e17185afa0d20e738e
f1046a806aadfbe0,late,55,eb0e542fb5b90c4c4ea41bdc391d99645b9998617118180542a62abd87036fc1,0.0637430138534057,0.11428571403178633,0.07669570397042559,-0.05054270017838064,-0.012952690117019897,16,28c2715fbc9b16a75dc7e849a907a807c5097918ff49a92fd0b76583533998a8,87c0cf2e0f6e4cf5cf1ed4a0f6eb27af0115a73f61e811e17185afa0d20e738e
6fc2092861b32642,late,55,eb0e542fb5b90c4c4ea41bdc391d99645b9998617118180542a62abd87036fc1,0.06411110450607829,0.11428571410477162,0.07853140227835577,-0.050174609598693326,-0.014420297772277477,16,28c2715fbc9b16a75dc7e849a907a807c5097918ff49a92fd0b76583533998a8,87c0cf2e0f6e4cf5cf1ed4a0f6eb27af0115a73f61e811e17185afa0d20e738e
776d096fbd7a62b8,late,55,eb0e542fb5b90c4c4ea41bdc391d99645b9998617118180542a62abd87036fc1,0.0214531895596564,0.042857142915303,0.024813851694589918,-0.021403953355646602,-0.0033606621349335196,6,28c2715fbc9b16a75dc7e849a907a807c5097918ff49a92fd0b76583533998a8,87c0cf2e0f6e4cf5cf1ed4a0f6eb27af0115a73f61e811e17185afa0d20e738e
460752ddf653e004,late,55,eb0e542fb5b90c4c4ea41bdc391d99645b9998617118180542a62abd87036fc1,0.07391836404905006,0.12857142868432767,0.08712088329650965,-0.05465306463527761,-0.01320251924745959,18,28c2715fbc9b16a75dc7e849a907a807c5097918ff49a92fd0b76583533998a8,87c0cf2e0f6e4cf5cf1ed4a0f6eb27af0115a73f61e811e17185afa0d20e738e
30bcc4667ee54d7c,mid,55,eb0e542fb5b90c4c4ea41bdc391d99645b9998617118180542a62abd87036fc1,0.021278306716166925,0.042857142925566555,0.028849198981346615,-0.02157883620939963,-0.00757089226517969,6,28c2715fbc9b16a75dc7e849a907a807c5097918ff49a92fd0b76583533998a8,87c0cf2e0f6e4cf5cf1ed4a0f6eb27af0115a73f61e811e17185afa0d20e738e
7d4b1fee8b0f3782,late,55,eb0e542fb5b90c4c4ea41bdc391d99645b9998617118180542a62abd87036fc1,0.02465272002387781,0.042857142939251296,0.02894382578145062,-0.018204422915373487,-0.00429110575757281,6,28c2715fbc9b16a75dc7e849a907a807c5097918ff49a92fd0b76583533998a8,87c0cf2e0f6e4cf5cf1ed4a0f6eb27af0115a73f61e811e17185afa0d20e738e
8997c4eba59e8594,mid,55,eb0e542fb5b90c4c4ea41bdc391d99645b9998617118180542a62abd87036fc1,0.024734972626279245,0.04285714285030049,0.02860134482991461,-0.018122170224021246,-0.0038663722036353654,6,28c2715fbc9b16a75dc7e849a907a807c5097918ff49a92fd0b76583533998a8,87c0cf2e0f6e4cf5cf1ed4a0f6eb27af0115a73f61e811e17185afa0d20e738e
bac2b3a89002d2a2,late,55,eb0e542fb5b90c4c4ea41bdc391d99645b9998617118180542a62abd87036fc1,0.10531183998980168,0.17142857158366515,0.12947136154137623,-0.06611673159386347,-0.024159521551574553,24,28c2715fbc9b16a75dc7e849a907a807c5097918ff49a92fd0b76583533998a8,87c0cf2e0f6e4cf5cf1ed4a0f6eb27af0115a73f61e811e17185afa0d20e738e
44564f38d84c578b,late,55,eb0e542fb5b90c4c4ea41bdc391d99645b9998617118180542a62abd87036fc1,0.053193784945599246,0.08571428582376363,0.05441345739076835,-0.03252050087816438,-0.001219672445169101,12,28c2715fbc9b16a75dc7e849a907a807c5097918ff49a92fd0b76583533998a8,87c0cf2e0f6e4cf5cf1ed4a0f6eb27af0115a73f61e811e17185afa0d20e738e
60ac7ed07a88c8b5,late,55,eb0e542fb5b90c4c4ea41bdc391d99645b9998617118180542a62abd87036fc1,0.049211751660949404,0.08571428579183257,0.05446819614757168,-0.03650253413088317,-0.005256444486622276,12,28c2715fbc9b16a75dc7e849a907a807c5097918ff49a92fd0b76583533998a8,87c0cf2e0f6e4cf5cf1ed4a0f6eb27af0115a73f61e811e17185afa0d20e738e
624b9c4f6e51f9fa,late,55,eb0e542fb5b90c4c4ea41bdc391d99645b9998617118180542a62abd87036fc1,0.10035916183656925,0.17142857133733982,0.11256003671854732,-0.07106940950077058,-0.012200874881978074,24,28c2715fbc9b16a75dc7e849a907a807c5097918ff49a92fd0b76583533998a8,87c0cf2e0f6e4cf5cf1ed4a0f6eb27af0115a73f61e811e17185afa0d20e738e
3b961a569be80755,late,55,eb0e542fb5b90c4c4ea41bdc391d99645b9998617118180542a62abd87036fc1,0.024726322646147502,0.042857142915303,0.027500194454898524,-0.0181308202691555,-0.0027738718087510217,6,28c2715fbc9b16a75dc7e849a907a807c5097918ff49a92fd0b76583533998a8,87c0cf2e0f6e4cf5cf1ed4a0f6eb27af0115a73f61e811e17185afa0d20e738e
5fb8d2642e68cf72,late,55,eb0e542fb5b90c4c4ea41bdc391d99645b9998617118180542a62abd87036fc1,0.10028589249383232,0.17142857099522132,0.10496520605013587,-0.071142678501389,-0.004679313556303549,24,28c2715fbc9b16a75dc7e849a907a807c5097918ff49a92fd0b76583533998a8,87c0cf2e0f6e4cf5cf1ed4a0f6eb27af0115a73f61e811e17185afa0d20e738e
499e4e4687fe7f82,late,55,eb0e542fb5b90c4c4ea41bdc391d99645b9998617118180542a62abd87036fc1,0.02478681671682225,0.042857142891354706,0.028667761727636222,-0.018070326174532456,-0.0038809450108139715,6,28c2715fbc9b16a75dc7e849a907a807c5097918ff49a92fd0b76583533998a8,87c0cf2e0f6e4cf5cf1ed4a0f6eb27af0115a73f61e811e17185afa0d20e738e
18ee6c5df8159acb,late,55,eb0e542fb5b90c4c4ea41bdc391d99645b9998617118180542a62abd87036fc1,0.049805628974456166,0.08571428550901462,0.06441724753279898,-0.03590865653455846,-0.014611618558342816,12,28c2715fbc9b16a75dc7e849a907a807c5097918ff49a92fd0b76583533998a8,87c0cf2e0f6e4cf5cf1ed4a0f6eb27af0115a73f61e811e17185afa0d20e738e
6f26e2f61472d2ba,late,55,eb0e542fb5b90c4c4ea41bdc391d99645b9998617118180542a62abd87036fc1,0.024859566417994347,0.042857142794421134,0.0249120701271997,-0.017997576376426787,-5.250370920535305e-05,6,28c2715fbc9b16a75dc7e849a907a807c5097918ff49a92fd0b76583533998a8,87c0cf2e0f6e4cf5cf1ed4a0f6eb27af0115a73f61e811e17185afa0d20e738e
a1b85cd1b385605f,late,55,eb0e542fb5b90c4c4ea41bdc391d99645b9998617118180542a62abd87036fc1,0.09860661239971445,0.17142857133505904,0.1054261005041526,-0.07282195893534459,-0.006819488104438151,24,28c2715fbc9b16a75dc7e849a907a807c5097918ff49a92fd0b76583533998a8,87c0cf2e0f6e4cf5cf1ed4a0f6eb27af0115a73f61e811e17185afa0d20e738e
c6d589ffd6239ce1,mid,55,eb0e542fb5b90c4c4ea41bdc391d99645b9998617118180542a62abd87036fc1,0.024562459448843048,0.042857142874248785,0.02120073821709654,-0.018294683425405737,0.003361721231746509,6,28c2715fbc9b16a75dc7e849a907a807c5097918ff49a92fd0b76583533998a8,87c0cf2e0f6e4cf5cf1ed4a0f6eb27af0115a73f61e811e17185afa0d20e738e
adac1ce9ac05888c,late,55,eb0e542fb5b90c4c4ea41bdc391d99645b9998617118180542a62abd87036fc1,0.05340730512989543,0.08571428566638913,0.05160936955139582,-0.032306980536493696,0.0017979355784996098,12,28c2715fbc9b16a75dc7e849a907a807c5097918ff49a92fd0b76583533998a8,87c0cf2e0f6e4cf5cf1ed4a0f6eb27af0115a73f61e811e17185afa0d20e738e
30a0e035ac98894a,late,55,eb0e542fb5b90c4c4ea41bdc391d99645b9998617118180542a62abd87036fc1,0.053218554426544294,0.08571428569375861,0.05776061302530325,-0.03249573126721431,-0.004542058598758954,12,28c2715fbc9b16a75dc7e849a907a807c5097918ff49a92fd0b76583533998a8,87c0cf2e0f6e4cf5cf1ed4a0f6eb27af0115a73f61e811e17185afa0d20e738e
298e329d46985be6,late,55,eb0e542fb5b90c4c4ea41bdc391d99645b9998617118180542a62abd87036fc1,0.05340730511284191,0.08571428563901964,0.06444343982725714,-0.03230698052617773,-0.011036134714415231,12,28c2715fbc9b16a75dc7e849a907a807c5097918ff49a92fd0b76583533998a8,87c0cf2e0f6e4cf5cf1ed4a0f6eb27af0115a73f61e811e17185afa0d20e738e
db46035c8bb13484,late,55,eb0e542fb5b90c4c4ea41bdc391d99645b9998617118180542a62abd87036fc1,0.053218554715294124,0.08571428573025125,0.04956151226660318,-0.032495731014957126,0.0036570424486909447,12,28c2715fbc9b16a75dc7e849a907a807c5097918ff49a92fd0b76583533998a8,87c0cf2e0f6e4cf5cf1ed4a0f6eb27af0115a73f61e811e17185afa0d20e738e
868e275bc02ed9aa,late,55,eb0e542fb5b90c4c4ea41bdc391d99645b9998617118180542a62abd87036fc1,0.04981928942151524,0.08571428591043365,0.05795707872893951,-0.035894996488918404,-0.008137789307424266,12,28c2715fbc9b16a75dc7e849a907a807c5097918ff49a92fd0b76583533998a8,87c0cf2e0f6e4cf5cf1ed4a0f6eb27af0115a73f61e811e17185afa0d20e738e
33ddae0fd74c1095,late,55,eb0e542fb5b90c4c4ea41bdc391d99645b9998617118180542a62abd87036fc1,0.05313388785929561,0.08571428572797045,0.0526725190110514,-0.03258039786867484,0.00046136884824421465,12,28c2715fbc9b16a75dc7e849a907a807c5097918ff49a92fd0b76583533998a8,87c0cf2e0f6e4cf5cf1ed4a0f6eb27af0115a73f61e811e17185afa0d20e738e
461699d7bb412c04,late,55,eb0e542fb5b90c4c4ea41bdc391d99645b9998617118180542a62abd87036fc1,0.05340730502985363,0.08571428567665268,0.04451060145469582,-0.03230698064679905,0.008896703575157809,12,28c2715fbc9b16a75dc7e849a907a807c5097918ff49a92fd0b76583533998a8,87c0cf2e0f6e4cf5cf1ed4a0f6eb27af0115a73f61e811e17185afa0d20e738e
071ab07e1e38a628,late,55,eb0e542fb5b90c4c4ea41bdc391d99645b9998617118180542a62abd87036fc1,0.05321855462242477,0.08571428566638913,0.044335352232119804,-0.03249573104396435,0.008883202390304969,12,28c2715fbc9b16a75dc7e849a907a807c5097918ff49a92fd0b76583533998a8,87c0cf2e0f6e4cf5cf1ed4a0f6eb27af0115a73f61e811e17185afa0d20e738e
42accf704c38cba0,late,55,eb0e542fb5b90c4c4ea41bdc391d99645b9998617118180542a62abd87036fc1,0.05340730511994754,0.08571428565042359,0.054006436480151215,-0.03230698053047605,-0.0005991313602036752,12,28c2715fbc9b16a75dc7e849a907a807c5097918ff49a92fd0b76583533998a8,87c0cf2e0f6e4cf5cf1ed4a0f6eb27af0115a73f61e811e17185afa0d20e738e
c10ec77ff32ffa91,late,55,eb0e542fb5b90c4c4ea41bdc391d99645b9998617118180542a62abd87036fc1,0.028571428696111758,0.04285714280468469,0.02617348578348808,-0.01428571410857293,0.002397942912623678,6,28c2715fbc9b16a75dc7e849a907a807c5097918ff49a92fd0b76583533998a8,87c0cf2e0f6e4cf5cf1ed4a0f6eb27af0115a73f61e811e17185afa0d20e738e
54793d67d9944eb8,late,55,eb0e542fb5b90c4c4ea41bdc391d99645b9998617118180542a62abd87036fc1,0.053407304976953576,0.08571428563445807,0.05296986114090189,-0.032306980657504494,0.00043744383605168885,12,28c2715fbc9b16a75dc7e849a907a807c5097918ff49a92fd0b76583533998a8,87c0cf2e0f6e4cf5cf1ed4a0f6eb27af0115a73f61e811e17185afa0d20e738e
8f08729d2995a817,late,55,eb0e542fb5b90c4c4ea41bdc391d99645b9998617118180542a62abd87036fc1,0.024635805995752495,0.0428571428708276,0.02440196175375218,-0.018221336875075104,0.00023384424200031603,6,28c2715fbc9b16a75dc7e849a907a807c5097918ff49a92fd0b76583533998a8,87c0cf2e0f6e4cf5cf1ed4a0f6eb27af0115a73f61e811e17185afa0d20e738e
07e3a9d289c6178d,late,55,eb0e542fb5b90c4c4ea41bdc391d99645b9998617118180542a62abd87036fc1,0.09969034711662665,0.1714285716201578,0.11358600787740233,-0.07173822450353114,-0.013895660760775683,24,28c2715fbc9b16a75dc7e849a907a807c5097918ff49a92fd0b76583533998a8,87c0cf2e0f6e4cf5cf1ed4a0f6eb27af0115a73f61e811e17185afa0d20e738e
7102b379fd198e9c,late,55,eb0e542fb5b90c4c4ea41bdc391d99645b9998617118180542a62abd87036fc1,0.07431206464954192,0.12857142840892227,0.07854950223833584,-0.054259363759380355,-0.004237437588793927,18,28c2715fbc9b16a75dc7e849a907a807c5097918ff49a92fd0b76583533998a8,87c0cf2e0f6e4cf5cf1ed4a0f6eb27af0115a73f61e811e17185afa0d20e738e
d722ebf1d24090c6,late,55,eb0e542fb5b90c4c4ea41bdc391d99645b9998617118180542a62abd87036fc1,0.04948507640746746,0.08571428576446309,0.04918982075479882,-0.03622920935699563,0.0002952556526686356,12,28c2715fbc9b16a75dc7e849a907a807c5097918ff49a92fd0b76583533998a8,87c0cf2e0f6e4cf5cf1ed4a0f6eb27af0115a73f61e811e17185afa0d20e738e
8ce9f2f52718d991,late,55,eb0e542fb5b90c4c4ea41bdc391d99645b9998617118180542a62abd87036fc1,0.049682500500966925,0.08571428565954675,0.04820396891776751,-0.03603178515857983,0.0014785315831994175,12,28c2715fbc9b16a75dc7e849a907a807c5097918ff49a92fd0b76583533998a8,87c0cf2e0f6e4cf5cf1ed4a0f6eb27af0115a73f61e811e17185afa0d20e738e
bf37710c7cf719ac,late,55,eb0e542fb5b90c4c4ea41bdc391d99645b9998617118180542a62abd87036fc1,0.02482072326128876,0.04285714291986458,0.03214075564720113,-0.01803641965857582,-0.007320032385912372,6,28c2715fbc9b16a75dc7e849a907a807c5097918ff49a92fd0b76583533998a8,87c0cf2e0f6e4cf5cf1ed4a0f6eb27af0115a73f61e811e17185afa0d20e738e
2180a713bbe5e4f3,late,55,eb0e542fb5b90c4c4ea41bdc391d99645b9998617118180542a62abd87036fc1,0.049722635018439404,0.08571428565270439,0.057380612273054556,-0.03599165063426499,-0.007657977254615152,12,28c2715fbc9b16a75dc7e849a907a807c5097918ff49a92fd0b76583533998a8,87c0cf2e0f6e4cf5cf1ed4a0f6eb27af0115a73f61e811e17185afa0d20e738e
e935be4a08f19bb3,late,55,eb0e542fb5b90c4c4ea41bdc391d99645b9998617118180542a62abd87036fc1,0.08235055926466733,0.12857142881775388,0.08682428487314041,-0.04622086955308655,-0.004473725608473075,18,28c2715fbc9b16a75dc7e849a907a807c5097918ff49a92fd0b76583533998a8,87c0cf2e0f6e4cf5cf1ed4a0f6eb27af0115a73f61e811e17185afa0d20e738e
e70a019fe84490e1,late,55,eb0e542fb5b90c4c4ea41bdc391d99645b9998617118180542a62abd87036fc1,0.02857142861704437,0.042857142925566555,0.024390007860516875,-0.014285714308522185,0.004181420756527495,6,28c2715fbc9b16a75dc7e849a907a807c5097918ff49a92fd0b76583533998a8,87c0cf2e0f6e4cf5cf1ed4a0f6eb27af0115a73f61e811e17185afa0d20e738e
9e3b391509c72b22,mid,55,eb0e542fb5b90c4c4ea41bdc391d99645b9998617118180542a62abd87036fc1,0.02495965168082741,0.0428571428240714,0.02497696475460242,-0.01789749114324399,-1.7313073775008375e-05,6,28c2715fbc9b16a75dc7e849a907a807c5097918ff49a92fd0b76583533998a8,87c0cf2e0f6e4cf5cf1ed4a0f6eb27af0115a73f61e811e17185afa0d20e738e
85bae8f3c9ae0365,mid,55,eb0e542fb5b90c4c4ea41bdc391d99645b9998617118180542a62abd87036fc1,0.024562459466489918,0.04285714290503945,0.018781600381349538,-0.01829468343854953,0.00578085908514038,6,28c2715fbc9b16a75dc7e849a907a807c5097918ff49a92fd0b76583533998a8,87c0cf2e0f6e4cf5cf1ed4a0f6eb27af0115a73f61e811e17185afa0d20e738e
c3f583a297ecfc3c,mid,55,eb0e542fb5b90c4c4ea41bdc391d99645b9998617118180542a62abd87036fc1,0.024920775856564832,0.04285714278073639,0.025577945589121902,-0.01793636692417156,-0.0006571697325570697,6,28c2715fbc9b16a75dc7e849a907a807c5097918ff49a92fd0b76583533998a8,87c0cf2e0f6e4cf5cf1ed4a0f6eb27af0115a73f61e811e17185afa0d20e738e
0a43f69ab365b4d3,mid,55,eb0e542fb5b90c4c4ea41bdc391d99645b9998617118180542a62abd87036fc1,0.024959651579039642,0.04285714283205417,0.03298440153243135,-0.017897491253014527,-0.00802474995339171,6,28c2715fbc9b16a75dc7e849a907a807c5097918ff49a92fd0b76583533998a8,87c0cf2e0f6e4cf5cf1ed4a0f6eb27af0115a73f61e811e17185afa0d20e738e
acf4b5c3199cdd7c,mid,55,eb0e542fb5b90c4c4ea41bdc391d99645b9998617118180542a62abd87036fc1,0.05313388821485843,0.08571428570060098,0.05382371416254389,-0.032580397485742554,-0.0006898259476854629,12,28c2715fbc9b16a75dc7e849a907a807c5097918ff49a92fd0b76583533998a8,87c0cf2e0f6e4cf5cf1ed4a0f6eb27af0115a73f61e811e17185afa0d20e738e
ffb26c129585a7ef,mid,55,eb0e542fb5b90c4c4ea41bdc391d99645b9998617118180542a62abd87036fc1,0.0249151885822894,0.04285714281950982,0.039251312419365206,-0.017941954237220423,-0.014336123837075807,6,28c2715fbc9b16a75dc7e849a907a807c5097918ff49a92fd0b76583533998a8,87c0cf2e0f6e4cf5cf1ed4a0f6eb27af0115a73f61e811e17185afa0d20e738e
7ffa0a410b2e3d2a,mid,55,eb0e542fb5b90c4c4ea41bdc391d99645b9998617118180542a62abd87036fc1,0.050012611470046806,0.08571428567779307,0.052034498196825596,-0.03570167420774627,-0.0020218867267787904,12,28c2715fbc9b16a75dc7e849a907a807c5097918ff49a92fd0b76583533998a8,87c0cf2e0f6e4cf5cf1ed4a0f6eb27af0115a73f61e811e17185afa0d20e738e
afa1bb89512b7e7a,mid,55,eb0e542fb5b90c4c4ea41bdc391d99645b9998617118180542a62abd87036fc1,0.024562459453744957,0.04285714288280174,0.025002143068040807,-0.018294683429056786,-0.00043968361429585004,6,28c2715fbc9b16a75dc7e849a907a807c5097918ff49a92fd0b76583533998a8,87c0cf2e0f6e4cf5cf1ed4a0f6eb27af0115a73f61e811e17185afa0d20e738e
bb9c5a54bd21082d,mid,55,eb0e542fb5b90c4c4ea41bdc391d99645b9998617118180542a62abd87036fc1,0.0246471261082797,0.04285714290503945,0.028803900342162268,-0.018210016796759747,-0.004156774233882568,6,28c2715fbc9b16a75dc7e849a907a807c5097918ff49a92fd0b76583533998a8,87c0cf2e0f6e4cf5cf1ed4a0f6eb27af0115a73f61e811e17185afa0d20e738e
057097684e7e5a87,mid,55,eb0e542fb5b90c4c4ea41bdc391d99645b9998617118180542a62abd87036fc1,0.021393212674909765,0.042857142854862064,0.02857485455974006,-0.0214639301799523,-0.007181641884830295,6,28c2715fbc9b16a75dc7e849a907a807c5097918ff49a92fd0b76583533998a8,87c0cf2e0f6e4cf5cf1ed4a0f6eb27af0115a73f61e811e17185afa0d20e738e
72331df48a7d2dac,mid,55,eb0e542fb5b90c4c4ea41bdc391d99645b9998617118180542a62abd87036fc1,0.024475947393200224,0.04285714294723406,0.02863156418347714,-0.01838119555403384,-0.004155616790276918,6,28c2715fbc9b16a75dc7e849a907a807c5097918ff49a92fd0b76583533998a8,87c0cf2e0f6e4cf5cf1ed4a0f6eb27af0115a73f61e811e17185afa0d20e738e
61874ccf7e96711e,mid,55,eb0e542fb5b90c4c4ea41bdc391d99645b9998617118180542a62abd87036fc1,0.02139635115003081,0.042857142903899054,0.021989770204403052,-0.021460791753868242,-0.0005934190543722406,6,28c2715fbc9b16a75dc7e849a907a807c5097918ff49a92fd0b76583533998a8,87c0cf2e0f6e4cf5cf1ed4a0f6eb27af0115a73f61e811e17185afa0d20e738e
4b8d3d7dd8c4e0ae,mid,55,eb0e542fb5b90c4c4ea41bdc391d99645b9998617118180542a62abd87036fc1,0.050036239683898996,0.08571428572568966,0.052539574627969356,-0.035678046041790666,-0.0025033349440703595,12,28c2715fbc9b16a75dc7e849a907a807c5097918ff49a92fd0b76583533998a8,87c0cf2e0f6e4cf5cf1ed4a0f6eb27af0115a73f61e811e17185afa0d20e738e
d5f8df6e4fc6622d,mid,55,eb0e542fb5b90c4c4ea41bdc391d99645b9998617118180542a62abd87036fc1,0.024953843643906026,0.04285714284117733,0.02918429591803199,-0.017903299197271304,-0.004230452274125964,6,28c2715fbc9b16a75dc7e849a907a807c5097918ff49a92fd0b76583533998a8,87c0cf2e0f6e4cf5cf1ed4a0f6eb27af0115a73f61e811e17185afa0d20e738e
e0cdbab80d258594,mid,55,eb0e542fb5b90c4c4ea41bdc391d99645b9998617118180542a62abd87036fc1,0.024572498602132842,0.04285714292328577,0.02894899796372657,-0.018284644321152926,-0.00437649936159373,6,28c2715fbc9b16a75dc7e849a907a807c5097918ff49a92fd0b76583533998a8,87c0cf2e0f6e4cf5cf1ed4a0f6eb27af0115a73f61e811e17185afa0d20e738e
4456aeaef4126487,mid,55,eb0e542fb5b90c4c4ea41bdc391d99645b9998617118180542a62abd87036fc1,0.02464712610040961,0.042857142891354706,0.02698474233197161,-0.018210016790945097,-0.0023376162315619994,6,28c2715fbc9b16a75dc7e849a907a807c5097918ff49a92fd0b76583533998a8,87c0cf2e0f6e4cf5cf1ed4a0f6eb27af0115a73f61e811e17185afa0d20e738e
4dca2566ec2be9b6,late,60,897e41795fa2ff26e0355378cf8a5167b375d14ef03f185ae2be39fb7c1c6286,0.052995933889067204,0.08571428567779307,0.04823977397031453,-0.03271835178872587,0.004756159918752674,12,28c2715fbc9b16a75dc7e849a907a807c5097918ff49a92fd0b76583533998a8,87c0cf2e0f6e4cf5cf1ed4a0f6eb27af0115a73f61e811e17185afa0d20e738e
42be4c9c478fcf87,mid,60,897e41795fa2ff26e0355378cf8a5167b375d14ef03f185ae2be39fb7c1c6286,0.0247261836382098,0.042857142820650215,0.02487400049620526,-0.018130959182440416,-0.0001478168579954614,6,28c2715fbc9b16a75dc7e849a907a807c5097918ff49a92fd0b76583533998a8,87c0cf2e0f6e4cf5cf1ed4a0f6eb27af0115a73f61e811e17185afa0d20e738e
e9cae6ed68f487bd,late,60,897e41795fa2ff26e0355378cf8a5167b375d14ef03f185ae2be39fb7c1c6286,0.024728529596055867,0.04285714279099995,0.03229761113350781,-0.01812861319494408,-0.007569081537451946,6,28c2715fbc9b16a75dc7e849a907a807c5097918ff49a92fd0b76583533998a8,87c0cf2e0f6e4cf5cf1ed4a0f6eb27af0115a73f61e811e17185afa0d20e738e
8aad5b2f419c6072,late,60,897e41795fa2ff26e0355378cf8a5167b375d14ef03f185ae2be39fb7c1c6286,0.07822317177392028,0.1285714286757747,0.082419728022436,-0.05034825690185442,-0.004196556248515712,18,28c2715fbc9b16a75dc7e849a907a807c5097918ff49a92fd0b76583533998a8,87c0cf2e0f6e4cf5cf1ed4a0f6eb27af0115a73f61e811e17185afa0d20e738e
5fbcbd0c5df88ebb,late,60,897e41795fa2ff26e0355378cf8a5167b375d14ef03f185ae2be39fb7c1c6286,0.05362762530678888,0.08571428560708859,0.06243688802275983,-0.03208666030029971,-0.008809262715970954,12,28c2715fbc9b16a75dc7e849a907a807c5097918ff49a92fd0b76583533998a8,87c0cf2e0f6e4cf5cf1ed4a0f6eb27af0115a73f61e811e17185afa0d20e738e
114b4dce6f7bfe50,late,60,897e41795fa2ff26e0355378cf8a5167b375d14ef03f185ae2be39fb7c1c6286,0.07837861357434785,0.12857142868347238,0.08221105136755354,-0.05019281510912453,-0.0038324377932056897,18,28c2715fbc9b16a75dc7e849a907a807c5097918ff49a92fd0b76583533998a8,87c0cf2e0f6e4cf5cf1ed4a0f6eb27af0115a73f61e811e17185afa0d20e738e
916e555f6c4000ff,late,60,897e41795fa2ff26e0355378cf8a5167b375d14ef03f185ae2be39fb7c1c6286,0.024809740104630128,0.04285714284573891,0.02305795834451436,-0.018047402741108783,0.0017517817601157663,6,28c2715fbc9b16a75dc7e849a907a807c5097918ff49a92fd0b76583533998a8,87c0cf2e0f6e4cf5cf1ed4a0f6eb27af0115a73f61e811e17185afa0d20e738e
6264497eaa048e7d,late,60,897e41795fa2ff26e0355378cf8a5167b375d14ef03f185ae2be39fb7c1c6286,0.04964691262919641,0.08571428572740025,0.05474568757933133,-0.03606737309820384,-0.0050987749501349156,12,28c2715fbc9b16a75dc7e849a907a807c5097918ff49a92fd0b76583533998a8,87c0cf2e0f6e4cf5cf1ed4a0f6eb27af0115a73f61e811e17185afa0d20e738e
cd631ab31fac34e8,late,60,897e41795fa2ff26e0355378cf8a5167b375d14ef03f185ae2be39fb7c1c6286,0.02857142844066328,0.04285714290047787,0.03275661966749471,-0.014285714459814587,-0.004185191226831433,6,28c2715fbc9b16a75dc7e849a907a807c5097918ff49a92fd0b76583533998a8,87c0cf2e0f6e4cf5cf1ed4a0f6eb27af0115a73f61e811e17185afa0d20e738e
2fa902a4bde72d4f,late,60,897e41795fa2ff26e0355378cf8a5167b375d14ef03f185ae2be39fb7c1c6286,0.07828341248854391,0.12857142848418834,0.08266051693399455,-0.05028801599564443,-0.004377104445450641,18,28c2715fbc9b16a75dc7e849a907a807c5097918ff49a92fd0b76583533998a8,87c0cf2e0f6e4cf5cf1ed4a0f6eb27af0115a73f61e811e17185afa0d20e738e
58de86eedc55d29f,late,60,897e41795fa2ff26e0355378cf8a5167b375d14ef03f185ae2be39fb7c1c6286,0.07951382207763222,0.1285714284328706,0.08259082033844589,-0.04905760635523837,-0.0030769982608136737,18,28c2715fbc9b16a75dc7e849a907a807c5097918ff49a92fd0b76583533998a8,87c0cf2e0f6e4cf5cf1ed4a0f6eb27af0115a73f61e811e17185afa0d20e738e
55c6be1343917df6,late,60,897e41795fa2ff26e0355378cf8a5167b375d14ef03f185ae2be39fb7c1c6286,0.07858137052439408,0.12857142853550613,0.0858950280477453,-0.049990058011112046,-0.007313657523351225,18,28c2715fbc9b16a75dc7e849a907a807c5097918ff49a92fd0b76583533998a8,87c0cf2e0f6e4cf5cf1ed4a0f6eb27af0115a73f61e811e17185afa0d20e738e
5c46d4cab0649bd7,late,60,897e41795fa2ff26e0355378cf8a5167b375d14ef03f185ae2be39fb7c1c6286,0.07951382185699274,0.1285714286569582,0.09624491798042514,-0.04905760679996546,-0.016731096123432404,18,28c2715fbc9b16a75dc7e849a907a807c5097918ff49a92fd0b76583533998a8,87c0cf2e0f6e4cf5cf1ed4a0f6eb27af0115a73f61e811e17185afa0d20e738e
30fc470f7401da0c,late,60,897e41795fa2ff26e0355378cf8a5167b375d14ef03f185ae2be39fb7c1c6286,0.02857142883866113,0.0428571427790258,0.02111420377433505,-0.014285713940364674,0.0074572250643260805,6,28c2715fbc9b16a75dc7e849a907a807c5097918ff49a92fd0b76583533998a8,87c0cf2e0f6e4cf5cf1ed4a0f6eb27af0115a73f61e811e17185afa0d20e738e
36b2c85b266010b4,late,60,897e41795fa2ff26e0355378cf8a5167b375d14ef03f185ae2be39fb7c1c6286,0.07678755448485064,0.12857142868090649,0.08521903483801146,-0.051783874196055846,-0.008431480353160825,18,28c2715fbc9b16a75dc7e849a907a807c5097918ff49a92fd0b76583533998a8,87c0cf2e0f6e4cf5cf1ed4a0f6eb27af0115a73f61e811e17185afa0d20e738e
149aab874634a179,late,60,897e41795fa2ff26e0355378cf8a5167b375d14ef03f185ae2be39fb7c1c6286,0.02857142868356741,0.04285714278586817,0.02886637098544016,-0.01428571410230076,-0.00029494230187274845,6,28c2715fbc9b16a75dc7e849a907a807c5097918ff49a92fd0b76583533998a8,87c0cf2e0f6e4cf5cf1ed4a0f6eb27af0115a73f61e811e17185afa0d20e738e
b3a6c7628630359d,late,60,897e41795fa2ff26e0355378cf8a5167b375d14ef03f185ae2be39fb7c1c6286,0.03253668250079265,0.057142857074433444,0.03955846115467456,-0.024606174573640796,-0.007021778653881913,8,28c2715fbc9b16a75dc7e849a907a807c5097918ff49a92fd0b76583533998a8,87c0cf2e0f6e4cf5cf1ed4a0f6eb27af0115a73f61e811e17185afa0d20e738e
6fefd9d7d54089c4,late,60,897e41795fa2ff26e0355378cf8a5167b375d14ef03f185ae2be39fb7c1c6286,0.024583566880651882,0.04285714285714286,0.024790199154189656,-0.018273575976490975,-0.00020663227353777402,6,28c2715fbc9b16a75dc7e849a907a807c5097918ff49a92fd0b76583533998a8,87c0cf2e0f6e4cf5cf1ed4a0f6eb27af0115a73f61e811e17185afa0d20e738e
df88e8a71a960d88,late,60,897e41795fa2ff26e0355378cf8a5167b375d14ef03f185ae2be39fb7c1c6286,0.07510188526612407,0.12857142863985227,0.09164021004078655,-0.053469543373728196,-0.01653832477466248,18,28c2715fbc9b16a75dc7e849a907a807c5097918ff49a92fd0b76583533998a8,87c0cf2e0f6e4cf5cf1ed4a0f6eb27af0115a73f61e811e17185afa0d20e738e
7c1c7ae6205df8bc,late,60,897e41795fa2ff26e0355378cf8a5167b375d14ef03f185ae2be39fb7c1c6286,0.09968450272768917,0.17142857117312296,0.10936000517106055,-0.0717440684454338,-0.009675502443371384,24,28c2715fbc9b16a75dc7e849a907a807c5097918ff49a92fd0b76583533998a8,87c0cf2e0f6e4cf5cf1ed4a0f6eb27af0115a73f61e811e17185afa0d20e738e
0e6caa2b89c5671e,late,60,897e41795fa2ff26e0355378cf8a5167b375d14ef03f185ae2be39fb7c1c6286,0.14671311714705337,0.25714285720614904,0.16592547487826248,-0.11042974005909567,-0.019212357731209107,36,28c2715fbc9b16a75dc7e849a907a807c5097918ff49a92fd0b76583533998a8,87c0cf2e0f6e4cf5cf1ed4a0f6eb27af0115a73f61e811e17185afa0d20e738e
d3e8b63f8afb91f4,late,60,897e41795fa2ff26e0355378cf8a5167b375d14ef03f185ae2be39fb7c1c6286,0.07566692945336272,0.12857142842089644,0.07247995542125196,-0.05290449896753373,0.0031869740321107537,18,28c2715fbc9b16a75dc7e849a907a807c5097918ff49a92fd0b76583533998a8,87c0cf2e0f6e4cf5cf1ed4a0f6eb27af0115a73f61e811e17185afa0d20e738e
9af16211b24685c6,late,60,897e41795fa2ff26e0355378cf8a5167b375d14ef03f185ae2be39fb7c1c6286,0.049468693183713046,0.08571428561050977,0.05275734858852254,-0.03624559242679672,-0.003288655404809493,12,28c2715fbc9b16a75dc7e849a907a807c5097918ff49a92fd0b76583533998a8,87c0cf2e0f6e4cf5cf1ed4a0f6eb27af0115a73f61e811e17185afa0d20e738e
db1e347046310118,late,60,897e41795fa2ff26e0355378cf8a5167b375d14ef03f185ae2be39fb7c1c6286,0.02559361816635593,0.04285714289477589,0.031910941458521705,-0.017263524728419962,-0.006317323292165774,6,28c2715fbc9b16a75dc7e849a907a807c5097918ff49a92fd0b76583533998a8,87c0cf2e0f6e4cf5cf1ed4a0f6eb27af0115a73f61e811e17185afa0d20e738e
56a7dde81d335df3,late,60,897e41795fa2ff26e0355378cf8a5167b375d14ef03f185ae2be39fb7c1c6286,0.07827840133895192,0.1285714282293101,0.09111935450796742,-0.05029302689035817,-0.012840953169015498,18,28c2715fbc9b16a75dc7e849a907a807c5097918ff49a92fd0b76583533998a8,87c0cf2e0f6e4cf5cf1ed4a0f6eb27af0115a73f61e811e17185afa0d20e738e
48c43bbbdab973de,late,60,897e41795fa2ff26e0355378cf8a5167b375d14ef03f185ae2be39fb7c1c6286,0.049838072994764324,0.0857142857633227,0.04953127000653643,-0.035876212768558374,0.00030680298822789026,12,28c2715fbc9b16a75dc7e849a907a807c5097918ff49a92fd0b76583533998a8,87c0cf2e0f6e4cf5cf1ed4a0f6eb27af0115a73f61e811e17185afa0d20e738e
23cf443537af1aae,late,60,897e41795fa2ff26e0355378cf8a5167b375d14ef03f185ae2be39fb7c1c6286,0.02478346553495776,0.04285714286170444,0.023985675405602973,-0.018073677326746678,0.0007977901293547869,6,28c2715fbc9b16a75dc7e849a907a807c5097918ff49a92fd0b76583533998a8,87c0cf2e0f6e4cf5cf1ed4a0f6eb27af0115a73f61e811e17185afa0d20e738e
0aaa7c8b0c525308,late,60,897e41795fa2ff26e0355378cf8a5167b375d14ef03f185ae2be39fb7c1c6286,0.06392087304972989,0.11428571431916587,0.07430565548308625,-0.05036484126943598,-0.01038478243335636,16,28c2715fbc9b16a75dc7e849a907a807c5097918ff49a92fd0b76583533998a8,87c0cf2e0f6e4cf5cf1ed4a0f6eb27af0115a73f61e811e17185afa0d20e738e
d83a5c8ba6bc761e,late,60,897e41795fa2ff26e0355378cf8a5167b375d14ef03f185ae2be39fb7c1c6286,0.06391545428767038,0.11428571420968796,0.08820292938487144,-0.050370259922017574,-0.024287475097201056,16,28c2715fbc9b16a75dc7e849a907a807c5097918ff49a92fd0b76583533998a8,87c0cf2e0f6e4cf5cf1ed4a0f6eb27af0115a73f61e811e17185afa0d20e738e
f1046a806aadfbe0,late,60,897e41795fa2ff26e0355378cf8a5167b375d14ef03f185ae2be39fb7c1c6286,0.06391545427746595,0.11428571419144164,0.06881567973821062,-0.05037025991397569,-0.004900225460744673,16,28c2715fbc9b16a75dc7e849a907a807c5097918ff49a92fd0b76583533998a8,87c0cf2e0f6e4cf5cf1ed4a0f6eb27af0115a73f61e811e17185afa0d20e738e
6fc2092861b32642,late,60,897e41795fa2ff26e0355378cf8a5167b375d14ef03f185ae2be39fb7c1c6286,0.06416158317719378,0.11428571434729562,0.07872953365940795,-0.05012413117010184,-0.014567950482214168,16,28c2715fbc9b16a75dc7e849a907a807c5097918ff49a92fd0b76583533998a8,87c0cf2e0f6e4cf5cf1ed4a0f6eb27af0115a73f61e811e17185afa0d20e738e
776d096fbd7a62b8,late,60,897e41795fa2ff26e0355378cf8a5167b375d14ef03f185ae2be39fb7c1c6286,0.02166013096955324,0.042857142895916286,0.021227015680546166,-0.021197011926363047,0.000433115289007073,6,28c2715fbc9b16a75dc7e849a907a807c5097918ff49a92fd0b76583533998a8,87c0cf2e0f6e4cf5cf1ed4a0f6eb27af0115a73f61e811e17185afa0d20e738e
460752ddf653e004,late,60,897e41795fa2ff26e0355378cf8a5167b375d14ef03f185ae2be39fb7c1c6286,0.0741087201164367,0.1285714284294494,0.0895338912171004,-0.05446270831301271,-0.015425171100663701,18,28c2715fbc9b16a75dc7e849a907a807c5097918ff49a92fd0b76583533998a8,87c0cf2e0f6e4cf5cf1ed4a0f6eb27af0115a73f61e811e17185afa0d20e738e
30bcc4667ee54d7c,mid,60,897e41795fa2ff26e0355378cf8a5167b375d14ef03f185ae2be39fb7c1c6286,0.02109549875377362,0.04285714284916009,0.028758516583024668,-0.02176164409538647,-0.0076630178292510474,6,28c2715fbc9b16a75dc7e849a907a807c5097918ff49a92fd0b76583533998a8,87c0cf2e0f6e4cf5cf1ed4a0f6eb27af0115a73f61e811e17185afa0d20e738e
7d4b1fee8b0f3782,late,60,897e41795fa2ff26e0355378cf8a5167b375d14ef03f185ae2be39fb7c1c6286,0.02452347712506428,0.04285714281380785,0.03197975006446161,-0.018333665688743568,-0.007456272939397331,6,28c2715fbc9b16a75dc7e849a907a807c5097918ff49a92fd0b76583533998a8,87c0cf2e0f6e4cf5cf1ed4a0f6eb27af0115a73f61e811e17185afa0d20e738e
8997c4eba59e8594,mid,60,897e41795fa2ff26e0355378cf8a5167b375d14ef03f185ae2be39fb7c1c6286,0.02468779433249233,0.04285714286170444,0.02589362695024414,-0.018169348529212107,-0.0012058326177518085,6,28c2715fbc9b16a75dc7e849a907a807c5097918ff49a92fd0b76583533998a8,87c0cf2e0f6e4cf5cf1ed4a0f6eb27af0115a73f61e811e17185afa0d20e738e
bac2b3a89002d2a2,late,60,897e41795fa2ff26e0355378cf8a5167b375d14ef03f185ae2be39fb7c1c6286,0.10539506952662081,0.17142857159278832,0.11143570882964575,-0.06603350206616751,-0.006040639303024939,24,28c2715fbc9b16a75dc7e849a907a807c5097918ff49a92fd0b76583533998a8,87c0cf2e0f6e4cf5cf1ed4a0f6eb27af0115a73f61e811e17185afa0d20e738e
44564f38d84c578b,late,60,897e41795fa2ff26e0355378cf8a5167b375d14ef03f185ae2be39fb7c1c6286,0.05329042692621533,0.08571428577130547,0.05519388162078195,-0.03242385884509014,-0.0019034546945666184,12,28c2715fbc9b16a75dc7e849a907a807c5097918ff49a92fd0b76583533998a8,87c0cf2e0f6e4cf5cf1ed4a0f6eb27af0115a73f61e811e17185afa0d20e738e
60ac7ed07a88c8b5,late,60,897e41795fa2ff26e0355378cf8a5167b375d14ef03f185ae2be39fb7c1c6286,0.04906665728830157,0.08571428558884227,0.05190760166371193,-0.0366476283005407,-0.0028409443754103605,12,28c2715fbc9b16a75dc7e849a907a807c5097918ff49a92fd0b76583533998a8,87c0cf2e0f6e4cf5cf1ed4a0f6eb27af0115a73f61e811e17185afa0d20e738e
624b9c4f6e51f9fa,late,60,897e41795fa2ff26e0355378cf8a5167b375d14ef03f185ae2be39fb7c1c6286,0.10046519373956316,0.17142857147874882,0.10501952898170307,-0.07096337773918567,-0.004554335242139912,24,28c2715fbc9b16a75dc7e849a907a807c5097918ff49a92fd0b76583533998a8,87c0cf2e0f6e4cf5cf1ed4a0f6eb27af0115a73f61e811e17185afa0d20e738e
3b961a569be80755,late,60,897e41795fa2ff26e0355378cf8a5167b375d14ef03f185ae2be39fb7c1c6286,0.024650103781534496,0.04285714280468469,0.02765058009560814,-0.01820703902315019,-0.003000476314073644,6,28c2715fbc9b16a75dc7e849a907a807c5097918ff49a92fd0b76583533998a8,87c0cf2e0f6e4cf5cf1ed4a0f6eb27af0115a73f61e811e17185afa0d20e738e
5fb8d2642e68cf72,late,60,897e41795fa2ff26e0355378cf8a5167b375d14ef03f185ae2be39fb7c1c6286,0.10012421291474559,0.171428571704547,0.0992679622824094,-0.07130435878980142,0.0008562506323361863,24,28c2715fbc9b16a75dc7e849a907a807c5097918ff49a92fd0b76583533998a8,87c0cf2e0f6e4cf5cf1ed4a0f6eb27af0115a73f61e811e17185afa0d20e738e
499e4e4687fe7f82,late,60,897e41795fa2ff26e0355378cf8a5167b375d14ef03f185ae2be39fb7c1c6286,0.0247285295395474,0.04285714278529797,0.022516646065388706,-0.018128613245750574,0.0022118834741586928,6,28c2715fbc9b16a75dc7e849a907a807c5097918ff49a92fd0b76583533998a8,87c0cf2e0f6e4cf5cf1ed4a0f6eb27af0115a73f61e811e17185afa0d20e738e
18ee6c5df8159acb,late,60,897e41795fa2ff26e0355378cf8a5167b375d14ef03f185ae2be39fb7c1c6286,0.04982290159713154,0.08571428586652845,0.05729355689202954,-0.035891384269396906,-0.0074706552948980015,12,28c2715fbc9b16a75dc7e849a907a807c5097918ff49a92fd0b76583533998a8,87c0cf2e0f6e4cf5cf1ed4a0f6eb27af0115a73f61e811e17185afa0d20e738e
6f26e2f61472d2ba,late,60,897e41795fa2ff26e0355378cf8a5167b375d14ef03f185ae2be39fb7c1c6286,0.02478346563262301,0.04285714275450731,0.02385614976959959,-0.0180736771218843,0.0009273158630234216,6,28c2715fbc9b16a75dc7e849a907a807c5097918ff49a92fd0b76583533998a8,87c0cf2e0f6e4cf5cf1ed4a0f6eb27af0115a73f61e811e17185afa0d20e738e
a1b85cd1b385605f,late,60,897e41795fa2ff26e0355378cf8a5167b375d14ef03f185ae2be39fb7c1c6286,0.09874013683297206,0.17142857142286946,0.13309640149542343,-0.0726884345898974,-0.03435626466245137,24,28c2715fbc9b16a75dc7e849a907a807c5097918ff49a92fd0b76583533998a8,87c0cf2e0f6e4cf5cf1ed4a0f6eb27af0115a73f61e811e17185afa0d20e738e
c6d589ffd6239ce1,mid,60,897e41795fa2ff26e0355378cf8a5167b375d14ef03f185ae2be39fb7c1c6286,0.024439193302393847,0.04285714275336691,0.04017899303414225,-0.018417949450973064,-0.0157397997317484,6,28c2715fbc9b16a75dc7e849a907a807c5097918ff49a92fd0b76583533998a8,87c0cf2e0f6e4cf5cf1ed4a0f6eb27af0115a73f61e811e17185afa0d20e738e
adac1ce9ac05888c,late,60,897e41795fa2ff26e0355378cf8a5167b375d14ef03f185ae2be39fb7c1c6286,0.053339804340673716,0.08571428555006884,0.060494634606060874,-0.03237448120939512,-0.007154830265387158,12,28c2715fbc9b16a75dc7e849a907a807c5097918ff49a92fd0b76583533998a8,87c0cf2e0f6e4cf5cf1ed4a0f6eb27af0115a73f61e811e17185afa0d20e738e
30a0e035ac98894a,late,60,897e41795fa2ff26e0355378cf8a5167b375d14ef03f185ae2be39fb7c1c6286,0.053110895095340054,0.08571428563217727,0.051485779140317864,-0.032603390536837216,0.0016251159550221897,12,28c2715fbc9b16a75dc7e849a907a807c5097918ff49a92fd0b76583533998a8,87c0cf2e0f6e4cf5cf1ed4a0f6eb27af0115a73f61e811e17185afa0d20e738e
298e329d46985be6,late,60,897e41795fa2ff26e0355378cf8a5167b375d14ef03f185ae2be39fb7c1c6286,0.053339804478335855,0.08571428560024622,0.04617985443587301,-0.03237448112191036,0.007159950042462844,12,28c2715fbc9b16a75dc7e849a907a807c5097918ff49a92fd0b76583533998a8,87c0cf2e0f6e4cf5cf1ed4a0f6eb27af0115a73f61e811e17185afa0d20e738e
db46035c8bb13484,late,60,897e41795fa2ff26e0355378cf8a5167b375d14ef03f185ae2be39fb7c1c6286,0.05311089503033104,0.08571428552726093,0.051816685171825326,-0.03260339049692989,0.0012942098585057155,12,28c2715fbc9b16a75dc7e849a907a807c5097918ff49a92fd0b76583533998a8,87c0cf2e0f6e4cf5cf1ed4a0f6eb27af0115a73f61e811e17185afa0d20e738e
868e275bc02ed9aa,late,60,897e41795fa2ff26e0355378cf8a5167b375d14ef03f185ae2be39fb7c1c6286,0.049638933104428455,0.08571428553296291,0.048671786650232786,-0.036075352428534456,0.0009671464541956692,12,28c2715fbc9b16a75dc7e849a907a807c5097918ff49a92fd0b76583533998a8,87c0cf2e0f6e4cf5cf1ed4a0f6eb27af0115a73f61e811e17185afa0d20e738e
33ddae0fd74c1095,late,60,897e41795fa2ff26e0355378cf8a5167b375d14ef03f185ae2be39fb7c1c6286,0.05301062176834688,0.0857142855341033,0.054850860995554016,-0.032703663765756424,-0.0018402392272071355,12,28c2715fbc9b16a75dc7e849a907a807c5097918ff49a92fd0b76583533998a8,87c0cf2e0f6e4cf5cf1ed4a0f6eb27af0115a73f61e811e17185afa0d20e738e
461699d7bb412c04,late,60,897e41795fa2ff26e0355378cf8a5167b375d14ef03f185ae2be39fb7c1c6286,0.05333980439957593,0.08571428564472162,0.05811645171012858,-0.03237448124514569,-0.004776647310552648,12,28c2715fbc9b16a75dc7e849a907a807c5097918ff49a92fd0b76583533998a8,87c0cf2e0f6e4cf5cf1ed4a0f6eb27af0115a73f61e811e17185afa0d20e738e
071ab07e1e38a628,late,60,897e41795fa2ff26e0355378cf8a5167b375d14ef03f185ae2be39fb7c1c6286,0.05311089548716977,0.08571428557743832,0.05436567623535595,-0.03260339009026855,-0.0012547807481861836,12,28c2715fbc9b16a75dc7e849a907a807c5097918ff49a92fd0b76583533998a8,87c0cf2e0f6e4cf5cf1ed4a0f6eb27af0115a73f61e811e17185afa0d20e738e
42accf704c38cba0,late,60,897e41795fa2ff26e0355378cf8a5167b375d14ef03f185ae2be39fb7c1c6286,0.05333980446060068,0.08571428565726597,0.050731787850061306,-0.032374481196665285,0.0026080166105393737,12,28c2715fbc9b16a75dc7e849a907a807c5097918ff49a92fd0b76583533998a8,87c0cf2e0f6e4cf5cf1ed4a0f6eb27af0115a73f61e811e17185afa0d20e738e
c10ec77ff32ffa91,late,60,897e41795fa2ff26e0355378cf8a5167b375d14ef03f185ae2be39fb7c1c6286,0.028571428615523843,0.04285714284345812,0.019887376570311813,-0.014285714227934274,0.00868405204521203,6,28c2715fbc9b16a75dc7e849a907a807c5097918ff49a92fd0b76583533998a8,87c0cf2e0f6e4cf5cf1ed4a0f6eb27af0115a73f61e811e17185afa0d20e738e
54793d67d9944eb8,late,60,897e41795fa2ff26e0355378cf8a5167b375d14ef03f185ae2be39fb7c1c6286,0.053339804344228504,0.08571428564130043,0.05662077117679735,-0.032374481297071926,-0.0032809668325688435,12,28c2715fbc9b16a75dc7e849a907a807c5097918ff49a92fd0b76583533998a8,87c0cf2e0f6e4cf5cf1ed4a0f6eb27af0115a73f61e811e17185afa0d20e738e
8f08729d2995a817,late,60,897e41795fa2ff26e0355378cf8a5167b375d14ef03f185ae2be39fb7c1c6286,0.024720842239427297,0.042857142778455606,0.02367997723940445,-0.01813630053902831,0.0010408650000228482,6,28c2715fbc9b16a75dc7e849a907a807c5097918ff49a92fd0b76583533998a8,87c0cf2e0f6e4cf5cf1ed4a0f6eb27af0115a73f61e811e17185afa0d20e738e
07e3a9d289c6178d,late,60,897e41795fa2ff26e0355378cf8a5167b375d14ef03f185ae2be39fb7c1c6286,0.10017569959535454,0.171428571161719,0.11347558544580634,-0.07125287156636446,-0.013299885850451804,24,28c2715fbc9b16a75dc7e849a907a807c5097918ff49a92fd0b76583533998a8,87c0cf2e0f6e4cf5cf1ed4a0f6eb27af0115a73f61e811e17185afa0d20e738e
7102b379fd198e9c,late,60,897e41795fa2ff26e0355378cf8a5167b375d14ef03f185ae2be39fb7c1c6286,0.07451951389597897,0.12857142862189105,0.07606867209534594,-0.05405191472591209,-0.0015491581993669762,18,28c2715fbc9b16a75dc7e849a907a807c5097918ff49a92fd0b76583533998a8,87c0cf2e0f6e4cf5cf1ed4a0f6eb27af0115a73f61e811e17185afa0d20e738e
d722ebf1d24090c6,late,60,897e41795fa2ff26e0355378cf8a5167b375d14ef03f185ae2be39fb7c1c6286,0.04926575731269024,0.08571428581235968,0.049154367886314373,-0.03644852849966944,0.00011138942637586857,12,28c2715fbc9b16a75dc7e849a907a807c5097918ff49a92fd0b76583533998a8,87c0cf2e0f6e4cf5cf1ed4a0f6eb27af0115a73f61e811e17185afa0d20e738e
8ce9f2f52718d991,late,60,897e41795fa2ff26e0355378cf8a5167b375d14ef03f185ae2be39fb7c1c6286,0.049694198950754484,0.08571428570630295,0.05350948151234848,-0.036020086755548464,-0.0038152825615939967,12,28c2715fbc9b16a75dc7e849a907a807c5097918ff49a92fd0b76583533998a8,87c0cf2e0f6e4cf5cf1ed4a0f6eb27af0115a73f61e811e17185afa0d20e738e
bf37710c7cf719ac,late,60,897e41795fa2ff26e0355378cf8a5167b375d14ef03f185ae2be39fb7c1c6286,0.02478251337298197,0.042857142808105875,0.021599079750245158,-0.018074629435123904,0.003183433622736813,6,28c2715fbc9b16a75dc7e849a907a807c5097918ff49a92fd0b76583533998a8,87c0cf2e0f6e4cf5cf1ed4a0f6eb27af0115a73f61e811e17185afa0d20e738e
2180a713bbe5e4f3,late,60,897e41795fa2ff26e0355378cf8a5167b375d14ef03f185ae2be39fb7c1c6286,0.04952465185993163,0.08571428574821247,0.0565873709332128,-0.03618963388828084,-0.007062719073281168,12,28c2715fbc9b16a75dc7e849a907a807c5097918ff49a92fd0b76583533998a8,87c0cf2e0f6e4cf5cf1ed4a0f6eb27af0115a73f61e811e17185afa0d20e738e
e935be4a08f19bb3,late,60,897e41795fa2ff26e0355378cf8a5167b375d14ef03f185ae2be39fb7c1c6286,0.0824307942327169,0.12857142846195066,0.0837080815360307,-0.04614063422923376,-0.0012772873033137927,18,28c2715fbc9b16a75dc7e849a907a807c5097918ff49a92fd0b76583533998a8,87c0cf2e0f6e4cf5cf1ed4a0f6eb27af0115a73f61e811e17185afa0d20e738e
e70a019fe84490e1,late,60,897e41795fa2ff26e0355378cf8a5167b375d14ef03f185ae2be39fb7c1c6286,0.0285714285501412,0.042857142825211796,0.028058379654755692,-0.014285714275070596,0.0005130488953855074,6,28c2715fbc9b16a75dc7e849a907a807c5097918ff49a92fd0b76583533998a8,87c0cf2e0f6e4cf5cf1ed4a0f6eb27af0115a73f61e811e17185afa0d20e738e
9e3b391509c72b22,mid,60,897e41795fa2ff26e0355378cf8a5167b375d14ef03f185ae2be39fb7c1c6286,0.0250210735141735,0.04285714281038666,0.02827190759035231,-0.01783606929621316,-0.003250834076178811,6,28c2715fbc9b16a75dc7e849a907a807c5097918ff49a92fd0b76583533998a8,87c0cf2e0f6e4cf5cf1ed4a0f6eb27af0115a73f61e811e17185afa0d20e738e
85bae8f3c9ae0365,mid,60,897e41795fa2ff26e0355378cf8a5167b375d14ef03f185ae2be39fb7c1c6286,0.02443919333946139,0.04285714281836943,0.021664414960981742,-0.018417949478908038,0.002774778378479649,6,28c2715fbc9b16a75dc7e849a907a807c5097918ff49a92fd0b76583533998a8,87c0cf2e0f6e4cf5cf1ed4a0f6eb27af0115a73f61e811e17185afa0d20e738e
c3f583a297ecfc3c,mid,60,897e41795fa2ff26e0355378cf8a5167b375d14ef03f185ae2be39fb7c1c6286,0.024991128482591416,0.04285714284916009,0.028669094342188013,-0.017866014366568674,-0.003677965859596597,6,28c2715fbc9b16a75dc7e849a907a807c5097918ff49a92fd0b76583533998a8,87c0cf2e0f6e4cf5cf1ed4a0f6eb27af0115a73f61e811e17185afa0d20e738e
0a43f69ab365b4d3,mid,60,897e41795fa2ff26e0355378cf8a5167b375d14ef03f185ae2be39fb7c1c6286,0.025021073662555206,0.042857142882231546,0.028989206111797332,-0.01783606921967634,-0.003968132449242125,6,28c2715fbc9b16a75dc7e849a907a807c5097918ff49a92fd0b76583533998a8,87c0cf2e0f6e4cf5cf1ed4a0f6eb27af0115a73f61e811e17185afa0d20e738e
acf4b5c3199cdd7c,mid,60,897e41795fa2ff26e0355378cf8a5167b375d14ef03f185ae2be39fb7c1c6286,0.053010621604843135,0.08571428561393095,0.04869751078362203,-0.032703664009087814,0.004313110821221107,12,28c2715fbc9b16a75dc7e849a907a807c5097918ff49a92fd0b76583533998a8,87c0cf2e0f6e4cf5cf1ed4a0f6eb27af0115a73f61e811e17185afa0d20e738e
ffb26c129585a7ef,mid,60,897e41795fa2ff26e0355378cf8a5167b375d14ef03f185ae2be39fb7c1c6286,0.02530742900861818,0.04285714278757876,0.02503113822407756,-0.01754971377896058,0.00027629078454061845,6,28c2715fbc9b16a75dc7e849a907a807c5097918ff49a92fd0b76583533998a8,87c0cf2e0f6e4cf5cf1ed4a0f6eb27af0115a73f61e811e17185afa0d20e738e
7ffa0a410b2e3d2a,mid,60,897e41795fa2ff26e0355378cf8a5167b375d14ef03f185ae2be39fb7c1c6286,0.05012249154452859,0.08571428581920205,0.06386687406838676,-0.03559179427467347,-0.013744382523858172,12,28c2715fbc9b16a75dc7e849a907a807c5097918ff49a92fd0b76583533998a8,87c0cf2e0f6e4cf5cf1ed4a0f6eb27af0115a73f61e811e17185afa0d20e738e
afa1bb89512b7e7a,mid,60,897e41795fa2ff26e0355378cf8a5167b375d14ef03f185ae2be39fb7c1c6286,0.024439193342712932,0.0428571428240714,0.03204984545363258,-0.01841794948135847,-0.007610652110919651,6,28c2715fbc9b16a75dc7e849a907a807c5097918ff49a92fd0b76583533998a8,87c0cf2e0f6e4cf5cf1ed4a0f6eb27af0115a73f61e811e17185afa0d20e738e
bb9c5a54bd21082d,mid,60,897e41795fa2ff26e0355378cf8a5167b375d14ef03f185ae2be39fb7c1c6286,0.02453946668253091,0.042857142859423644,0.024190882222151697,-0.018317676176892735,0.0003485844603792129,6,28c2715fbc9b16a75dc7e849a907a807c5097918ff49a92fd0b76583533998a8,87c0cf2e0f6e4cf5cf1ed4a0f6eb27af0115a73f61e811e17185afa0d20e738e
057097684e7e5a87,mid,60,897e41795fa2ff26e0355378cf8a5167b375d14ef03f185ae2be39fb7c1c6286,0.021428748124602284,0.04285714287881036,0.028842113181629356,-0.021428394754208074,-0.007413365057027072,6,28c2715fbc9b16a75dc7e849a907a807c5097918ff49a92fd0b76583533998a8,87c0cf2e0f6e4cf5cf1ed4a0f6eb27af0115a73f61e811e17185afa0d20e738e
72331df48a7d2dac,mid,60,897e41795fa2ff26e0355378cf8a5167b375d14ef03f185ae2be39fb7c1c6286,0.02454292873585493,0.04285714291986458,0.03000640713876785,-0.01831421418400965,-0.005463478402912919,6,28c2715fbc9b16a75dc7e849a907a807c5097918ff49a92fd0b76583533998a8,87c0cf2e0f6e4cf5cf1ed4a0f6eb27af0115a73f61e811e17185afa0d20e738e
61874ccf7e96711e,mid,60,897e41795fa2ff26e0355378cf8a5167b375d14ef03f185ae2be39fb7c1c6286,0.02137972871148067,0.04285714283661575,0.028454403938135416,-0.02147741412513508,-0.007074675226654746,6,28c2715fbc9b16a75dc7e849a907a807c5097918ff49a92fd0b76583533998a8,87c0cf2e0f6e4cf5cf1ed4a0f6eb27af0115a73f61e811e17185afa0d20e738e
4b8d3d7dd8c4e0ae,mid,60,897e41795fa2ff26e0355378cf8a5167b375d14ef03f185ae2be39fb7c1c6286,0.050052559174931885,0.08571428582604443,0.05030921645635876,-0.035661726651112544,-0.00025665728142687527,12,28c2715fbc9b16a75dc7e849a907a807c5097918ff49a92fd0b76583533998a8,87c0cf2e0f6e4cf5cf1ed4a0f6eb27af0115a73f61e811e17185afa0d20e738e
d5f8df6e4fc6622d,mid,60,897e41795fa2ff26e0355378cf8a5167b375d14ef03f185ae2be39fb7c1c6286,0.02473409659699833,0.04285714284916009,0.031215295881604852,-0.01812304625216176,-0.006481199284606522,6,28c2715fbc9b16a75dc7e849a907a807c5097918ff49a92fd0b76583533998a8,87c0cf2e0f6e4cf5cf1ed4a0f6eb27af0115a73f61e811e17185afa0d20e738e
e0cdbab80d258594,mid,60,897e41795fa2ff26e0355378cf8a5167b375d14ef03f185ae2be39fb7c1c6286,0.024647342455732905,0.04285714283775614,0.025023677933817396,-0.018209800382023238,-0.0003763354780844906,6,28c2715fbc9b16a75dc7e849a907a807c5097918ff49a92fd0b76583533998a8,87c0cf2e0f6e4cf5cf1ed4a0f6eb27af0115a73f61e811e17185afa0d20e738e
4456aeaef4126487,mid,60,897e41795fa2ff26e0355378cf8a5167b375d14ef03f185ae2be39fb7c1c6286,0.024539466660982705,0.042857142821790616,0.02505340488955763,-0.01831767616080791,-0.0005139382285749249,6,28c2715fbc9b16a75dc7e849a907a807c5097918ff49a92fd0b76583533998a8,87c0cf2e0f6e4cf5cf1ed4a0f6eb27af0115a73f61e811e17185afa0d20e738e
