state_id,phase,proof_id,proof_action,proof_concepts,semantic_type,target_domain,iteration,checkpoint_sha256,attention_mass,structural_mass,matched_random_mass,excess_over_structural,excess_over_random,auprc,rank_percentile,top_k_recall,target_count,node_attention_convention,target_lineage_sha256,base_kg_manifest_sha256,evidence_manifest_sha256
4dca2566ec2be9b6,late,proof:4dca2566ec2be9b6:2c9daa79abf6399e87928c04,23,mandatory_block,WinningThreat,edge,60,897e41795fa2ff26e0355378cf8a5167b375d14ef03f185ae2be39fb7c1c6286,0.024424505383021277,0.025,0.028482671525576212,-0.0005754946169787244,-0.004058166142554935,0.02570961176332952,0.38127853881278534,0.0,6,incoming_final_layer_mean_head_attention_mass,4cb45a428abbbed2aa80decdd26c68f7c85c2e05a561445f1f12745dd00336c0,28c2715fbc9b16a75dc7e849a907a807c5097918ff49a92fd0b76583533998a8,87c0cf2e0f6e4cf5cf1ed4a0f6eb27af0115a73f61e811e17185afa0d20e738e
4dca2566ec2be9b6,late,proof:4dca2566ec2be9b6:2c9daa79abf6399e87928c04,23,mandatory_block,TacticalLineWindow,edge,60,897e41795fa2ff26e0355378cf8a5167b375d14ef03f185ae2be39fb7c1c6286,0.024424505383021277,0.025,0.02751151511072622,-0.0005754946169787244,-0.003087009727704943,0.02570961176332952,0.38127853881278534,0.0,6,incoming_final_layer_mean_head_attention_mass,4cb45a428abbbed2aa80decdd26c68f7c85c2e05a561445f1f12745dd00336c0,28c2715fbc9b16a75dc7e849a907a807c5097918ff49a92fd0b76583533998a8,87c0cf2e0f6e4cf5cf1ed4a0f6eb27af0115a73f61e811e17185afa0d20e738e
4dca2566ec2be9b6,late,proof:4dca2566ec2be9b6:2c9daa79abf6399e87928c04,23,mandatory_block,CompletionCell,node,60,897e41795fa2ff26e0355378cf8a5167b375d14ef03f185ae2be39fb7c1c6286,0.028571428506045927,0.02857142857142857,0.027901785740657346,-6.538264374356118e-11,0.0006696427653885804,0.043478260869565216,0.37142857142857144,0.0,1,incoming_final_layer_mean_head_attention_mass,4cb45a428abbbed2aa80decdd26c68f7c85c2e05a561445f1f12745dd00336c0,28c2715fbc9b16a75dc7e849a907a807c5097918ff49a92fd0b76583533998a8,87c0cf2e0f6e4cf5cf1ed4a0f6eb27af0115a73f61e811e17185afa0d20e738e
4dca2566ec2be9b6,late,proof:4dca2566ec2be9b6:2c9daa79abf6399e87928c04,23,mandatory_block,ForcedResponse,node,60,897e41795fa2ff26e0355378cf8a5167b375d14ef03f185ae2be39fb7c1c6286,0.028571428506045927,0.02857142857142857,0.027901785705732752,-6.538264374356118e-11,0.0006696428003131749,0.043478260869565216,0.37142857142857144,0.0,1,incoming_final_layer_mean_head_attention_mass,4cb45a428abbbed2aa80decdd26c68f7c85c2e05a561445f1f12745dd00336c0,28c2715fbc9b16a75dc7e849a907a807c5097918ff49a92fd0b76583533998a8,87c0cf2e0f6e4cf5cf1ed4a0f6eb27af0115a73f61e811e17185afa0d20e738e
4dca2566ec2be9b6,late,proof:4dca2566ec2be9b6:2c9daa79abf6399e87928c04,23,mandatory_block,BlockingMove,node,60,897e41795fa2ff26e0355378cf8a5167b375d14ef03f185ae2be39fb7c1c6286,0.028571428506045927,0.02857142857142857,0.02790178576892964,-6.538264374356118e-11,0.0006696427371162862,0.043478260869565216,0.37142857142857144,0.0,1,incoming_final_layer_mean_head_attention_mass,4cb45a428abbbed2aa80decdd26c68f7c85c2e05a561445f1f12745dd00336c0,28c2715fbc9b16a75dc7e849a907a807c5097918ff49a92fd0b76583533998a8,87c0cf2e0f6e4cf5cf1ed4a0f6eb27af0115a73f61e811e17185afa0d20e738e
4dca2566ec2be9b6,late,proof:4dca2566ec2be9b6:2c9daa79abf6399e87928c04,23,mandatory_block,ProofSupportedGeometry,edge,60,897e41795fa2ff26e0355378cf8a5167b375d14ef03f185ae2be39fb7c1c6286,0.024424505383021277,0.025,0.02577309494605635,-0.0005754946169787244,-0.0013485895630350742,0.02570961176332952,0.38127853881278534,0.0,6,incoming_final_layer_mean_head_attention_mass,4cb45a428abbbed2aa80decdd26c68f7c85c2e05a561445f1f12745dd00336c0,28c2715fbc9b16a75dc7e849a907a807c5097918ff49a92fd0b76583533998a8,87c0cf2e0f6e4cf5cf1ed4a0f6eb27af0115a73f61e811e17185afa0d20e738e
4dca2566ec2be9b6,late,proof:4dca2566ec2be9b6:7b8535d6ff619255965a172c,23,immediate_win|winning_line,WinningThreat,edge,60,897e41795fa2ff26e0355378cf8a5167b375d14ef03f185ae2be39fb7c1c6286,0.052995933889067204,0.05357142857142857,0.05554069423945218,-0.0005754946823613646,-0.002544760350384978,0.07378740268223438,0.4703196347031964,0.08333333333333333,12,incoming_final_layer_mean_head_attention_mass,c9f81d8b9fe437cfd185ccc9129be38a30b11d1471d3c2857a09e783a1a6a0c6,28c2715fbc9b16a75dc7e849a907a807c5097918ff49a92fd0b76583533998a8,87c0cf2e0f6e4cf5cf1ed4a0f6eb27af0115a73f61e811e17185afa0d20e738e
4dca2566ec2be9b6,late,proof:4dca2566ec2be9b6:7b8535d6ff619255965a172c,23,immediate_win|winning_line,TacticalLineWindow,edge,60,897e41795fa2ff26e0355378cf8a5167b375d14ef03f185ae2be39fb7c1c6286,0.028571428506045927,0.02857142857142857,0.027041474813058877,-6.538264374356118e-11,0.0015299536929870503,0.07553596218257776,0.5593607305936074,0.16666666666666666,6,incoming_final_layer_mean_head_attention_mass,c9f81d8b9fe437cfd185ccc9129be38a30b11d1471d3c2857a09e783a1a6a0c6,28c2715fbc9b16a75dc7e849a907a807c5097918ff49a92fd0b76583533998a8,87c0cf2e0f6e4cf5cf1ed4a0f6eb27af0115a73f61e811e17185afa0d20e738e
4dca2566ec2be9b6,late,proof:4dca2566ec2be9b6:7b8535d6ff619255965a172c,23,immediate_win|winning_line,CompletionCell,node,60,897e41795fa2ff26e0355378cf8a5167b375d14ef03f185ae2be39fb7c1c6286,0.028571428506045927,0.02857142857142857,0.02745535704967737,-6.538264374356118e-11,0.0011160714563685573,0.043478260869565216,0.37142857142857144,0.0,1,incoming_final_layer_mean_head_attention_mass,c9f81d8b9fe437cfd185ccc9129be38a30b11d1471d3c2857a09e783a1a6a0c6,28c2715fbc9b16a75dc7e849a907a807c5097918ff49a92fd0b76583533998a8,87c0cf2e0f6e4cf5cf1ed4a0f6eb27af0115a73f61e811e17185afa0d20e738e
4dca2566ec2be9b6,late,proof:4dca2566ec2be9b6:7b8535d6ff619255965a172c,23,immediate_win|winning_line,ForcedResponse,node,60,897e41795fa2ff26e0355378cf8a5167b375d14ef03f185ae2be39fb7c1c6286,0.028571428506045927,0.02857142857142857,0.027678571435081182,-6.538264374356118e-11,0.0008928570709647449,0.043478260869565216,0.37142857142857144,0.0,1,incoming_final_layer_mean_head_attention_mass,c9f81d8b9fe437cfd185ccc9129be38a30b11d1471d3c2857a09e783a1a6a0c6,28c2715fbc9b16a75dc7e849a907a807c5097918ff49a92fd0b76583533998a8,87c0cf2e0f6e4cf5cf1ed4a0f6eb27af0115a73f61e811e17185afa0d20e738e
4dca2566ec2be9b6,late,proof:4dca2566ec2be9b6:7b8535d6ff619255965a172c,23,immediate_win|winning_line,BlockingMove,node,60,897e41795fa2ff26e0355378cf8a5167b375d14ef03f185ae2be39fb7c1c6286,0.028571428506045927,0.02857142857142857,0.027678571416787347,-6.538264374356118e-11,0.0008928570892585801,0.043478260869565216,0.37142857142857144,0.0,1,incoming_final_layer_mean_head_attention_mass,c9f81d8b9fe437cfd185ccc9129be38a30b11d1471d3c2857a09e783a1a6a0c6,28c2715fbc9b16a75dc7e849a907a807c5097918ff49a92fd0b76583533998a8,87c0cf2e0f6e4cf5cf1ed4a0f6eb27af0115a73f61e811e17185afa0d20e738e
4dca2566ec2be9b6,late,proof:4dca2566ec2be9b6:7b8535d6ff619255965a172c,23,immediate_win|winning_line,ProofSupportedGeometry,edge,60,897e41795fa2ff26e0355378cf8a5167b375d14ef03f185ae2be39fb7c1c6286,0.028571428506045927,0.02857142857142857,0.027724809144527865,-6.538264374356118e-11,0.0008466193615180619,0.07553596218257776,0.5593607305936074,0.16666666666666666,6,incoming_final_layer_mean_head_attention_mass,c9f81d8b9fe437cfd185ccc9129be38a30b11d1471d3c2857a09e783a1a6a0c6,28c2715fbc9b16a75dc7e849a907a807c5097918ff49a92fd0b76583533998a8,87c0cf2e0f6e4cf5cf1ed4a0f6eb27af0115a73f61e811e17185afa0d20e738e
42be4c9c478fcf87,mid,proof:42be4c9c478fcf87:2e440c9699001a494b9c0d0d,22,mandatory_block,WinningThreat,edge,60,897e41795fa2ff26e0355378cf8a5167b375d14ef03f185ae2be39fb7c1c6286,0.0247261836382098,0.025,0.0276199070551476,-0.0002738163617902016,-0.002893723416937801,0.025200740388283224,0.3858447488584475,0.0,6,incoming_final_layer_mean_head_attention_mass,d44ede33a5b0f318f77f5f7c81d69ee80a5401beb24464d65dab2cedad178d25,28c2715fbc9b16a75dc7e849a907a807c5097918ff49a92fd0b76583533998a8,87c0cf2e0f6e4cf5cf1ed4a0f6eb27af0115a73f61e811e17185afa0d20e738e
42be4c9c478fcf87,mid,proof:42be4c9c478fcf87:2e440c9699001a494b9c0d0d,22,mandatory_block,TacticalLineWindow,edge,60,897e41795fa2ff26e0355378cf8a5167b375d14ef03f185ae2be39fb7c1c6286,0.0247261836382098,0.025,0.027180579941792186,-0.0002738163617902016,-0.002454396303582386,0.025200740388283224,0.3858447488584475,0.0,6,incoming_final_layer_mean_head_attention_mass,d44ede33a5b0f318f77f5f7c81d69ee80a5401beb24464d65dab2cedad178d25,28c2715fbc9b16a75dc7e849a907a807c5097918ff49a92fd0b76583533998a8,87c0cf2e0f6e4cf5cf1ed4a0f6eb27af0115a73f61e811e17185afa0d20e738e
42be4c9c478fcf87,mid,proof:42be4c9c478fcf87:2e440c9699001a494b9c0d0d,22,mandatory_block,CompletionCell,node,60,897e41795fa2ff26e0355378cf8a5167b375d14ef03f185ae2be39fb7c1c6286,0.028571428759973875,0.02857142857142857,0.02790178569219056,1.8854530436929196e-10,0.0006696430677833147,0.3333333333333333,0.9428571428571428,0.0,1,incoming_final_layer_mean_head_attention_mass,d44ede33a5b0f318f77f5f7c81d69ee80a5401beb24464d65dab2cedad178d25,28c2715fbc9b16a75dc7e849a907a807c5097918ff49a92fd0b76583533998a8,87c0cf2e0f6e4cf5cf1ed4a0f6eb27af0115a73f61e811e17185afa0d20e738e
42be4c9c478fcf87,mid,proof:42be4c9c478fcf87:2e440c9699001a494b9c0d0d,22,mandatory_block,ForcedResponse,node,60,897e41795fa2ff26e0355378cf8a5167b375d14ef03f185ae2be39fb7c1c6286,0.028571428759973875,0.02857142857142857,0.027455357139435956,1.8854530436929196e-10,0.0011160716205379194,0.3333333333333333,0.9428571428571428,0.0,1,incoming_final_layer_mean_head_attention_mass,d44ede33a5b0f318f77f5f7c81d69ee80a5401beb24464d65dab2cedad178d25,28c2715fbc9b16a75dc7e849a907a807c5097918ff49a92fd0b76583533998a8,87c0cf2e0f6e4cf5cf1ed4a0f6eb27af0115a73f61e811e17185afa0d20e738e
42be4c9c478fcf87,mid,proof:42be4c9c478fcf87:2e440c9699001a494b9c0d0d,22,mandatory_block,BlockingMove,node,60,897e41795fa2ff26e0355378cf8a5167b375d14ef03f185ae2be39fb7c1c6286,0.028571428759973875,0.02857142857142857,0.027232142878857876,1.8854530436929196e-10,0.0013392858811159987,0.3333333333333333,0.9428571428571428,0.0,1,incoming_final_layer_mean_head_attention_mass,d44ede33a5b0f318f77f5f7c81d69ee80a5401beb24464d65dab2cedad178d25,28c2715fbc9b16a75dc7e849a907a807c5097918ff49a92fd0b76583533998a8,87c0cf2e0f6e4cf5cf1ed4a0f6eb27af0115a73f61e811e17185afa0d20e738e
42be4c9c478fcf87,mid,proof:42be4c9c478fcf87:2e440c9699001a494b9c0d0d,22,mandatory_block,ProofSupportedGeometry,edge,60,897e41795fa2ff26e0355378cf8a5167b375d14ef03f185ae2be39fb7c1c6286,0.0247261836382098,0.025,0.026199197680333512,-0.0002738163617902016,-0.0014730140421237124,0.025200740388283224,0.3858447488584475,0.0,6,incoming_final_layer_mean_head_attention_mass,d44ede33a5b0f318f77f5f7c81d69ee80a5401beb24464d65dab2cedad178d25,28c2715fbc9b16a75dc7e849a907a807c5097918ff49a92fd0b76583533998a8,87c0cf2e0f6e4cf5cf1ed4a0f6eb27af0115a73f61e811e17185afa0d20e738e
e9cae6ed68f487bd,late,proof:e9cae6ed68f487bd:2e440c9699001a494b9c0d0d,22,mandatory_block,WinningThreat,edge,60,897e41795fa2ff26e0355378cf8a5167b375d14ef03f185ae2be39fb7c1c6286,0.024728529596055867,0.025,0.027591893238871495,-0.00027147040394413444,-0.002863363642815628,0.025232024446523286,0.3904109589041096,0.0,6,incoming_final_layer_mean_head_attention_mass,5ce528bbbd1718faf86bf39a317dc8acb3c1c74c5d9eff4a315bc474ace7bd30,28c2715fbc9b16a75dc7e849a907a807c5097918ff49a92fd0b76583533998a8,87c0cf2e0f6e4cf5cf1ed4a0f6eb27af0115a73f61e811e17185afa0d20e738e
e9cae6ed68f487bd,late,proof:e9cae6ed68f487bd:2e440c9699001a494b9c0d0d,22,mandatory_block,TacticalLineWindow,edge,60,897e41795fa2ff26e0355378cf8a5167b375d14ef03f185ae2be39fb7c1c6286,0.024728529596055867,0.025,0.0264278384432379,-0.00027147040394413444,-0.001699308847182033,0.025232024446523286,0.3904109589041096,0.0,6,incoming_final_layer_mean_head_attention_mass,5ce528bbbd1718faf86bf39a317dc8acb3c1c74c5d9eff4a315bc474ace7bd30,28c2715fbc9b16a75dc7e849a907a807c5097918ff49a92fd0b76583533998a8,87c0cf2e0f6e4cf5cf1ed4a0f6eb27af0115a73f61e811e17185afa0d20e738e
e9cae6ed68f487bd,late,proof:e9cae6ed68f487bd:2e440c9699001a494b9c0d0d,22,mandatory_block,CompletionCell,node,60,897e41795fa2ff26e0355378cf8a5167b375d14ef03f185ae2be39fb7c1c6286,0.028571428846643897,0.02857142857142857,0.028124999998170613,2.752153262230994e-10,0.0004464288484732834,0.3333333333333333,0.9428571428571428,0.0,1,incoming_final_layer_mean_head_attention_mass,5ce528bbbd1718faf86bf39a317dc8acb3c1c74c5d9eff4a315bc474ace7bd30,28c2715fbc9b16a75dc7e849a907a807c5097918ff49a92fd0b76583533998a8,87c0cf2e0f6e4cf5cf1ed4a0f6eb27af0115a73f61e811e17185afa0d20e738e
e9cae6ed68f487bd,late,proof:e9cae6ed68f487bd:2e440c9699001a494b9c0d0d,22,mandatory_block,ForcedResponse,node,60,897e41795fa2ff26e0355378cf8a5167b375d14ef03f185ae2be39fb7c1c6286,0.028571428846643897,0.02857142857142857,0.028348214305160397,2.752153262230994e-10,0.00022321454148349976,0.3333333333333333,0.9428571428571428,0.0,1,incoming_final_layer_mean_head_attention_mass,5ce528bbbd1718faf86bf39a317dc8acb3c1c74c5d9eff4a315bc474ace7bd30,28c2715fbc9b16a75dc7e849a907a807c5097918ff49a92fd0b76583533998a8,87c0cf2e0f6e4cf5cf1ed4a0f6eb27af0115a73f61e811e17185afa0d20e738e
e9cae6ed68f487bd,late,proof:e9cae6ed68f487bd:2e440c9699001a494b9c0d0d,22,mandatory_block,BlockingMove,node,60,897e41795fa2ff26e0355378cf8a5167b375d14ef03f185ae2be39fb7c1c6286,0.028571428846643897,0.02857142857142857,0.02723214286500683,2.752153262230994e-10,0.0013392859816370659,0.3333333333333333,0.9428571428571428,0.0,1,incoming_final_layer_mean_head_attention_mass,5ce528bbbd1718faf86bf39a317dc8acb3c1c74c5d9eff4a315bc474ace7bd30,28c2715fbc9b16a75dc7e849a907a807c5097918ff49a92fd0b76583533998a8,87c0cf2e0f6e4cf5cf1ed4a0f6eb27af0115a73f61e811e17185afa0d20e738e
e9cae6ed68f487bd,late,proof:e9cae6ed68f487bd:2e440c9699001a494b9c0d0d,22,mandatory_block,ProofSupportedGeometry,edge,60,897e41795fa2ff26e0355378cf8a5167b375d14ef03f185ae2be39fb7c1c6286,0.024728529596055867,0.025,0.027004687695863207,-0.00027147040394413444,-0.00227615809980734,0.025232024446523286,0.3904109589041096,0.0,6,incoming_final_layer_mean_head_attention_mass,5ce528bbbd1718faf86bf39a317dc8acb3c1c74c5d9eff4a315bc474ace7bd30,28c2715fbc9b16a75dc7e849a907a807c5097918ff49a92fd0b76583533998a8,87c0cf2e0f6e4cf5cf1ed4a0f6eb27af0115a73f61e811e17185afa0d20e738e
8aad5b2f419c6072,late,proof:8aad5b2f419c6072:14456de8421d112d4c41706a,22,immediate_win|winning_line,WinningThreat,edge,60,897e41795fa2ff26e0355378cf8a5167b375d14ef03f185ae2be39fb7c1c6286,0.024886230505977092,0.025,0.028205906795611344,-0.00011376949402290906,-0.003319676289634251,0.025529768588524477,0.4063926940639269,0.0,6,incoming_final_layer_mean_head_attention_mass,5e22cbf36fb09b1d48057a29087a044b900041c156543fac24e903de13127820,28c2715fbc9b16a75dc7e849a907a807c5097918ff49a92fd0b76583533998a8,87c0cf2e0f6e4cf5cf1ed4a0f6eb27af0115a73f61e811e17185afa0d20e738e
8aad5b2f419c6072,late,proof:8aad5b2f419c6072:14456de8421d112d4c41706a,22,immediate_win|winning_line,TacticalLineWindow,edge,60,897e41795fa2ff26e0355378cf8a5167b375d14ef03f185ae2be39fb7c1c6286,0.024886230505977092,0.025,0.02613522898506239,-0.00011376949402290906,-0.001248998479085297,0.025529768588524477,0.4063926940639269,0.0,6,incoming_final_layer_mean_head_attention_mass,5e22cbf36fb09b1d48057a29087a044b900041c156543fac24e903de13127820,28c2715fbc9b16a75dc7e849a907a807c5097918ff49a92fd0b76583533998a8,87c0cf2e0f6e4cf5cf1ed4a0f6eb27af0115a73f61e811e17185afa0d20e738e
8aad5b2f419c6072,late,proof:8aad5b2f419c6072:14456de8421d112d4c41706a,22,immediate_win|winning_line,CompletionCell,node,60,897e41795fa2ff26e0355378cf8a5167b375d14ef03f185ae2be39fb7c1c6286,0.028571428727662686,0.02857142857142857,0.02767857145186637,1.5623411592224912e-10,0.0008928572757963167,0.2,0.8857142857142857,0.0,1,incoming_final_layer_mean_head_attention_mass,5e22cbf36fb09b1d48057a29087a044b900041c156543fac24e903de13127820,28c2715fbc9b16a75dc7e849a907a807c5097918ff49a92fd0b76583533998a8,87c0cf2e0f6e4cf5cf1ed4a0f6eb27af0115a73f61e811e17185afa0d20e738e
8aad5b2f419c6072,late,proof:8aad5b2f419c6072:14456de8421d112d4c41706a,22,immediate_win|winning_line,ProofSupportedGeometry,edge,60,897e41795fa2ff26e0355378cf8a5167b375d14ef03f185ae2be39fb7c1c6286,0.024886230505977092,0.025,0.026687265356343016,-0.00011376949402290906,-0.0018010348503659235,0.025529768588524477,0.4063926940639269,0.0,6,incoming_final_layer_mean_head_attention_mass,5e22cbf36fb09b1d48057a29087a044b900041c156543fac24e903de13127820,28c2715fbc9b16a75dc7e849a907a807c5097918ff49a92fd0b76583533998a8,87c0cf2e0f6e4cf5cf1ed4a0f6eb27af0115a73f61e811e17185afa0d20e738e
8aad5b2f419c6072,late,proof:8aad5b2f419c6072:5caca5b7e3e9d53bffe21614,2,simple_fork,WinningThreat,edge,60,897e41795fa2ff26e0355378cf8a5167b375d14ef03f185ae2be39fb7c1c6286,0.07822317177392028,0.07857142857142857,0.08105464803446527,-0.00034825679750828675,-0.002831476260544988,0.08704647993822433,0.45383054287163876,0.1111111111111111,18,incoming_final_layer_mean_head_attention_mass,5c053b8cb2e314be2d890df96a1a575a0584632f40ccd9a9c696bc39d38d7a1e,28c2715fbc9b16a75dc7e849a907a807c5097918ff49a92fd0b76583533998a8,87c0cf2e0f6e4cf5cf1ed4a0f6eb27af0115a73f61e811e17185afa0d20e738e
8aad5b2f419c6072,late,proof:8aad5b2f419c6072:5caca5b7e3e9d53bffe21614,2,simple_fork,TacticalLineWindow,edge,60,897e41795fa2ff26e0355378cf8a5167b375d14ef03f185ae2be39fb7c1c6286,0.05345765882119692,0.05357142857142857,0.055093165007478864,-0.00011376975023164732,-0.0016355061862819431,0.07334852088177382,0.4828767123287671,0.08333333333333333,12,incoming_final_layer_mean_head_attention_mass,5c053b8cb2e314be2d890df96a1a575a0584632f40ccd9a9c696bc39d38d7a1e,28c2715fbc9b16a75dc7e849a907a807c5097918ff49a92fd0b76583533998a8,87c0cf2e0f6e4cf5cf1ed4a0f6eb27af0115a73f61e811e17185afa0d20e738e
8aad5b2f419c6072,late,proof:8aad5b2f419c6072:5caca5b7e3e9d53bffe21614,2,simple_fork,CompletionCell,node,60,897e41795fa2ff26e0355378cf8a5167b375d14ef03f185ae2be39fb7c1c6286,0.08571428586367746,0.08571428571428572,0.0839285714347367,1.4939174897143914e-10,0.0017857144289407656,0.16570048309178745,0.6476190476190476,0.0,3,incoming_final_layer_mean_head_attention_mass,5c053b8cb2e314be2d890df96a1a575a0584632f40ccd9a9c696bc39d38d7a1e,28c2715fbc9b16a75dc7e849a907a807c5097918ff49a92fd0b76583533998a8,87c0cf2e0f6e4cf5cf1ed4a0f6eb27af0115a73f61e811e17185afa0d20e738e
8aad5b2f419c6072,late,proof:8aad5b2f419c6072:5caca5b7e3e9d53bffe21614,2,simple_fork,ForcedResponse,node,60,897e41795fa2ff26e0355378cf8a5167b375d14ef03f185ae2be39fb7c1c6286,0.028571428488179736,0.02857142857142857,0.027008928649893092,-8.324883490895552e-11,0.0015624998382866434,0.043478260869565216,0.37142857142857144,0.0,1,incoming_final_layer_mean_head_attention_mass,5c053b8cb2e314be2d890df96a1a575a0584632f40ccd9a9c696bc39d38d7a1e,28c2715fbc9b16a75dc7e849a907a807c5097918ff49a92fd0b76583533998a8,87c0cf2e0f6e4cf5cf1ed4a0f6eb27af0115a73f61e811e17185afa0d20e738e
8aad5b2f419c6072,late,proof:8aad5b2f419c6072:5caca5b7e3e9d53bffe21614,2,simple_fork,BlockingMove,node,60,897e41795fa2ff26e0355378cf8a5167b375d14ef03f185ae2be39fb7c1c6286,0.028571428488179736,0.02857142857142857,0.02834821423429851,-8.324883490895552e-11,0.00022321425388122443,0.043478260869565216,0.37142857142857144,0.0,1,incoming_final_layer_mean_head_attention_mass,5c053b8cb2e314be2d890df96a1a575a0584632f40ccd9a9c696bc39d38d7a1e,28c2715fbc9b16a75dc7e849a907a807c5097918ff49a92fd0b76583533998a8,87c0cf2e0f6e4cf5cf1ed4a0f6eb27af0115a73f61e811e17185afa0d20e738e
8aad5b2f419c6072,late,proof:8aad5b2f419c6072:5caca5b7e3e9d53bffe21614,2,simple_fork,ProofSupportedGeometry,edge,60,897e41795fa2ff26e0355378cf8a5167b375d14ef03f185ae2be39fb7c1c6286,0.05345765882119692,0.05357142857142857,0.05423405142952724,-0.00011376975023164732,-0.0007763926083303174,0.07334852088177382,0.4828767123287671,0.08333333333333333,12,incoming_final_layer_mean_head_attention_mass,5c053b8cb2e314be2d890df96a1a575a0584632f40ccd9a9c696bc39d38d7a1e,28c2715fbc9b16a75dc7e849a907a807c5097918ff49a92fd0b76583533998a8,87c0cf2e0f6e4cf5cf1ed4a0f6eb27af0115a73f61e811e17185afa0d20e738e
8aad5b2f419c6072,late,proof:8aad5b2f419c6072:ba7a4cc03acf0b1a77b72757,2,mandatory_block,WinningThreat,edge,60,897e41795fa2ff26e0355378cf8a5167b375d14ef03f185ae2be39fb7c1c6286,0.07822317177392028,0.07857142857142857,0.0804828617418711,-0.00034825679750828675,-0.002259689967950812,0.08704647993822433,0.45383054287163876,0.1111111111111111,18,incoming_final_layer_mean_head_attention_mass,77113839d7abbd1ccde8bbad8e125635272bd417bf04f5fffd2957449e74d24d,28c2715fbc9b16a75dc7e849a907a807c5097918ff49a92fd0b76583533998a8,87c0cf2e0f6e4cf5cf1ed4a0f6eb27af0115a73f61e811e17185afa0d20e738e
8aad5b2f419c6072,late,proof:8aad5b2f419c6072:ba7a4cc03acf0b1a77b72757,2,mandatory_block,TacticalLineWindow,edge,60,897e41795fa2ff26e0355378cf8a5167b375d14ef03f185ae2be39fb7c1c6286,0.02476551295272336,0.025,0.027545566855933512,-0.0002344870472766429,-0.0027800539032101536,0.026276571559475135,0.395738203957382,0.0,6,incoming_final_layer_mean_head_attention_mass,77113839d7abbd1ccde8bbad8e125635272bd417bf04f5fffd2957449e74d24d,28c2715fbc9b16a75dc7e849a907a807c5097918ff49a92fd0b76583533998a8,87c0cf2e0f6e4cf5cf1ed4a0f6eb27af0115a73f61e811e17185afa0d20e738e
8aad5b2f419c6072,late,proof:8aad5b2f419c6072:ba7a4cc03acf0b1a77b72757,2,mandatory_block,CompletionCell,node,60,897e41795fa2ff26e0355378cf8a5167b375d14ef03f185ae2be39fb7c1c6286,0.08571428586367746,0.08571428571428572,0.08370535714800971,1.4939174897143914e-10,0.0020089287156677543,0.16570048309178745,0.6476190476190476,0.0,3,incoming_final_layer_mean_head_attention_mass,77113839d7abbd1ccde8bbad8e125635272bd417bf04f5fffd2957449e74d24d,28c2715fbc9b16a75dc7e849a907a807c5097918ff49a92fd0b76583533998a8,87c0cf2e0f6e4cf5cf1ed4a0f6eb27af0115a73f61e811e17185afa0d20e738e
8aad5b2f419c6072,late,proof:8aad5b2f419c6072:ba7a4cc03acf0b1a77b72757,2,mandatory_block,ForcedResponse,node,60,897e41795fa2ff26e0355378cf8a5167b375d14ef03f185ae2be39fb7c1c6286,0.028571428488179736,0.02857142857142857,0.02790178573110951,-8.324883490895552e-11,0.000669642757070224,0.043478260869565216,0.37142857142857144,0.0,1,incoming_final_layer_mean_head_attention_mass,77113839d7abbd1ccde8bbad8e125635272bd417bf04f5fffd2957449e74d24d,28c2715fbc9b16a75dc7e849a907a807c5097918ff49a92fd0b76583533998a8,87c0cf2e0f6e4cf5cf1ed4a0f6eb27af0115a73f61e811e17185afa0d20e738e
8aad5b2f419c6072,late,proof:8aad5b2f419c6072:ba7a4cc03acf0b1a77b72757,2,mandatory_block,BlockingMove,node,60,897e41795fa2ff26e0355378cf8a5167b375d14ef03f185ae2be39fb7c1c6286,0.028571428488179736,0.02857142857142857,0.027678571365386418,-8.324883490895552e-11,0.0008928571227933176,0.043478260869565216,0.37142857142857144,0.0,1,incoming_final_layer_mean_head_attention_mass,77113839d7abbd1ccde8bbad8e125635272bd417bf04f5fffd2957449e74d24d,28c2715fbc9b16a75dc7e849a907a807c5097918ff49a92fd0b76583533998a8,87c0cf2e0f6e4cf5cf1ed4a0f6eb27af0115a73f61e811e17185afa0d20e738e
8aad5b2f419c6072,late,proof:8aad5b2f419c6072:ba7a4cc03acf0b1a77b72757,2,mandatory_block,ProofSupportedGeometry,edge,60,897e41795fa2ff26e0355378cf8a5167b375d14ef03f185ae2be39fb7c1c6286,0.02476551295272336,0.025,0.027580939210784184,-0.0002344870472766429,-0.0028154262580608255,0.026276571559475135,0.395738203957382,0.0,6,incoming_final_layer_mean_head_attention_mass,77113839d7abbd1ccde8bbad8e125635272bd417bf04f5fffd2957449e74d24d,28c2715fbc9b16a75dc7e849a907a807c5097918ff49a92fd0b76583533998a8,87c0cf2e0f6e4cf5cf1ed4a0f6eb27af0115a73f61e811e17185afa0d20e738e
5fbcbd0c5df88ebb,late,proof:5fbcbd0c5df88ebb:b13a017bf556b8e8d7603e8e,13,simple_fork,WinningThreat,edge,60,897e41795fa2ff26e0355378cf8a5167b375d14ef03f185ae2be39fb7c1c6286,0.05362762530678888,0.05357142857142857,0.05405774043648201,5.619673536030878e-05,-0.000430115129693133,0.05956543203543881,0.49086757990867586,0.0,12,incoming_final_layer_mean_head_attention_mass,e17f718c7a45dd5e6b7da1e7e049d9e694db427d0a9c4bee654f5182b4cce37b,28c2715fbc9b16a75dc7e849a907a807c5097918ff49a92fd0b76583533998a8,87c0cf2e0f6e4cf5cf1ed4a0f6eb27af0115a73f61e811e17185afa0d20e738e
5fbcbd0c5df88ebb,late,proof:5fbcbd0c5df88ebb:b13a017bf556b8e8d7603e8e,13,simple_fork,TacticalLineWindow,edge,60,897e41795fa2ff26e0355378cf8a5167b375d14ef03f185ae2be39fb7c1c6286,0.05362762530678888,0.05357142857142857,0.05657326039668058,5.619673536030878e-05,-0.0029456350898917003,0.05956543203543881,0.49086757990867586,0.0,12,incoming_final_layer_mean_head_attention_mass,e17f718c7a45dd5e6b7da1e7e049d9e694db427d0a9c4bee654f5182b4cce37b,28c2715fbc9b16a75dc7e849a907a807c5097918ff49a92fd0b76583533998a8,87c0cf2e0f6e4cf5cf1ed4a0f6eb27af0115a73f61e811e17185afa0d20e738e
5fbcbd0c5df88ebb,late,proof:5fbcbd0c5df88ebb:b13a017bf556b8e8d7603e8e,13,simple_fork,CompletionCell,node,60,897e41795fa2ff26e0355378cf8a5167b375d14ef03f185ae2be39fb7c1c6286,0.08571428531438721,0.08571428571428572,0.0823660715051739,-3.9989850320054643e-10,0.00334821380921331,0.09606481481481481,0.4380952380952381,0.0,3,incoming_final_layer_mean_head_attention_mass,e17f718c7a45dd5e6b7da1e7e049d9e694db427d0a9c4bee654f5182b4cce37b,28c2715fbc9b16a75dc7e849a907a807c5097918ff49a92fd0b76583533998a8,87c0cf2e0f6e4cf5cf1ed4a0f6eb27af0115a73f61e811e17185afa0d20e738e
5fbcbd0c5df88ebb,late,proof:5fbcbd0c5df88ebb:b13a017bf556b8e8d7603e8e,13,simple_fork,ProofSupportedGeometry,edge,60,897e41795fa2ff26e0355378cf8a5167b375d14ef03f185ae2be39fb7c1c6286,0.05362762530678888,0.05357142857142857,0.054417511243835544,5.619673536030878e-05,-0.0007898859370466665,0.05956543203543881,0.49086757990867586,0.0,12,incoming_final_layer_mean_head_attention_mass,e17f718c7a45dd5e6b7da1e7e049d9e694db427d0a9c4bee654f5182b4cce37b,28c2715fbc9b16a75dc7e849a907a807c5097918ff49a92fd0b76583533998a8,87c0cf2e0f6e4cf5cf1ed4a0f6eb27af0115a73f61e811e17185afa0d20e738e
114b4dce6f7bfe50,late,proof:114b4dce6f7bfe50:14456de8421d112d4c41706a,22,immediate_win|winning_line,WinningThreat,edge,60,897e41795fa2ff26e0355378cf8a5167b375d14ef03f185ae2be39fb7c1c6286,0.02490140233762352,0.025,0.027386400333656385,-9.85976623764824e-05,-0.0024849979960328665,0.02564501749726859,0.4109589041095891,0.0,6,incoming_final_layer_mean_head_attention_mass,617579ad924bf9b60795c7f5dbb6d323dffb4e12df5d60233fad6d65c8bcb44e,28c2715fbc9b16a75dc7e849a907a807c5097918ff49a92fd0b76583533998a8,87c0cf2e0f6e4cf5cf1ed4a0f6eb27af0115a73f61e811e17185afa0d20e738e
114b4dce6f7bfe50,late,proof:114b4dce6f7bfe50:14456de8421d112d4c41706a,22,immediate_win|winning_line,TacticalLineWindow,edge,60,897e41795fa2ff26e0355378cf8a5167b375d14ef03f185ae2be39fb7c1c6286,0.02490140233762352,0.025,0.028607899822844424,-9.85976623764824e-05,-0.0037064974852209047,0.02564501749726859,0.4109589041095891,0.0,6,incoming_final_layer_mean_head_attention_mass,617579ad924bf9b60795c7f5dbb6d323dffb4e12df5d60233fad6d65c8bcb44e,28c2715fbc9b16a75dc7e849a907a807c5097918ff49a92fd0b76583533998a8,87c0cf2e0f6e4cf5cf1ed4a0f6eb27af0115a73f61e811e17185afa0d20e738e
114b4dce6f7bfe50,late,proof:114b4dce6f7bfe50:14456de8421d112d4c41706a,22,immediate_win|winning_line,CompletionCell,node,60,897e41795fa2ff26e0355378cf8a5167b375d14ef03f185ae2be39fb7c1c6286,0.028571428463281114,0.02857142857142857,0.027008928555883265,-1.0814745626808175e-10,0.0015624999073978497,0.038461538461538464,0.2857142857142857,0.0,1,incoming_final_layer_mean_head_attention_mass,617579ad924bf9b60795c7f5dbb6d323dffb4e12df5d60233fad6d65c8bcb44e,28c2715fbc9b16a75dc7e849a907a807c5097918ff49a92fd0b76583533998a8,87c0cf2e0f6e4cf5cf1ed4a0f6eb27af0115a73f61e811e17185afa0d20e738e
114b4dce6f7bfe50,late,proof:114b4dce6f7bfe50:14456de8421d112d4c41706a,22,immediate_win|winning_line,ProofSupportedGeometry,edge,60,897e41795fa2ff26e0355378cf8a5167b375d14ef03f185ae2be39fb7c1c6286,0.02490140233762352,0.025,0.02790453126424853,-9.85976623764824e-05,-0.00300312892662501,0.02564501749726859,0.4109589041095891,0.0,6,incoming_final_layer_mean_head_attention_mass,617579ad924bf9b60795c7f5dbb6d323dffb4e12df5d60233fad6d65c8bcb44e,28c2715fbc9b16a75dc7e849a907a807c5097918ff49a92fd0b76583533998a8,87c0cf2e0f6e4cf5cf1ed4a0f6eb27af0115a73f61e811e17185afa0d20e738e
114b4dce6f7bfe50,late,proof:114b4dce6f7bfe50:86c6d26ebfad798135fdb97d,18,simple_fork,WinningThreat,edge,60,897e41795fa2ff26e0355378cf8a5167b375d14ef03f185ae2be39fb7c1c6286,0.07837861357434785,0.07857142857142857,0.08285810428005086,-0.00019281499708072303,-0.0044794907057030126,0.07341173067398245,0.45053272450532716,0.0,18,incoming_final_layer_mean_head_attention_mass,005b7e0a4e6d582a68a35bcc6b8b674f43b6c5b1230cb9eccd217f2098f17eeb,28c2715fbc9b16a75dc7e849a907a807c5097918ff49a92fd0b76583533998a8,87c0cf2e0f6e4cf5cf1ed4a0f6eb27af0115a73f61e811e17185afa0d20e738e
114b4dce6f7bfe50,late,proof:114b4dce6f7bfe50:86c6d26ebfad798135fdb97d,18,simple_fork,TacticalLineWindow,edge,60,897e41795fa2ff26e0355378cf8a5167b375d14ef03f185ae2be39fb7c1c6286,0.05347283109360601,0.05357142857142857,0.056318891915744004,-9.859747782255818e-05,-0.002846060822137994,0.05554940638513293,0.47298325722983264,0.0,12,incoming_final_layer_mean_head_attention_mass,005b7e0a4e6d582a68a35bcc6b8b674f43b6c5b1230cb9eccd217f2098f17eeb,28c2715fbc9b16a75dc7e849a907a807c5097918ff49a92fd0b76583533998a8,87c0cf2e0f6e4cf5cf1ed4a0f6eb27af0115a73f61e811e17185afa0d20e738e
114b4dce6f7bfe50,late,proof:114b4dce6f7bfe50:86c6d26ebfad798135fdb97d,18,simple_fork,CompletionCell,node,60,897e41795fa2ff26e0355378cf8a5167b375d14ef03f185ae2be39fb7c1c6286,0.08571428560271707,0.08571428571428572,0.08303571433333766,-1.115686432129337e-10,0.0026785712693794123,0.09919028340080971,0.4761904761904761,0.0,3,incoming_final_layer_mean_head_attention_mass,005b7e0a4e6d582a68a35bcc6b8b674f43b6c5b1230cb9eccd217f2098f17eeb,28c2715fbc9b16a75dc7e849a907a807c5097918ff49a92fd0b76583533998a8,87c0cf2e0f6e4cf5cf1ed4a0f6eb27af0115a73f61e811e17185afa0d20e738e
114b4dce6f7bfe50,late,proof:114b4dce6f7bfe50:86c6d26ebfad798135fdb97d,18,simple_fork,ForcedResponse,node,60,897e41795fa2ff26e0355378cf8a5167b375d14ef03f185ae2be39fb7c1c6286,0.028571428543108762,0.02857142857142857,0.027678571407996802,-2.8319808303978178e-11,0.0008928571351119602,0.05263157894736842,0.4857142857142857,0.0,1,incoming_final_layer_mean_head_attention_mass,005b7e0a4e6d582a68a35bcc6b8b674f43b6c5b1230cb9eccd217f2098f17eeb,28c2715fbc9b16a75dc7e849a907a807c5097918ff49a92fd0b76583533998a8,87c0cf2e0f6e4cf5cf1ed4a0f6eb27af0115a73f61e811e17185afa0d20e738e
114b4dce6f7bfe50,late,proof:114b4dce6f7bfe50:86c6d26ebfad798135fdb97d,18,simple_fork,BlockingMove,node,60,897e41795fa2ff26e0355378cf8a5167b375d14ef03f185ae2be39fb7c1c6286,0.028571428543108762,0.02857142857142857,0.02767857140695738,-2.8319808303978178e-11,0.0008928571361513822,0.05263157894736842,0.4857142857142857,0.0,1,incoming_final_layer_mean_head_attention_mass,005b7e0a4e6d582a68a35bcc6b8b674f43b6c5b1230cb9eccd217f2098f17eeb,28c2715fbc9b16a75dc7e849a907a807c5097918ff49a92fd0b76583533998a8,87c0cf2e0f6e4cf5cf1ed4a0f6eb27af0115a73f61e811e17185afa0d20e738e
114b4dce6f7bfe50,late,proof:114b4dce6f7bfe50:86c6d26ebfad798135fdb97d,18,simple_fork,ProofSupportedGeometry,edge,60,897e41795fa2ff26e0355378cf8a5167b375d14ef03f185ae2be39fb7c1c6286,0.05347283109360601,0.05357142857142857,0.054641969534622366,-9.859747782255818e-05,-0.0011691384410163555,0.05554940638513293,0.47298325722983264,0.0,12,incoming_final_layer_mean_head_attention_mass,005b7e0a4e6d582a68a35bcc6b8b674f43b6c5b1230cb9eccd217f2098f17eeb,28c2715fbc9b16a75dc7e849a907a807c5097918ff49a92fd0b76583533998a8,87c0cf2e0f6e4cf5cf1ed4a0f6eb27af0115a73f61e811e17185afa0d20e738e
114b4dce6f7bfe50,late,proof:114b4dce6f7bfe50:e319ffaf43be6618da06c722,18,mandatory_block,WinningThreat,edge,60,897e41795fa2ff26e0355378cf8a5167b375d14ef03f185ae2be39fb7c1c6286,0.07837861357434785,0.07857142857142857,0.082659063521404,-0.00019281499708072303,-0.0042804499470561475,0.07341173067398245,0.45053272450532716,0.0,18,incoming_final_layer_mean_head_attention_mass,2c2259ee60b553febf40c3765673b20954e21f8b1d504c84d8362cff150d6dcb,28c2715fbc9b16a75dc7e849a907a807c5097918ff49a92fd0b76583533998a8,87c0cf2e0f6e4cf5cf1ed4a0f6eb27af0115a73f61e811e17185afa0d20e738e
114b4dce6f7bfe50,late,proof:114b4dce6f7bfe50:e319ffaf43be6618da06c722,18,mandatory_block,TacticalLineWindow,edge,60,897e41795fa2ff26e0355378cf8a5167b375d14ef03f185ae2be39fb7c1c6286,0.024905782480741833,0.025,0.027607549082049362,-9.421751925816832e-05,-0.0027017666013075294,0.025176862552024542,0.40563165905631654,0.0,6,incoming_final_layer_mean_head_attention_mass,2c2259ee60b553febf40c3765673b20954e21f8b1d504c84d8362cff150d6dcb,28c2715fbc9b16a75dc7e849a907a807c5097918ff49a92fd0b76583533998a8,87c0cf2e0f6e4cf5cf1ed4a0f6eb27af0115a73f61e811e17185afa0d20e738e
114b4dce6f7bfe50,late,proof:114b4dce6f7bfe50:e319ffaf43be6618da06c722,18,mandatory_block,CompletionCell,node,60,897e41795fa2ff26e0355378cf8a5167b375d14ef03f185ae2be39fb7c1c6286,0.08571428560271707,0.08571428571428572,0.08325892861259417,-1.115686432129337e-10,0.002455356990122906,0.09919028340080971,0.4761904761904761,0.0,3,incoming_final_layer_mean_head_attention_mass,2c2259ee60b553febf40c3765673b20954e21f8b1d504c84d8362cff150d6dcb,28c2715fbc9b16a75dc7e849a907a807c5097918ff49a92fd0b76583533998a8,87c0cf2e0f6e4cf5cf1ed4a0f6eb27af0115a73f61e811e17185afa0d20e738e
114b4dce6f7bfe50,late,proof:114b4dce6f7bfe50:e319ffaf43be6618da06c722,18,mandatory_block,ForcedResponse,node,60,897e41795fa2ff26e0355378cf8a5167b375d14ef03f185ae2be39fb7c1c6286,0.028571428543108762,0.02857142857142857,0.027678571450197358,-2.8319808303978178e-11,0.0008928570929114046,0.05263157894736842,0.4857142857142857,0.0,1,incoming_final_layer_mean_head_attention_mass,2c2259ee60b553febf40c3765673b20954e21f8b1d504c84d8362cff150d6dcb,28c2715fbc9b16a75dc7e849a907a807c5097918ff49a92fd0b76583533998a8,87c0cf2e0f6e4cf5cf1ed4a0f6eb27af0115a73f61e811e17185afa0d20e738e
114b4dce6f7bfe50,late,proof:114b4dce6f7bfe50:e319ffaf43be6618da06c722,18,mandatory_block,BlockingMove,node,60,897e41795fa2ff26e0355378cf8a5167b375d14ef03f185ae2be39fb7c1c6286,0.028571428543108762,0.02857142857142857,0.027455357126245687,-2.8319808303978178e-11,0.001116071416863075,0.05263157894736842,0.4857142857142857,0.0,1,incoming_final_layer_mean_head_attention_mass,2c2259ee60b553febf40c3765673b20954e21f8b1d504c84d8362cff150d6dcb,28c2715fbc9b16a75dc7e849a907a807c5097918ff49a92fd0b76583533998a8,87c0cf2e0f6e4cf5cf1ed4a0f6eb27af0115a73f61e811e17185afa0d20e738e
114b4dce6f7bfe50,late,proof:114b4dce6f7bfe50:e319ffaf43be6618da06c722,18,mandatory_block,ProofSupportedGeometry,edge,60,897e41795fa2ff26e0355378cf8a5167b375d14ef03f185ae2be39fb7c1c6286,0.024905782480741833,0.025,0.02648085842312508,-9.421751925816832e-05,-0.0015750759423832465,0.025176862552024542,0.40563165905631654,0.0,6,incoming_final_layer_mean_head_attention_mass,2c2259ee60b553febf40c3765673b20954e21f8b1d504c84d8362cff150d6dcb,28c2715fbc9b16a75dc7e849a907a807c5097918ff49a92fd0b76583533998a8,87c0cf2e0f6e4cf5cf1ed4a0f6eb27af0115a73f61e811e17185afa0d20e738e
916e555f6c4000ff,late,proof:916e555f6c4000ff:ae66a1206f2a0bbb44b10da0,18,immediate_win|winning_line,WinningThreat,edge,60,897e41795fa2ff26e0355378cf8a5167b375d14ef03f185ae2be39fb7c1c6286,0.024809740104630128,0.025,0.025655639053347487,-0.00019025989536987364,-0.0008458989487173593,0.024573543172384128,0.3904109589041096,0.0,6,incoming_final_layer_mean_head_attention_mass,b5798f760caf13b8139febfa8c923b7db1cc7821e7ddfa87e071b7d0e04bd4bc,28c2715fbc9b16a75dc7e849a907a807c5097918ff49a92fd0b76583533998a8,87c0cf2e0f6e4cf5cf1ed4a0f6eb27af0115a73f61e811e17185afa0d20e738e
916e555f6c4000ff,late,proof:916e555f6c4000ff:ae66a1206f2a0bbb44b10da0,18,immediate_win|winning_line,TacticalLineWindow,edge,60,897e41795fa2ff26e0355378cf8a5167b375d14ef03f185ae2be39fb7c1c6286,0.024809740104630128,0.025,0.027021675513120187,-0.00019025989536987364,-0.0022119354084900594,0.024573543172384128,0.3904109589041096,0.0,6,incoming_final_layer_mean_head_attention_mass,b5798f760caf13b8139febfa8c923b7db1cc7821e7ddfa87e071b7d0e04bd4bc,28c2715fbc9b16a75dc7e849a907a807c5097918ff49a92fd0b76583533998a8,87c0cf2e0f6e4cf5cf1ed4a0f6eb27af0115a73f61e811e17185afa0d20e738e
916e555f6c4000ff,late,proof:916e555f6c4000ff:ae66a1206f2a0bbb44b10da0,18,immediate_win|winning_line,CompletionCell,node,60,897e41795fa2ff26e0355378cf8a5167b375d14ef03f185ae2be39fb7c1c6286,0.028571428510607507,0.02857142857142857,0.02767857141621715,-6.082106346338989e-11,0.000892857094390357,0.047619047619047616,0.42857142857142855,0.0,1,incoming_final_layer_mean_head_attention_mass,b5798f760caf13b8139febfa8c923b7db1cc7821e7ddfa87e071b7d0e04bd4bc,28c2715fbc9b16a75dc7e849a907a807c5097918ff49a92fd0b76583533998a8,87c0cf2e0f6e4cf5cf1ed4a0f6eb27af0115a73f61e811e17185afa0d20e738e
916e555f6c4000ff,late,proof:916e555f6c4000ff:ae66a1206f2a0bbb44b10da0,18,immediate_win|winning_line,ProofSupportedGeometry,edge,60,897e41795fa2ff26e0355378cf8a5167b375d14ef03f185ae2be39fb7c1c6286,0.024809740104630128,0.025,0.027656971240108307,-0.00019025989536987364,-0.0028472311354781794,0.024573543172384128,0.3904109589041096,0.0,6,incoming_final_layer_mean_head_attention_mass,b5798f760caf13b8139febfa8c923b7db1cc7821e7ddfa87e071b7d0e04bd4bc,28c2715fbc9b16a75dc7e849a907a807c5097918ff49a92fd0b76583533998a8,87c0cf2e0f6e4cf5cf1ed4a0f6eb27af0115a73f61e811e17185afa0d20e738e
6264497eaa048e7d,late,proof:6264497eaa048e7d:14456de8421d112d4c41706a,22,immediate_win|winning_line,WinningThreat,edge,60,897e41795fa2ff26e0355378cf8a5167b375d14ef03f185ae2be39fb7c1c6286,0.02490548475893498,0.025,0.027187435155171042,-9.451524106502199e-05,-0.0022819503962360627,0.025737789239945196,0.4132420091324201,0.0,6,incoming_final_layer_mean_head_attention_mass,e8ff30e7a55610cd79113e011bb4e658ffe446dfed25a146741f31522174e5d7,28c2715fbc9b16a75dc7e849a907a807c5097918ff49a92fd0b76583533998a8,87c0cf2e0f6e4cf5cf1ed4a0f6eb27af0115a73f61e811e17185afa0d20e738e
6264497eaa048e7d,late,proof:6264497eaa048e7d:14456de8421d112d4c41706a,22,immediate_win|winning_line,TacticalLineWindow,edge,60,897e41795fa2ff26e0355378cf8a5167b375d14ef03f185ae2be39fb7c1c6286,0.02490548475893498,0.025,0.026452173847993837,-9.451524106502199e-05,-0.001546689089058858,0.025737789239945196,0.4132420091324201,0.0,6,incoming_final_layer_mean_head_attention_mass,e8ff30e7a55610cd79113e011bb4e658ffe446dfed25a146741f31522174e5d7,28c2715fbc9b16a75dc7e849a907a807c5097918ff49a92fd0b76583533998a8,87c0cf2e0f6e4cf5cf1ed4a0f6eb27af0115a73f61e811e17185afa0d20e738e
6264497eaa048e7d,late,proof:6264497eaa048e7d:14456de8421d112d4c41706a,22,immediate_win|winning_line,CompletionCell,node,60,897e41795fa2ff26e0355378cf8a5167b375d14ef03f185ae2be39fb7c1c6286,0.028571428788673817,0.02857142857142857,0.028125000030912423,2.1724524609800788e-10,0.000446428757761394,1.0,1.0,1.0,1,incoming_final_layer_mean_head_attention_mass,e8ff30e7a55610cd79113e011bb4e658ffe446dfed25a146741f31522174e5d7,28c2715fbc9b16a75dc7e849a907a807c5097918ff49a92fd0b76583533998a8,87c0cf2e0f6e4cf5cf1ed4a0f6eb27af0115a73f61e811e17185afa0d20e738e
6264497eaa048e7d,late,proof:6264497eaa048e7d:14456de8421d112d4c41706a,22,immediate_win|winning_line,ProofSupportedGeometry,edge,60,897e41795fa2ff26e0355378cf8a5167b375d14ef03f185ae2be39fb7c1c6286,0.02490548475893498,0.025,0.02782338186879767,-9.451524106502199e-05,-0.002917897109862691,0.025737789239945196,0.4132420091324201,0.0,6,incoming_final_layer_mean_head_attention_mass,e8ff30e7a55610cd79113e011bb4e658ffe446dfed25a146741f31522174e5d7,28c2715fbc9b16a75dc7e849a907a807c5097918ff49a92fd0b76583533998a8,87c0cf2e0f6e4cf5cf1ed4a0f6eb27af0115a73f61e811e17185afa0d20e738e
6264497eaa048e7d,late,proof:6264497eaa048e7d:4fcfc00e74de960ce3d81edf,23,immediate_win|winning_line,WinningThreat,edge,60,897e41795fa2ff26e0355378cf8a5167b375d14ef03f185ae2be39fb7c1c6286,0.024741427870261436,0.025,0.02703912551367223,-0.0002585721297385657,-0.0022976976434107947,0.025216927366932557,0.3980213089802131,0.0,6,incoming_final_layer_mean_head_attention_mass,8696a40c40cf9622ee096c0cb2b30ca3ea211b670a57c51b50999b8a3d5f7c08,28c2715fbc9b16a75dc7e849a907a807c5097918ff49a92fd0b76583533998a8,87c0cf2e0f6e4cf5cf1ed4a0f6eb27af0115a73f61e811e17185afa0d20e738e
6264497eaa048e7d,late,proof:6264497eaa048e7d:4fcfc00e74de960ce3d81edf,23,immediate_win|winning_line,TacticalLineWindow,edge,60,897e41795fa2ff26e0355378cf8a5167b375d14ef03f185ae2be39fb7c1c6286,0.024741427870261436,0.025,0.028417330207992336,-0.0002585721297385657,-0.0036759023377309005,0.025216927366932557,0.3980213089802131,0.0,6,incoming_final_layer_mean_head_attention_mass,8696a40c40cf9622ee096c0cb2b30ca3ea211b670a57c51b50999b8a3d5f7c08,28c2715fbc9b16a75dc7e849a907a807c5097918ff49a92fd0b76583533998a8,87c0cf2e0f6e4cf5cf1ed4a0f6eb27af0115a73f61e811e17185afa0d20e738e
6264497eaa048e7d,late,proof:6264497eaa048e7d:4fcfc00e74de960ce3d81edf,23,immediate_win|winning_line,CompletionCell,node,60,897e41795fa2ff26e0355378cf8a5167b375d14ef03f185ae2be39fb7c1c6286,0.028571428629018517,0.02857142857142857,0.027678571419085952,5.758994670035378e-11,0.0008928572099325648,0.0625,0.5714285714285714,0.0,1,incoming_final_layer_mean_head_attention_mass,8696a40c40cf9622ee096c0cb2b30ca3ea211b670a57c51b50999b8a3d5f7c08,28c2715fbc9b16a75dc7e849a907a807c5097918ff49a92fd0b76583533998a8,87c0cf2e0f6e4cf5cf1ed4a0f6eb27af0115a73f61e811e17185afa0d20e738e
6264497eaa048e7d,late,proof:6264497eaa048e7d:4fcfc00e74de960ce3d81edf,23,immediate_win|winning_line,ProofSupportedGeometry,edge,60,897e41795fa2ff26e0355378cf8a5167b375d14ef03f185ae2be39fb7c1c6286,0.024741427870261436,0.025,0.027030084313736245,-0.0002585721297385657,-0.002288656443474809,0.025216927366932557,0.3980213089802131,0.0,6,incoming_final_layer_mean_head_attention_mass,8696a40c40cf9622ee096c0cb2b30ca3ea211b670a57c51b50999b8a3d5f7c08,28c2715fbc9b16a75dc7e849a907a807c5097918ff49a92fd0b76583533998a8,87c0cf2e0f6e4cf5cf1ed4a0f6eb27af0115a73f61e811e17185afa0d20e738e
cd631ab31fac34e8,late,proof:cd631ab31fac34e8:9984890079b45dc1f2f8a0af,23,mandatory_block,WinningThreat,edge,60,897e41795fa2ff26e0355378cf8a5167b375d14ef03f185ae2be39fb7c1c6286,0.02857142844066328,0.02857142857142857,0.025694003820322775,-1.307652909565693e-10,0.0028774246203405046,0.07655166672193268,0.5593607305936072,0.16666666666666666,6,incoming_final_layer_mean_head_attention_mass,5ae32cdcacc6b63a8266fb2d45b1811de2f1ae5c9507824b69fe8f38a3aa9f41,28c2715fbc9b16a75dc7e849a907a807c5097918ff49a92fd0b76583533998a8,87c0cf2e0f6e4cf5cf1ed4a0f6eb27af0115a73f61e811e17185afa0d20e738e
cd631ab31fac34e8,late,proof:cd631ab31fac34e8:9984890079b45dc1f2f8a0af,23,mandatory_block,TacticalLineWindow,edge,60,897e41795fa2ff26e0355378cf8a5167b375d14ef03f185ae2be39fb7c1c6286,0.02857142844066328,0.02857142857142857,0.027431955762571104,-1.307652909565693e-10,0.0011394726780921752,0.07655166672193268,0.5593607305936072,0.16666666666666666,6,incoming_final_layer_mean_head_attention_mass,5ae32cdcacc6b63a8266fb2d45b1811de2f1ae5c9507824b69fe8f38a3aa9f41,28c2715fbc9b16a75dc7e849a907a807c5097918ff49a92fd0b76583533998a8,87c0cf2e0f6e4cf5cf1ed4a0f6eb27af0115a73f61e811e17185afa0d20e738e
cd631ab31fac34e8,late,proof:cd631ab31fac34e8:9984890079b45dc1f2f8a0af,23,mandatory_block,CompletionCell,node,60,897e41795fa2ff26e0355378cf8a5167b375d14ef03f185ae2be39fb7c1c6286,0.02857142860031858,0.02857142857142857,0.028125000071678577,2.8890008441084802e-11,0.000446428528640002,0.07692307692307693,0.6571428571428571,0.0,1,incoming_final_layer_mean_head_attention_mass,5ae32cdcacc6b63a8266fb2d45b1811de2f1ae5c9507824b69fe8f38a3aa9f41,28c2715fbc9b16a75dc7e849a907a807c5097918ff49a92fd0b76583533998a8,87c0cf2e0f6e4cf5cf1ed4a0f6eb27af0115a73f61e811e17185afa0d20e738e
cd631ab31fac34e8,late,proof:cd631ab31fac34e8:9984890079b45dc1f2f8a0af,23,mandatory_block,ForcedResponse,node,60,897e41795fa2ff26e0355378cf8a5167b375d14ef03f185ae2be39fb7c1c6286,0.02857142860031858,0.02857142857142857,0.02790178574582476,2.8890008441084802e-11,0.0006696428544938175,0.07692307692307693,0.6571428571428571,0.0,1,incoming_final_layer_mean_head_attention_mass,5ae32cdcacc6b63a8266fb2d45b1811de2f1ae5c9507824b69fe8f38a3aa9f41,28c2715fbc9b16a75dc7e849a907a807c5097918ff49a92fd0b76583533998a8,87c0cf2e0f6e4cf5cf1ed4a0f6eb27af0115a73f61e811e17185afa0d20e738e
cd631ab31fac34e8,late,proof:cd631ab31fac34e8:9984890079b45dc1f2f8a0af,23,mandatory_block,BlockingMove,node,60,897e41795fa2ff26e0355378cf8a5167b375d14ef03f185ae2be39fb7c1c6286,0.02857142860031858,0.02857142857142857,0.027455357136525575,2.8890008441084802e-11,0.0011160714637930037,0.07692307692307693,0.6571428571428571,0.0,1,incoming_final_layer_mean_head_attention_mass,5ae32cdcacc6b63a8266fb2d45b1811de2f1ae5c9507824b69fe8f38a3aa9f41,28c2715fbc9b16a75dc7e849a907a807c5097918ff49a92fd0b76583533998a8,87c0cf2e0f6e4cf5cf1ed4a0f6eb27af0115a73f61e811e17185afa0d20e738e
cd631ab31fac34e8,late,proof:cd631ab31fac34e8:9984890079b45dc1f2f8a0af,23,mandatory_block,ProofSupportedGeometry,edge,60,897e41795fa2ff26e0355378cf8a5167b375d14ef03f185ae2be39fb7c1c6286,0.02857142844066328,0.02857142857142857,0.026114700543158252,-1.307652909565693e-10,0.0024567278975050275,0.07655166672193268,0.5593607305936072,0.16666666666666666,6,incoming_final_layer_mean_head_attention_mass,5ae32cdcacc6b63a8266fb2d45b1811de2f1ae5c9507824b69fe8f38a3aa9f41,28c2715fbc9b16a75dc7e849a907a807c5097918ff49a92fd0b76583533998a8,87c0cf2e0f6e4cf5cf1ed4a0f6eb27af0115a73f61e811e17185afa0d20e738e
2fa902a4bde72d4f,late,proof:2fa902a4bde72d4f:701be774bccc7e030620179a,14,simple_fork,WinningThreat,edge,60,897e41795fa2ff26e0355378cf8a5167b375d14ef03f185ae2be39fb7c1c6286,0.07828341248854391,0.07857142857142857,0.08392707170612204,-0.0002880160828846595,-0.005643659217578131,0.08810450117091638,0.46448503297818367,0.1111111111111111,18,incoming_final_layer_mean_head_attention_mass,17710a735b5430d9938c1ee177925d6a1d938b3616d4c6050d52952349ff1647,28c2715fbc9b16a75dc7e849a907a807c5097918ff49a92fd0b76583533998a8,87c0cf2e0f6e4cf5cf1ed4a0f6eb27af0115a73f61e811e17185afa0d20e738e
2fa902a4bde72d4f,late,proof:2fa902a4bde72d4f:701be774bccc7e030620179a,14,simple_fork,TacticalLineWindow,edge,60,897e41795fa2ff26e0355378cf8a5167b375d14ef03f185ae2be39fb7c1c6286,0.07828341248854391,0.07857142857142857,0.08157528227971349,-0.0002880160828846595,-0.003291869791169577,0.08810450117091638,0.46448503297818367,0.1111111111111111,18,incoming_final_layer_mean_head_attention_mass,17710a735b5430d9938c1ee177925d6a1d938b3616d4c6050d52952349ff1647,28c2715fbc9b16a75dc7e849a907a807c5097918ff49a92fd0b76583533998a8,87c0cf2e0f6e4cf5cf1ed4a0f6eb27af0115a73f61e811e17185afa0d20e738e
2fa902a4bde72d4f,late,proof:2fa902a4bde72d4f:701be774bccc7e030620179a,14,simple_fork,CompletionCell,node,60,897e41795fa2ff26e0355378cf8a5167b375d14ef03f185ae2be39fb7c1c6286,0.11428571434121351,0.11428571428571428,0.11116071431423011,5.5499230211530914e-11,0.0031250000269834044,0.22186845412651865,0.6428571428571429,0.0,4,incoming_final_layer_mean_head_attention_mass,17710a735b5430d9938c1ee177925d6a1d938b3616d4c6050d52952349ff1647,28c2715fbc9b16a75dc7e849a907a807c5097918ff49a92fd0b76583533998a8,87c0cf2e0f6e4cf5cf1ed4a0f6eb27af0115a73f61e811e17185afa0d20e738e
2fa902a4bde72d4f,late,proof:2fa902a4bde72d4f:701be774bccc7e030620179a,14,simple_fork,ProofSupportedGeometry,edge,60,897e41795fa2ff26e0355378cf8a5167b375d14ef03f185ae2be39fb7c1c6286,0.07828341248854391,0.07857142857142857,0.08248848065034536,-0.0002880160828846595,-0.0042050681618014535,0.08810450117091638,0.46448503297818367,0.1111111111111111,18,incoming_final_layer_mean_head_attention_mass,17710a735b5430d9938c1ee177925d6a1d938b3616d4c6050d52952349ff1647,28c2715fbc9b16a75dc7e849a907a807c5097918ff49a92fd0b76583533998a8,87c0cf2e0f6e4cf5cf1ed4a0f6eb27af0115a73f61e811e17185afa0d20e738e
2fa902a4bde72d4f,late,proof:2fa902a4bde72d4f:7b8535d6ff619255965a172c,23,immediate_win|winning_line,WinningThreat,edge,60,897e41795fa2ff26e0355378cf8a5167b375d14ef03f185ae2be39fb7c1c6286,0.02857142860526029,0.02857142857142857,0.026611125265718207,3.3831718676546885e-11,0.001960303339542082,0.07413066655148103,0.5593607305936074,0.16666666666666666,6,incoming_final_layer_mean_head_attention_mass,7f30492aa9e067bac0cc24649b2c1c0eb8d2a51c8ada357b4fc548cf36fd547c,28c2715fbc9b16a75dc7e849a907a807c5097918ff49a92fd0b76583533998a8,87c0cf2e0f6e4cf5cf1ed4a0f6eb27af0115a73f61e811e17185afa0d20e738e
2fa902a4bde72d4f,late,proof:2fa902a4bde72d4f:7b8535d6ff619255965a172c,23,immediate_win|winning_line,TacticalLineWindow,edge,60,897e41795fa2ff26e0355378cf8a5167b375d14ef03f185ae2be39fb7c1c6286,0.02857142860526029,0.02857142857142857,0.026733425080963748,3.3831718676546885e-11,0.0018380035242965415,0.07413066655148103,0.5593607305936074,0.16666666666666666,6,incoming_final_layer_mean_head_attention_mass,7f30492aa9e067bac0cc24649b2c1c0eb8d2a51c8ada357b4fc548cf36fd547c,28c2715fbc9b16a75dc7e849a907a807c5097918ff49a92fd0b76583533998a8,87c0cf2e0f6e4cf5cf1ed4a0f6eb27af0115a73f61e811e17185afa0d20e738e
2fa902a4bde72d4f,late,proof:2fa902a4bde72d4f:7b8535d6ff619255965a172c,23,immediate_win|winning_line,CompletionCell,node,60,897e41795fa2ff26e0355378cf8a5167b375d14ef03f185ae2be39fb7c1c6286,0.028571428711697155,0.02857142857142857,0.02767857142974746,1.4026858494164962e-10,0.0008928572819496966,0.14285714285714285,0.8285714285714286,0.0,1,incoming_final_layer_mean_head_attention_mass,7f30492aa9e067bac0cc24649b2c1c0eb8d2a51c8ada357b4fc548cf36fd547c,28c2715fbc9b16a75dc7e849a907a807c5097918ff49a92fd0b76583533998a8,87c0cf2e0f6e4cf5cf1ed4a0f6eb27af0115a73f61e811e17185afa0d20e738e
2fa902a4bde72d4f,late,proof:2fa902a4bde72d4f:7b8535d6ff619255965a172c,23,immediate_win|winning_line,ProofSupportedGeometry,edge,60,897e41795fa2ff26e0355378cf8a5167b375d14ef03f185ae2be39fb7c1c6286,0.02857142860526029,0.02857142857142857,0.02674644910869696,3.3831718676546885e-11,0.0018249794965633295,0.07413066655148103,0.5593607305936074,0.16666666666666666,6,incoming_final_layer_mean_head_attention_mass,7f30492aa9e067bac0cc24649b2c1c0eb8d2a51c8ada357b4fc548cf36fd547c,28c2715fbc9b16a75dc7e849a907a807c5097918ff49a92fd0b76583533998a8,87c0cf2e0f6e4cf5cf1ed4a0f6eb27af0115a73f61e811e17185afa0d20e738e
2fa902a4bde72d4f,late,proof:2fa902a4bde72d4f:ab7b9c24c13b953e66843dd0,15,simple_fork,WinningThreat,edge,60,897e41795fa2ff26e0355378cf8a5167b375d14ef03f185ae2be39fb7c1c6286,0.053567742094238494,0.05357142857142857,0.05446353074434093,-3.6864771900749216e-06,-0.0008957886501024387,0.07423081765235907,0.4980974124809741,0.08333333333333333,12,incoming_final_layer_mean_head_attention_mass,c4f24f6baffe7a7aecd2c0244bfc12128109cf5832a81777ca2d12acc679ab80,28c2715fbc9b16a75dc7e849a907a807c5097918ff49a92fd0b76583533998a8,87c0cf2e0f6e4cf5cf1ed4a0f6eb27af0115a73f61e811e17185afa0d20e738e
2fa902a4bde72d4f,late,proof:2fa902a4bde72d4f:ab7b9c24c13b953e66843dd0,15,simple_fork,TacticalLineWindow,edge,60,897e41795fa2ff26e0355378cf8a5167b375d14ef03f185ae2be39fb7c1c6286,0.053567742094238494,0.05357142857142857,0.053611428901996425,-3.6864771900749216e-06,-4.36868077579311e-05,0.07423081765235907,0.4980974124809741,0.08333333333333333,12,incoming_final_layer_mean_head_attention_mass,c4f24f6baffe7a7aecd2c0244bfc12128109cf5832a81777ca2d12acc679ab80,28c2715fbc9b16a75dc7e849a907a807c5097918ff49a92fd0b76583533998a8,87c0cf2e0f6e4cf5cf1ed4a0f6eb27af0115a73f61e811e17185afa0d20e738e
2fa902a4bde72d4f,late,proof:2fa902a4bde72d4f:ab7b9c24c13b953e66843dd0,15,simple_fork,CompletionCell,node,60,897e41795fa2ff26e0355378cf8a5167b375d14ef03f185ae2be39fb7c1c6286,0.08571428562951636,0.08571428571428572,0.08459821436094175,-8.476935819956566e-11,0.0011160712685746033,0.14048317274123726,0.561904761904762,0.0,3,incoming_final_layer_mean_head_attention_mass,c4f24f6baffe7a7aecd2c0244bfc12128109cf5832a81777ca2d12acc679ab80,28c2715fbc9b16a75dc7e849a907a807c5097918ff49a92fd0b76583533998a8,87c0cf2e0f6e4cf5cf1ed4a0f6eb27af0115a73f61e811e17185afa0d20e738e
2fa902a4bde72d4f,late,proof:2fa902a4bde72d4f:ab7b9c24c13b953e66843dd0,15,simple_fork,ProofSupportedGeometry,edge,60,897e41795fa2ff26e0355378cf8a5167b375d14ef03f185ae2be39fb7c1c6286,0.053567742094238494,0.05357142857142857,0.054783581921362276,-3.6864771900749216e-06,-0.0012158398271237825,0.07423081765235907,0.4980974124809741,0.08333333333333333,12,incoming_final_layer_mean_head_attention_mass,c4f24f6baffe7a7aecd2c0244bfc12128109cf5832a81777ca2d12acc679ab80,28c2715fbc9b16a75dc7e849a907a807c5097918ff49a92fd0b76583533998a8,87c0cf2e0f6e4cf5cf1ed4a0f6eb27af0115a73f61e811e17185afa0d20e738e
2fa902a4bde72d4f,late,proof:2fa902a4bde72d4f:ceaf7815c1df47f0bc3e6291,19,simple_fork,WinningThreat,edge,60,897e41795fa2ff26e0355378cf8a5167b375d14ef03f185ae2be39fb7c1c6286,0.053287098999565706,0.05357142857142857,0.054050984474260225,-0.00028432957186286245,-0.0007638854746945187,0.07403316872204259,0.4783105022831051,0.08333333333333333,12,incoming_final_layer_mean_head_attention_mass,3526ae6fe315599309a51215af0d013fa1f5a0692040e25168832edbe7fb044f,28c2715fbc9b16a75dc7e849a907a807c5097918ff49a92fd0b76583533998a8,87c0cf2e0f6e4cf5cf1ed4a0f6eb27af0115a73f61e811e17185afa0d20e738e
2fa902a4bde72d4f,late,proof:2fa902a4bde72d4f:ceaf7815c1df47f0bc3e6291,19,simple_fork,TacticalLineWindow,edge,60,897e41795fa2ff26e0355378cf8a5167b375d14ef03f185ae2be39fb7c1c6286,0.053287098999565706,0.05357142857142857,0.05495629052261994,-0.00028432957186286245,-0.0016691915230542323,0.07403316872204259,0.4783105022831051,0.08333333333333333,12,incoming_final_layer_mean_head_attention_mass,3526ae6fe315599309a51215af0d013fa1f5a0692040e25168832edbe7fb044f,28c2715fbc9b16a75dc7e849a907a807c5097918ff49a92fd0b76583533998a8,87c0cf2e0f6e4cf5cf1ed4a0f6eb27af0115a73f61e811e17185afa0d20e738e
2fa902a4bde72d4f,late,proof:2fa902a4bde72d4f:ceaf7815c1df47f0bc3e6291,19,simple_fork,CompletionCell,node,60,897e41795fa2ff26e0355378cf8a5167b375d14ef03f185ae2be39fb7c1c6286,0.08571428608187304,0.08571428571428572,0.08236607144045352,3.675873216923975e-10,0.003348214641419517,0.2528138528138528,0.8095238095238096,0.0,3,incoming_final_layer_mean_head_attention_mass,3526ae6fe315599309a51215af0d013fa1f5a0692040e25168832edbe7fb044f,28c2715fbc9b16a75dc7e849a907a807c5097918ff49a92fd0b76583533998a8,87c0cf2e0f6e4cf5cf1ed4a0f6eb27af0115a73f61e811e17185afa0d20e738e
2fa902a4bde72d4f,late,proof:2fa902a4bde72d4f:ceaf7815c1df47f0bc3e6291,19,simple_fork,ProofSupportedGeometry,edge,60,897e41795fa2ff26e0355378cf8a5167b375d14ef03f185ae2be39fb7c1c6286,0.053287098999565706,0.05357142857142857,0.05617827262709327,-0.00028432957186286245,-0.0028911736275275615,0.07403316872204259,0.4783105022831051,0.08333333333333333,12,incoming_final_layer_mean_head_attention_mass,3526ae6fe315599309a51215af0d013fa1f5a0692040e25168832edbe7fb044f,28c2715fbc9b16a75dc7e849a907a807c5097918ff49a92fd0b76583533998a8,87c0cf2e0f6e4cf5cf1ed4a0f6eb27af0115a73f61e811e17185afa0d20e738e
58de86eedc55d29f,late,proof:58de86eedc55d29f:372a362e45765350877153b3,15,simple_fork,WinningThreat,edge,60,897e41795fa2ff26e0355378cf8a5167b375d14ef03f185ae2be39fb7c1c6286,0.05094239332412059,0.05,0.05428035210614547,0.0009423933241205842,-0.0033379587820248843,0.06743289258562662,0.5053272450532725,0.0,12,incoming_final_layer_mean_head_attention_mass,946070880389493356baf4f8631c52ef75bbf1e2e99f051a6bcd023b581e144c,28c2715fbc9b16a75dc7e849a907a807c5097918ff49a92fd0b76583533998a8,87c0cf2e0f6e4cf5cf1ed4a0f6eb27af0115a73f61e811e17185afa0d20e738e
58de86eedc55d29f,late,proof:58de86eedc55d29f:372a362e45765350877153b3,15,simple_fork,TacticalLineWindow,edge,60,897e41795fa2ff26e0355378cf8a5167b375d14ef03f185ae2be39fb7c1c6286,0.05094239332412059,0.05,0.05399081937962735,0.0009423933241205842,-0.0030484260555067658,0.06743289258562662,0.5053272450532725,0.0,12,incoming_final_layer_mean_head_attention_mass,946070880389493356baf4f8631c52ef75bbf1e2e99f051a6bcd023b581e144c,28c2715fbc9b16a75dc7e849a907a807c5097918ff49a92fd0b76583533998a8,87c0cf2e0f6e4cf5cf1ed4a0f6eb27af0115a73f61e811e17185afa0d20e738e
58de86eedc55d29f,late,proof:58de86eedc55d29f:372a362e45765350877153b3,15,simple_fork,CompletionCell,node,60,897e41795fa2ff26e0355378cf8a5167b375d14ef03f185ae2be39fb7c1c6286,0.08571428572835059,0.08571428571428572,0.08325892851039071,1.4064874265251603e-11,0.0024553572179598776,0.2317948717948718,0.5238095238095237,0.3333333333333333,3,incoming_final_layer_mean_head_attention_mass,946070880389493356baf4f8631c52ef75bbf1e2e99f051a6bcd023b581e144c,28c2715fbc9b16a75dc7e849a907a807c5097918ff49a92fd0b76583533998a8,87c0cf2e0f6e4cf5cf1ed4a0f6eb27af0115a73f61e811e17185afa0d20e738e
58de86eedc55d29f,late,proof:58de86eedc55d29f:372a362e45765350877153b3,15,simple_fork,ProofSupportedGeometry,edge,60,897e41795fa2ff26e0355378cf8a5167b375d14ef03f185ae2be39fb7c1c6286,0.05094239332412059,0.05,0.05634207572187685,0.0009423933241205842,-0.005399682397756261,0.06743289258562662,0.5053272450532725,0.0,12,incoming_final_layer_mean_head_attention_mass,946070880389493356baf4f8631c52ef75bbf1e2e99f051a6bcd023b581e144c,28c2715fbc9b16a75dc7e849a907a807c5097918ff49a92fd0b76583533998a8,87c0cf2e0f6e4cf5cf1ed4a0f6eb27af0115a73f61e811e17185afa0d20e738e
58de86eedc55d29f,late,proof:58de86eedc55d29f:9984890079b45dc1f2f8a0af,23,mandatory_block,WinningThreat,edge,60,897e41795fa2ff26e0355378cf8a5167b375d14ef03f185ae2be39fb7c1c6286,0.028571428753511638,0.02857142857142857,0.027253113535016613,1.8208306737377278e-10,0.0013183152184950246,0.07717313512527783,0.5593607305936074,0.16666666666666666,6,incoming_final_layer_mean_head_attention_mass,e30cd8db463858aadf68e9ef6dabe54febebb94c68a9c852b474a9b98cf04742,28c2715fbc9b16a75dc7e849a907a807c5097918ff49a92fd0b76583533998a8,87c0cf2e0f6e4cf5cf1ed4a0f6eb27af0115a73f61e811e17185afa0d20e738e
58de86eedc55d29f,late,proof:58de86eedc55d29f:9984890079b45dc1f2f8a0af,23,mandatory_block,TacticalLineWindow,edge,60,897e41795fa2ff26e0355378cf8a5167b375d14ef03f185ae2be39fb7c1c6286,0.028571428753511638,0.02857142857142857,0.027086382758318088,1.8208306737377278e-10,0.00148504599519355,0.07717313512527783,0.5593607305936074,0.16666666666666666,6,incoming_final_layer_mean_head_attention_mass,e30cd8db463858aadf68e9ef6dabe54febebb94c68a9c852b474a9b98cf04742,28c2715fbc9b16a75dc7e849a907a807c5097918ff49a92fd0b76583533998a8,87c0cf2e0f6e4cf5cf1ed4a0f6eb27af0115a73f61e811e17185afa0d20e738e
58de86eedc55d29f,late,proof:58de86eedc55d29f:9984890079b45dc1f2f8a0af,23,mandatory_block,CompletionCell,node,60,897e41795fa2ff26e0355378cf8a5167b375d14ef03f185ae2be39fb7c1c6286,0.028571428540637905,0.02857142857142857,0.02767857142493642,-3.0790665156432695e-11,0.000892857115701487,0.05555555555555555,0.5142857142857142,0.0,1,incoming_final_layer_mean_head_attention_mass,e30cd8db463858aadf68e9ef6dabe54febebb94c68a9c852b474a9b98cf04742,28c2715fbc9b16a75dc7e849a907a807c5097918ff49a92fd0b76583533998a8,87c0cf2e0f6e4cf5cf1ed4a0f6eb27af0115a73f61e811e17185afa0d20e738e
58de86eedc55d29f,late,proof:58de86eedc55d29f:9984890079b45dc1f2f8a0af,23,mandatory_block,ForcedResponse,node,60,897e41795fa2ff26e0355378cf8a5167b375d14ef03f185ae2be39fb7c1c6286,0.028571428540637905,0.02857142857142857,0.02790178571290477,-3.0790665156432695e-11,0.000669642827733137,0.05555555555555555,0.5142857142857142,0.0,1,incoming_final_layer_mean_head_attention_mass,e30cd8db463858aadf68e9ef6dabe54febebb94c68a9c852b474a9b98cf04742,28c2715fbc9b16a75dc7e849a907a807c5097918ff49a92fd0b76583533998a8,87c0cf2e0f6e4cf5cf1ed4a0f6eb27af0115a73f61e811e17185afa0d20e738e
58de86eedc55d29f,late,proof:58de86eedc55d29f:9984890079b45dc1f2f8a0af,23,mandatory_block,BlockingMove,node,60,897e41795fa2ff26e0355378cf8a5167b375d14ef03f185ae2be39fb7c1c6286,0.028571428540637905,0.02857142857142857,0.027901785677980174,-3.0790665156432695e-11,0.0006696428626577315,0.05555555555555555,0.5142857142857142,0.0,1,incoming_final_layer_mean_head_attention_mass,e30cd8db463858aadf68e9ef6dabe54febebb94c68a9c852b474a9b98cf04742,28c2715fbc9b16a75dc7e849a907a807c5097918ff49a92fd0b76583533998a8,87c0cf2e0f6e4cf5cf1ed4a0f6eb27af0115a73f61e811e17185afa0d20e738e
58de86eedc55d29f,late,proof:58de86eedc55d29f:9984890079b45dc1f2f8a0af,23,mandatory_block,ProofSupportedGeometry,edge,60,897e41795fa2ff26e0355378cf8a5167b375d14ef03f185ae2be39fb7c1c6286,0.028571428753511638,0.02857142857142857,0.02658758868392032,1.8208306737377278e-10,0.0019838400695913194,0.07717313512527783,0.5593607305936074,0.16666666666666666,6,incoming_final_layer_mean_head_attention_mass,e30cd8db463858aadf68e9ef6dabe54febebb94c68a9c852b474a9b98cf04742,28c2715fbc9b16a75dc7e849a907a807c5097918ff49a92fd0b76583533998a8,87c0cf2e0f6e4cf5cf1ed4a0f6eb27af0115a73f61e811e17185afa0d20e738e
55c6be1343917df6,late,proof:55c6be1343917df6:701be774bccc7e030620179a,14,simple_fork,WinningThreat,edge,60,897e41795fa2ff26e0355378cf8a5167b375d14ef03f185ae2be39fb7c1c6286,0.07858137052439408,0.07857142857142857,0.08124874691728404,9.94195296551148e-06,-0.0026673763928899558,0.09094754192927283,0.4809741248097413,0.1111111111111111,18,incoming_final_layer_mean_head_attention_mass,820ffab8e145f57d67b9d9c688522c67036ec1d7a72f11ea0455380b5a16484d,28c2715fbc9b16a75dc7e849a907a807c5097918ff49a92fd0b76583533998a8,87c0cf2e0f6e4cf5cf1ed4a0f6eb27af0115a73f61e811e17185afa0d20e738e
55c6be1343917df6,late,proof:55c6be1343917df6:701be774bccc7e030620179a,14,simple_fork,TacticalLineWindow,edge,60,897e41795fa2ff26e0355378cf8a5167b375d14ef03f185ae2be39fb7c1c6286,0.07858137052439408,0.07857142857142857,0.08381779738023112,9.94195296551148e-06,-0.0052364268558370425,0.09094754192927283,0.4809741248097413,0.1111111111111111,18,incoming_final_layer_mean_head_attention_mass,820ffab8e145f57d67b9d9c688522c67036ec1d7a72f11ea0455380b5a16484d,28c2715fbc9b16a75dc7e849a907a807c5097918ff49a92fd0b76583533998a8,87c0cf2e0f6e4cf5cf1ed4a0f6eb27af0115a73f61e811e17185afa0d20e738e
55c6be1343917df6,late,proof:55c6be1343917df6:701be774bccc7e030620179a,14,simple_fork,CompletionCell,node,60,897e41795fa2ff26e0355378cf8a5167b375d14ef03f185ae2be39fb7c1c6286,0.11428571475935834,0.11428571428571428,0.1120535713989271,4.736440545327625e-10,0.0022321433604312324,0.35547619047619045,0.7428571428571429,0.25,4,incoming_final_layer_mean_head_attention_mass,820ffab8e145f57d67b9d9c688522c67036ec1d7a72f11ea0455380b5a16484d,28c2715fbc9b16a75dc7e849a907a807c5097918ff49a92fd0b76583533998a8,87c0cf2e0f6e4cf5cf1ed4a0f6eb27af0115a73f61e811e17185afa0d20e738e
55c6be1343917df6,late,proof:55c6be1343917df6:701be774bccc7e030620179a,14,simple_fork,ProofSupportedGeometry,edge,60,897e41795fa2ff26e0355378cf8a5167b375d14ef03f185ae2be39fb7c1c6286,0.07858137052439408,0.07857142857142857,0.08175174960677929,9.94195296551148e-06,-0.0031703790823852107,0.09094754192927283,0.4809741248097413,0.1111111111111111,18,incoming_final_layer_mean_head_attention_mass,820ffab8e145f57d67b9d9c688522c67036ec1d7a72f11ea0455380b5a16484d,28c2715fbc9b16a75dc7e849a907a807c5097918ff49a92fd0b76583533998a8,87c0cf2e0f6e4cf5cf1ed4a0f6eb27af0115a73f61e811e17185afa0d20e738e
55c6be1343917df6,late,proof:55c6be1343917df6:7b8535d6ff619255965a172c,23,immediate_win|winning_line,WinningThreat,edge,60,897e41795fa2ff26e0355378cf8a5167b375d14ef03f185ae2be39fb7c1c6286,0.02857142859005502,0.02857142857142857,0.027016502847398146,1.8626451075975936e-11,0.0015549257426568756,0.07524476997829832,0.5593607305936072,0.16666666666666666,6,incoming_final_layer_mean_head_attention_mass,3937b3c7f10c7d5c4306f3bd82aba59a3ec360f8560d16150ffe2363a28fac8d,28c2715fbc9b16a75dc7e849a907a807c5097918ff49a92fd0b76583533998a8,87c0cf2e0f6e4cf5cf1ed4a0f6eb27af0115a73f61e811e17185afa0d20e738e
55c6be1343917df6,late,proof:55c6be1343917df6:7b8535d6ff619255965a172c,23,immediate_win|winning_line,TacticalLineWindow,edge,60,897e41795fa2ff26e0355378cf8a5167b375d14ef03f185ae2be39fb7c1c6286,0.02857142859005502,0.02857142857142857,0.02812316066498221,1.8626451075975936e-11,0.0004482679250728122,0.07524476997829832,0.5593607305936072,0.16666666666666666,6,incoming_final_layer_mean_head_attention_mass,3937b3c7f10c7d5c4306f3bd82aba59a3ec360f8560d16150ffe2363a28fac8d,28c2715fbc9b16a75dc7e849a907a807c5097918ff49a92fd0b76583533998a8,87c0cf2e0f6e4cf5cf1ed4a0f6eb27af0115a73f61e811e17185afa0d20e738e
55c6be1343917df6,late,proof:55c6be1343917df6:7b8535d6ff619255965a172c,23,immediate_win|winning_line,CompletionCell,node,60,897e41795fa2ff26e0355378cf8a5167b375d14ef03f185ae2be39fb7c1c6286,0.028571428723101106,0.02857142857142857,0.028124999953891217,1.5167253564207783e-10,0.00044642876920988894,0.14285714285714285,0.8285714285714286,0.0,1,incoming_final_layer_mean_head_attention_mass,3937b3c7f10c7d5c4306f3bd82aba59a3ec360f8560d16150ffe2363a28fac8d,28c2715fbc9b16a75dc7e849a907a807c5097918ff49a92fd0b76583533998a8,87c0cf2e0f6e4cf5cf1ed4a0f6eb27af0115a73f61e811e17185afa0d20e738e
55c6be1343917df6,late,proof:55c6be1343917df6:7b8535d6ff619255965a172c,23,immediate_win|winning_line,ProofSupportedGeometry,edge,60,897e41795fa2ff26e0355378cf8a5167b375d14ef03f185ae2be39fb7c1c6286,0.02857142859005502,0.02857142857142857,0.02687935195694323,1.8626451075975936e-11,0.0016920766331117928,0.07524476997829832,0.5593607305936072,0.16666666666666666,6,incoming_final_layer_mean_head_attention_mass,3937b3c7f10c7d5c4306f3bd82aba59a3ec360f8560d16150ffe2363a28fac8d,28c2715fbc9b16a75dc7e849a907a807c5097918ff49a92fd0b76583533998a8,87c0cf2e0f6e4cf5cf1ed4a0f6eb27af0115a73f61e811e17185afa0d20e738e
55c6be1343917df6,late,proof:55c6be1343917df6:ab7b9c24c13b953e66843dd0,15,simple_fork,WinningThreat,edge,60,897e41795fa2ff26e0355378cf8a5167b375d14ef03f185ae2be39fb7c1c6286,0.053656457429395385,0.05357142857142857,0.05414448312517609,8.502885796681653e-05,-0.0004880256957807069,0.07617800163121509,0.5102739726027398,0.08333333333333333,12,incoming_final_layer_mean_head_attention_mass,1c572ced5c762fc9e78432854538f55de38e969db7ea1c14e308782f3ec45c0d,28c2715fbc9b16a75dc7e849a907a807c5097918ff49a92fd0b76583533998a8,87c0cf2e0f6e4cf5cf1ed4a0f6eb27af0115a73f61e811e17185afa0d20e738e
55c6be1343917df6,late,proof:55c6be1343917df6:ab7b9c24c13b953e66843dd0,15,simple_fork,TacticalLineWindow,edge,60,897e41795fa2ff26e0355378cf8a5167b375d14ef03f185ae2be39fb7c1c6286,0.053656457429395385,0.05357142857142857,0.053800629396093834,8.502885796681653e-05,-0.00014417196669844895,0.07617800163121509,0.5102739726027398,0.08333333333333333,12,incoming_final_layer_mean_head_attention_mass,1c572ced5c762fc9e78432854538f55de38e969db7ea1c14e308782f3ec45c0d,28c2715fbc9b16a75dc7e849a907a807c5097918ff49a92fd0b76583533998a8,87c0cf2e0f6e4cf5cf1ed4a0f6eb27af0115a73f61e811e17185afa0d20e738e
55c6be1343917df6,late,proof:55c6be1343917df6:ab7b9c24c13b953e66843dd0,15,simple_fork,CompletionCell,node,60,897e41795fa2ff26e0355378cf8a5167b375d14ef03f185ae2be39fb7c1c6286,0.08571428603625723,0.08571428571428572,0.08348214290491472,3.2197151889068465e-10,0.002232143131342512,0.3019047619047619,0.7047619047619048,0.3333333333333333,3,incoming_final_layer_mean_head_attention_mass,1c572ced5c762fc9e78432854538f55de38e969db7ea1c14e308782f3ec45c0d,28c2715fbc9b16a75dc7e849a907a807c5097918ff49a92fd0b76583533998a8,87c0cf2e0f6e4cf5cf1ed4a0f6eb27af0115a73f61e811e17185afa0d20e738e
55c6be1343917df6,late,proof:55c6be1343917df6:ab7b9c24c13b953e66843dd0,15,simple_fork,ProofSupportedGeometry,edge,60,897e41795fa2ff26e0355378cf8a5167b375d14ef03f185ae2be39fb7c1c6286,0.053656457429395385,0.05357142857142857,0.05322214818411353,8.502885796681653e-05,0.0004343092452818581,0.07617800163121509,0.5102739726027398,0.08333333333333333,12,incoming_final_layer_mean_head_attention_mass,1c572ced5c762fc9e78432854538f55de38e969db7ea1c14e308782f3ec45c0d,28c2715fbc9b16a75dc7e849a907a807c5097918ff49a92fd0b76583533998a8,87c0cf2e0f6e4cf5cf1ed4a0f6eb27af0115a73f61e811e17185afa0d20e738e
55c6be1343917df6,late,proof:55c6be1343917df6:ceaf7815c1df47f0bc3e6291,19,simple_fork,WinningThreat,edge,60,897e41795fa2ff26e0355378cf8a5167b375d14ef03f185ae2be39fb7c1c6286,0.05349634168505372,0.05357142857142857,0.05383475115681693,-7.50868863748505e-05,-0.0003384094717632097,0.07594013018971661,0.49086757990867574,0.08333333333333333,12,incoming_final_layer_mean_head_attention_mass,f0bc2dff1f104f1ad62ecb5f85ad59f38ab448c392d8108e1817de4b167aedb8,28c2715fbc9b16a75dc7e849a907a807c5097918ff49a92fd0b76583533998a8,87c0cf2e0f6e4cf5cf1ed4a0f6eb27af0115a73f61e811e17185afa0d20e738e
55c6be1343917df6,late,proof:55c6be1343917df6:ceaf7815c1df47f0bc3e6291,19,simple_fork,TacticalLineWindow,edge,60,897e41795fa2ff26e0355378cf8a5167b375d14ef03f185ae2be39fb7c1c6286,0.05349634168505372,0.05357142857142857,0.05430322355013184,-7.50868863748505e-05,-0.0008068818650781226,0.07594013018971661,0.49086757990867574,0.08333333333333333,12,incoming_final_layer_mean_head_attention_mass,f0bc2dff1f104f1ad62ecb5f85ad59f38ab448c392d8108e1817de4b167aedb8,28c2715fbc9b16a75dc7e849a907a807c5097918ff49a92fd0b76583533998a8,87c0cf2e0f6e4cf5cf1ed4a0f6eb27af0115a73f61e811e17185afa0d20e738e
55c6be1343917df6,late,proof:55c6be1343917df6:ceaf7815c1df47f0bc3e6291,19,simple_fork,CompletionCell,node,60,897e41795fa2ff26e0355378cf8a5167b375d14ef03f185ae2be39fb7c1c6286,0.08571428627574018,0.08571428571428572,0.08303571428413437,5.614544662524423e-10,0.002678571991605816,0.42063492063492064,0.8857142857142857,0.3333333333333333,3,incoming_final_layer_mean_head_attention_mass,f0bc2dff1f104f1ad62ecb5f85ad59f38ab448c392d8108e1817de4b167aedb8,28c2715fbc9b16a75dc7e849a907a807c5097918ff49a92fd0b76583533998a8,87c0cf2e0f6e4cf5cf1ed4a0f6eb27af0115a73f61e811e17185afa0d20e738e
55c6be1343917df6,late,proof:55c6be1343917df6:ceaf7815c1df47f0bc3e6291,19,simple_fork,ProofSupportedGeometry,edge,60,897e41795fa2ff26e0355378cf8a5167b375d14ef03f185ae2be39fb7c1c6286,0.05349634168505372,0.05357142857142857,0.05347269168001631,-7.50868863748505e-05,2.365000503740805e-05,0.07594013018971661,0.49086757990867574,0.08333333333333333,12,incoming_final_layer_mean_head_attention_mass,f0bc2dff1f104f1ad62ecb5f85ad59f38ab448c392d8108e1817de4b167aedb8,28c2715fbc9b16a75dc7e849a907a807c5097918ff49a92fd0b76583533998a8,87c0cf2e0f6e4cf5cf1ed4a0f6eb27af0115a73f61e811e17185afa0d20e738e
5c46d4cab0649bd7,late,proof:5c46d4cab0649bd7:372a362e45765350877153b3,15,simple_fork,WinningThreat,edge,60,897e41795fa2ff26e0355378cf8a5167b375d14ef03f185ae2be39fb7c1c6286,0.05094239310690228,0.05,0.05356444039319804,0.0009423931069022784,-0.0026220472862957603,0.06783101676416449,0.506468797564688,0.0,12,incoming_final_layer_mean_head_attention_mass,666c0f6120324c82ba2018f8680cae901091ed7bdae2805144e70ff64580e350,28c2715fbc9b16a75dc7e849a907a807c5097918ff49a92fd0b76583533998a8,87c0cf2e0f6e4cf5cf1ed4a0f6eb27af0115a73f61e811e17185afa0d20e738e
5c46d4cab0649bd7,late,proof:5c46d4cab0649bd7:372a362e45765350877153b3,15,simple_fork,TacticalLineWindow,edge,60,897e41795fa2ff26e0355378cf8a5167b375d14ef03f185ae2be39fb7c1c6286,0.05094239310690228,0.05,0.053347566673663555,0.0009423931069022784,-0.0024051735667612734,0.06783101676416449,0.506468797564688,0.0,12,incoming_final_layer_mean_head_attention_mass,666c0f6120324c82ba2018f8680cae901091ed7bdae2805144e70ff64580e350,28c2715fbc9b16a75dc7e849a907a807c5097918ff49a92fd0b76583533998a8,87c0cf2e0f6e4cf5cf1ed4a0f6eb27af0115a73f61e811e17185afa0d20e738e
5c46d4cab0649bd7,late,proof:5c46d4cab0649bd7:372a362e45765350877153b3,15,simple_fork,CompletionCell,node,60,897e41795fa2ff26e0355378cf8a5167b375d14ef03f185ae2be39fb7c1c6286,0.08571428574469625,0.08571428571428572,0.08325892860519496,3.04105352011419e-11,0.0024553571395012908,0.12085137085137083,0.5714285714285715,0.0,3,incoming_final_layer_mean_head_attention_mass,666c0f6120324c82ba2018f8680cae901091ed7bdae2805144e70ff64580e350,28c2715fbc9b16a75dc7e849a907a807c5097918ff49a92fd0b76583533998a8,87c0cf2e0f6e4cf5cf1ed4a0f6eb27af0115a73f61e811e17185afa0d20e738e
5c46d4cab0649bd7,late,proof:5c46d4cab0649bd7:372a362e45765350877153b3,15,simple_fork,ProofSupportedGeometry,edge,60,897e41795fa2ff26e0355378cf8a5167b375d14ef03f185ae2be39fb7c1c6286,0.05094239310690228,0.05,0.05534267488091564,0.0009423931069022784,-0.004400281774013359,0.06783101676416449,0.506468797564688,0.0,12,incoming_final_layer_mean_head_attention_mass,666c0f6120324c82ba2018f8680cae901091ed7bdae2805144e70ff64580e350,28c2715fbc9b16a75dc7e849a907a807c5097918ff49a92fd0b76583533998a8,87c0cf2e0f6e4cf5cf1ed4a0f6eb27af0115a73f61e811e17185afa0d20e738e
5c46d4cab0649bd7,late,proof:5c46d4cab0649bd7:9984890079b45dc1f2f8a0af,23,mandatory_block,WinningThreat,edge,60,897e41795fa2ff26e0355378cf8a5167b375d14ef03f185ae2be39fb7c1c6286,0.028571428750090454,0.02857142857142857,0.027880976580536378,1.786618838983678e-10,0.0006904521695540768,0.07746069221649642,0.5593607305936074,0.16666666666666666,6,incoming_final_layer_mean_head_attention_mass,e850ded1d3587a54ed723f491cadcaf3d852ae7462c659225c0316f7e57ad1b5,28c2715fbc9b16a75dc7e849a907a807c5097918ff49a92fd0b76583533998a8,87c0cf2e0f6e4cf5cf1ed4a0f6eb27af0115a73f61e811e17185afa0d20e738e
5c46d4cab0649bd7,late,proof:5c46d4cab0649bd7:9984890079b45dc1f2f8a0af,23,mandatory_block,TacticalLineWindow,edge,60,897e41795fa2ff26e0355378cf8a5167b375d14ef03f185ae2be39fb7c1c6286,0.028571428750090454,0.02857142857142857,0.027730408143072795,1.786618838983678e-10,0.0008410206070176597,0.07746069221649642,0.5593607305936074,0.16666666666666666,6,incoming_final_layer_mean_head_attention_mass,e850ded1d3587a54ed723f491cadcaf3d852ae7462c659225c0316f7e57ad1b5,28c2715fbc9b16a75dc7e849a907a807c5097918ff49a92fd0b76583533998a8,87c0cf2e0f6e4cf5cf1ed4a0f6eb27af0115a73f61e811e17185afa0d20e738e
5c46d4cab0649bd7,late,proof:5c46d4cab0649bd7:9984890079b45dc1f2f8a0af,23,mandatory_block,CompletionCell,node,60,897e41795fa2ff26e0355378cf8a5167b375d14ef03f185ae2be39fb7c1c6286,0.028571428590435155,0.02857142857142857,0.02723214287692158,1.9006584500713686e-11,0.0013392857135135737,0.0625,0.5714285714285714,0.0,1,incoming_final_layer_mean_head_attention_mass,e850ded1d3587a54ed723f491cadcaf3d852ae7462c659225c0316f7e57ad1b5,28c2715fbc9b16a75dc7e849a907a807c5097918ff49a92fd0b76583533998a8,87c0cf2e0f6e4cf5cf1ed4a0f6eb27af0115a73f61e811e17185afa0d20e738e
5c46d4cab0649bd7,late,proof:5c46d4cab0649bd7:9984890079b45dc1f2f8a0af,23,mandatory_block,ForcedResponse,node,60,897e41795fa2ff26e0355378cf8a5167b375d14ef03f185ae2be39fb7c1c6286,0.028571428590435155,0.02857142857142857,0.02790178567796532,1.9006584500713686e-11,0.0006696429124698339,0.0625,0.5714285714285714,0.0,1,incoming_final_layer_mean_head_attention_mass,e850ded1d3587a54ed723f491cadcaf3d852ae7462c659225c0316f7e57ad1b5,28c2715fbc9b16a75dc7e849a907a807c5097918ff49a92fd0b76583533998a8,87c0cf2e0f6e4cf5cf1ed4a0f6eb27af0115a73f61e811e17185afa0d20e738e
5c46d4cab0649bd7,late,proof:5c46d4cab0649bd7:9984890079b45dc1f2f8a0af,23,mandatory_block,BlockingMove,node,60,897e41795fa2ff26e0355378cf8a5167b375d14ef03f185ae2be39fb7c1c6286,0.028571428590435155,0.02857142857142857,0.028348214275468547,1.9006584500713686e-11,0.0002232143149666077,0.0625,0.5714285714285714,0.0,1,incoming_final_layer_mean_head_attention_mass,e850ded1d3587a54ed723f491cadcaf3d852ae7462c659225c0316f7e57ad1b5,28c2715fbc9b16a75dc7e849a907a807c5097918ff49a92fd0b76583533998a8,87c0cf2e0f6e4cf5cf1ed4a0f6eb27af0115a73f61e811e17185afa0d20e738e
5c46d4cab0649bd7,late,proof:5c46d4cab0649bd7:9984890079b45dc1f2f8a0af,23,mandatory_block,ProofSupportedGeometry,edge,60,897e41795fa2ff26e0355378cf8a5167b375d14ef03f185ae2be39fb7c1c6286,0.028571428750090454,0.02857142857142857,0.028566907983916482,1.786618838983678e-10,4.5207661739724014e-06,0.07746069221649642,0.5593607305936074,0.16666666666666666,6,incoming_final_layer_mean_head_attention_mass,e850ded1d3587a54ed723f491cadcaf3d852ae7462c659225c0316f7e57ad1b5,28c2715fbc9b16a75dc7e849a907a807c5097918ff49a92fd0b76583533998a8,87c0cf2e0f6e4cf5cf1ed4a0f6eb27af0115a73f61e811e17185afa0d20e738e
30fc470f7401da0c,late,proof:30fc470f7401da0c:7b8535d6ff619255965a172c,23,immediate_win|winning_line,WinningThreat,edge,60,897e41795fa2ff26e0355378cf8a5167b375d14ef03f185ae2be39fb7c1c6286,0.02857142883866113,0.02857142857142857,0.027099609301074322,2.672325589980762e-10,0.0014718195375868076,0.07606625508889797,0.5593607305936071,0.16666666666666666,6,incoming_final_layer_mean_head_attention_mass,e48f65113b82f459fccdbcf27bb8a1ea61b906eb78b912cb8c1156d2d69f4f3a,28c2715fbc9b16a75dc7e849a907a807c5097918ff49a92fd0b76583533998a8,87c0cf2e0f6e4cf5cf1ed4a0f6eb27af0115a73f61e811e17185afa0d20e738e
30fc470f7401da0c,late,proof:30fc470f7401da0c:7b8535d6ff619255965a172c,23,immediate_win|winning_line,TacticalLineWindow,edge,60,897e41795fa2ff26e0355378cf8a5167b375d14ef03f185ae2be39fb7c1c6286,0.02857142883866113,0.02857142857142857,0.027793538363414753,2.672325589980762e-10,0.0007778904752463768,0.07606625508889797,0.5593607305936071,0.16666666666666666,6,incoming_final_layer_mean_head_attention_mass,e48f65113b82f459fccdbcf27bb8a1ea61b906eb78b912cb8c1156d2d69f4f3a,28c2715fbc9b16a75dc7e849a907a807c5097918ff49a92fd0b76583533998a8,87c0cf2e0f6e4cf5cf1ed4a0f6eb27af0115a73f61e811e17185afa0d20e738e
30fc470f7401da0c,late,proof:30fc470f7401da0c:7b8535d6ff619255965a172c,23,immediate_win|winning_line,CompletionCell,node,60,897e41795fa2ff26e0355378cf8a5167b375d14ef03f185ae2be39fb7c1c6286,0.028571428679005834,0.02857142857142857,0.027455357121085697,1.0757726306986903e-10,0.001116071557920137,0.125,0.8,0.0,1,incoming_final_layer_mean_head_attention_mass,e48f65113b82f459fccdbcf27bb8a1ea61b906eb78b912cb8c1156d2d69f4f3a,28c2715fbc9b16a75dc7e849a907a807c5097918ff49a92fd0b76583533998a8,87c0cf2e0f6e4cf5cf1ed4a0f6eb27af0115a73f61e811e17185afa0d20e738e
30fc470f7401da0c,late,proof:30fc470f7401da0c:7b8535d6ff619255965a172c,23,immediate_win|winning_line,ProofSupportedGeometry,edge,60,897e41795fa2ff26e0355378cf8a5167b375d14ef03f185ae2be39fb7c1c6286,0.02857142883866113,0.02857142857142857,0.02725238276035423,2.672325589980762e-10,0.0013190460783069,0.07606625508889797,0.5593607305936071,0.16666666666666666,6,incoming_final_layer_mean_head_attention_mass,e48f65113b82f459fccdbcf27bb8a1ea61b906eb78b912cb8c1156d2d69f4f3a,28c2715fbc9b16a75dc7e849a907a807c5097918ff49a92fd0b76583533998a8,87c0cf2e0f6e4cf5cf1ed4a0f6eb27af0115a73f61e811e17185afa0d20e738e
36b2c85b266010b4,late,proof:36b2c85b266010b4:0ea340a51fc01f4b8e85df7b,20,immediate_win|winning_line,WinningThreat,edge,60,897e41795fa2ff26e0355378cf8a5167b375d14ef03f185ae2be39fb7c1c6286,0.024391350436969612,0.025,0.02665696861330215,-0.000608649563030389,-0.002265618176332536,0.030497227148951995,0.4041095890410958,0.0,6,incoming_final_layer_mean_head_attention_mass,59bd1e75ac0d036f31d534e5bc593592ebc8ad4960615e9f91a2cf591d91fe7d,28c2715fbc9b16a75dc7e849a907a807c5097918ff49a92fd0b76583533998a8,87c0cf2e0f6e4cf5cf1ed4a0f6eb27af0115a73f61e811e17185afa0d20e738e
36b2c85b266010b4,late,proof:36b2c85b266010b4:0ea340a51fc01f4b8e85df7b,20,immediate_win|winning_line,TacticalLineWindow,edge,60,897e41795fa2ff26e0355378cf8a5167b375d14ef03f185ae2be39fb7c1c6286,0.024391350436969612,0.025,0.026603118171617382,-0.000608649563030389,-0.0022117677346477696,0.030497227148951995,0.4041095890410958,0.0,6,incoming_final_layer_mean_head_attention_mass,59bd1e75ac0d036f31d534e5bc593592ebc8ad4960615e9f91a2cf591d91fe7d,28c2715fbc9b16a75dc7e849a907a807c5097918ff49a92fd0b76583533998a8,87c0cf2e0f6e4cf5cf1ed4a0f6eb27af0115a73f61e811e17185afa0d20e738e
36b2c85b266010b4,late,proof:36b2c85b266010b4:0ea340a51fc01f4b8e85df7b,20,immediate_win|winning_line,CompletionCell,node,60,897e41795fa2ff26e0355378cf8a5167b375d14ef03f185ae2be39fb7c1c6286,0.028571428542538566,0.02857142857142857,0.02834821428823266,-2.889000497163785e-11,0.00022321425430590555,0.05263157894736842,0.4857142857142857,0.0,1,incoming_final_layer_mean_head_attention_mass,59bd1e75ac0d036f31d534e5bc593592ebc8ad4960615e9f91a2cf591d91fe7d,28c2715fbc9b16a75dc7e849a907a807c5097918ff49a92fd0b76583533998a8,87c0cf2e0f6e4cf5cf1ed4a0f6eb27af0115a73f61e811e17185afa0d20e738e
36b2c85b266010b4,late,proof:36b2c85b266010b4:0ea340a51fc01f4b8e85df7b,20,immediate_win|winning_line,ProofSupportedGeometry,edge,60,897e41795fa2ff26e0355378cf8a5167b375d14ef03f185ae2be39fb7c1c6286,0.024391350436969612,0.025,0.027317955642584036,-0.000608649563030389,-0.0029266052056144236,0.030497227148951995,0.4041095890410958,0.0,6,incoming_final_layer_mean_head_attention_mass,59bd1e75ac0d036f31d534e5bc593592ebc8ad4960615e9f91a2cf591d91fe7d,28c2715fbc9b16a75dc7e849a907a807c5097918ff49a92fd0b76583533998a8,87c0cf2e0f6e4cf5cf1ed4a0f6eb27af0115a73f61e811e17185afa0d20e738e
36b2c85b266010b4,late,proof:36b2c85b266010b4:532978c07168959900c195f2,23,simple_fork,WinningThreat,edge,60,897e41795fa2ff26e0355378cf8a5167b375d14ef03f185ae2be39fb7c1c6286,0.07678755448485064,0.07857142857142857,0.08127245724003546,-0.0017838740865779301,-0.004484902755184816,0.10102259236141675,0.45408422120750885,0.16666666666666666,18,incoming_final_layer_mean_head_attention_mass,4a968c87b8a91f9b19619972e8c7adb160dc598fbb607a7f9ac2e03d64e29f48,28c2715fbc9b16a75dc7e849a907a807c5097918ff49a92fd0b76583533998a8,87c0cf2e0f6e4cf5cf1ed4a0f6eb27af0115a73f61e811e17185afa0d20e738e
36b2c85b266010b4,late,proof:36b2c85b266010b4:532978c07168959900c195f2,23,simple_fork,TacticalLineWindow,edge,60,897e41795fa2ff26e0355378cf8a5167b375d14ef03f185ae2be39fb7c1c6286,0.04821612570282913,0.05,0.053861625809517075,-0.001783874297170876,-0.005645500106687948,0.055359171229706794,0.40144596651445963,0.0,12,incoming_final_layer_mean_head_attention_mass,4a968c87b8a91f9b19619972e8c7adb160dc598fbb607a7f9ac2e03d64e29f48,28c2715fbc9b16a75dc7e849a907a807c5097918ff49a92fd0b76583533998a8,87c0cf2e0f6e4cf5cf1ed4a0f6eb27af0115a73f61e811e17185afa0d20e738e
36b2c85b266010b4,late,proof:36b2c85b266010b4:532978c07168959900c195f2,23,simple_fork,CompletionCell,node,60,897e41795fa2ff26e0355378cf8a5167b375d14ef03f185ae2be39fb7c1c6286,0.08571428589370786,0.08571428571428572,0.08281249999401294,1.7942214380894939e-10,0.0029017858996949197,0.16374269005847955,0.6571428571428571,0.0,3,incoming_final_layer_mean_head_attention_mass,4a968c87b8a91f9b19619972e8c7adb160dc598fbb607a7f9ac2e03d64e29f48,28c2715fbc9b16a75dc7e849a907a807c5097918ff49a92fd0b76583533998a8,87c0cf2e0f6e4cf5cf1ed4a0f6eb27af0115a73f61e811e17185afa0d20e738e
36b2c85b266010b4,late,proof:36b2c85b266010b4:532978c07168959900c195f2,23,simple_fork,ForcedResponse,node,60,897e41795fa2ff26e0355378cf8a5167b375d14ef03f185ae2be39fb7c1c6286,0.028571428595757,0.02857142857142857,0.027678571446318828,2.4328428160913518e-11,0.0008928571494381705,0.06666666666666667,0.6,0.0,1,incoming_final_layer_mean_head_attention_mass,4a968c87b8a91f9b19619972e8c7adb160dc598fbb607a7f9ac2e03d64e29f48,28c2715fbc9b16a75dc7e849a907a807c5097918ff49a92fd0b76583533998a8,87c0cf2e0f6e4cf5cf1ed4a0f6eb27af0115a73f61e811e17185afa0d20e738e
36b2c85b266010b4,late,proof:36b2c85b266010b4:532978c07168959900c195f2,23,simple_fork,BlockingMove,node,60,897e41795fa2ff26e0355378cf8a5167b375d14ef03f185ae2be39fb7c1c6286,0.028571428595757,0.02857142857142857,0.02745535715791986,2.4328428160913518e-11,0.0011160714378371378,0.06666666666666667,0.6,0.0,1,incoming_final_layer_mean_head_attention_mass,4a968c87b8a91f9b19619972e8c7adb160dc598fbb607a7f9ac2e03d64e29f48,28c2715fbc9b16a75dc7e849a907a807c5097918ff49a92fd0b76583533998a8,87c0cf2e0f6e4cf5cf1ed4a0f6eb27af0115a73f61e811e17185afa0d20e738e
36b2c85b266010b4,late,proof:36b2c85b266010b4:532978c07168959900c195f2,23,simple_fork,ProofSupportedGeometry,edge,60,897e41795fa2ff26e0355378cf8a5167b375d14ef03f185ae2be39fb7c1c6286,0.04821612570282913,0.05,0.05472681799607506,-0.001783874297170876,-0.006510692293245933,0.055359171229706794,0.40144596651445963,0.0,12,incoming_final_layer_mean_head_attention_mass,4a968c87b8a91f9b19619972e8c7adb160dc598fbb607a7f9ac2e03d64e29f48,28c2715fbc9b16a75dc7e849a907a807c5097918ff49a92fd0b76583533998a8,87c0cf2e0f6e4cf5cf1ed4a0f6eb27af0115a73f61e811e17185afa0d20e738e
36b2c85b266010b4,late,proof:36b2c85b266010b4:9984890079b45dc1f2f8a0af,23,mandatory_block,WinningThreat,edge,60,897e41795fa2ff26e0355378cf8a5167b375d14ef03f185ae2be39fb7c1c6286,0.07678755448485064,0.07857142857142857,0.08077847280715622,-0.0017838740865779301,-0.003990918322305581,0.10102259236141675,0.45408422120750885,0.16666666666666666,18,incoming_final_layer_mean_head_attention_mass,f33c945ea1c40cd89b9c36c8cd54c621d288104f8b512f6e77ea55c4f1c42488,28c2715fbc9b16a75dc7e849a907a807c5097918ff49a92fd0b76583533998a8,87c0cf2e0f6e4cf5cf1ed4a0f6eb27af0115a73f61e811e17185afa0d20e738e
36b2c85b266010b4,late,proof:36b2c85b266010b4:9984890079b45dc1f2f8a0af,23,mandatory_block,TacticalLineWindow,edge,60,897e41795fa2ff26e0355378cf8a5167b375d14ef03f185ae2be39fb7c1c6286,0.028571428782021513,0.02857142857142857,0.02611999027742578,2.1059294239011983e-10,0.0024514385045957335,0.07560093236523954,0.5593607305936074,0.16666666666666666,6,incoming_final_layer_mean_head_attention_mass,f33c945ea1c40cd89b9c36c8cd54c621d288104f8b512f6e77ea55c4f1c42488,28c2715fbc9b16a75dc7e849a907a807c5097918ff49a92fd0b76583533998a8,87c0cf2e0f6e4cf5cf1ed4a0f6eb27af0115a73f61e811e17185afa0d20e738e
36b2c85b266010b4,late,proof:36b2c85b266010b4:9984890079b45dc1f2f8a0af,23,mandatory_block,CompletionCell,node,60,897e41795fa2ff26e0355378cf8a5167b375d14ef03f185ae2be39fb7c1c6286,0.08571428589370786,0.08571428571428572,0.08348214284424214,1.7942214380894939e-10,0.002232143049465715,0.16374269005847955,0.6571428571428571,0.0,3,incoming_final_layer_mean_head_attention_mass,f33c945ea1c40cd89b9c36c8cd54c621d288104f8b512f6e77ea55c4f1c42488,28c2715fbc9b16a75dc7e849a907a807c5097918ff49a92fd0b76583533998a8,87c0cf2e0f6e4cf5cf1ed4a0f6eb27af0115a73f61e811e17185afa0d20e738e
36b2c85b266010b4,late,proof:36b2c85b266010b4:9984890079b45dc1f2f8a0af,23,mandatory_block,ForcedResponse,node,60,897e41795fa2ff26e0355378cf8a5167b375d14ef03f185ae2be39fb7c1c6286,0.028571428595757,0.02857142857142857,0.027901785679836283,2.4328428160913518e-11,0.0006696429159207158,0.06666666666666667,0.6,0.0,1,incoming_final_layer_mean_head_attention_mass,f33c945ea1c40cd89b9c36c8cd54c621d288104f8b512f6e77ea55c4f1c42488,28c2715fbc9b16a75dc7e849a907a807c5097918ff49a92fd0b76583533998a8,87c0cf2e0f6e4cf5cf1ed4a0f6eb27af0115a73f61e811e17185afa0d20e738e
36b2c85b266010b4,late,proof:36b2c85b266010b4:9984890079b45dc1f2f8a0af,23,mandatory_block,BlockingMove,node,60,897e41795fa2ff26e0355378cf8a5167b375d14ef03f185ae2be39fb7c1c6286,0.028571428595757,0.02857142857142857,0.027901785719750105,2.4328428160913518e-11,0.0006696428760068936,0.06666666666666667,0.6,0.0,1,incoming_final_layer_mean_head_attention_mass,f33c945ea1c40cd89b9c36c8cd54c621d288104f8b512f6e77ea55c4f1c42488,28c2715fbc9b16a75dc7e849a907a807c5097918ff49a92fd0b76583533998a8,87c0cf2e0f6e4cf5cf1ed4a0f6eb27af0115a73f61e811e17185afa0d20e738e
36b2c85b266010b4,late,proof:36b2c85b266010b4:9984890079b45dc1f2f8a0af,23,mandatory_block,ProofSupportedGeometry,edge,60,897e41795fa2ff26e0355378cf8a5167b375d14ef03f185ae2be39fb7c1c6286,0.028571428782021513,0.02857142857142857,0.027888212598758427,2.1059294239011983e-10,0.0006832161832630856,0.07560093236523954,0.5593607305936074,0.16666666666666666,6,incoming_final_layer_mean_head_attention_mass,f33c945ea1c40cd89b9c36c8cd54c621d288104f8b512f6e77ea55c4f1c42488,28c2715fbc9b16a75dc7e849a907a807c5097918ff49a92fd0b76583533998a8,87c0cf2e0f6e4cf5cf1ed4a0f6eb27af0115a73f61e811e17185afa0d20e738e
36b2c85b266010b4,late,proof:36b2c85b266010b4:bab745f726c0d88c61e52d22,22,immediate_win|winning_line,WinningThreat,edge,60,897e41795fa2ff26e0355378cf8a5167b375d14ef03f185ae2be39fb7c1c6286,0.023824775265859514,0.025,0.02676635599546197,-0.001175224734140487,-0.002941580729602454,0.033916641906928106,0.3987823439878235,0.0,6,incoming_final_layer_mean_head_attention_mass,257ce3baa69fddfec1ee7c01d7d676a3f7c047d5ad1e723ed742860f13622f5d,28c2715fbc9b16a75dc7e849a907a807c5097918ff49a92fd0b76583533998a8,87c0cf2e0f6e4cf5cf1ed4a0f6eb27af0115a73f61e811e17185afa0d20e738e
36b2c85b266010b4,late,proof:36b2c85b266010b4:bab745f726c0d88c61e52d22,22,immediate_win|winning_line,TacticalLineWindow,edge,60,897e41795fa2ff26e0355378cf8a5167b375d14ef03f185ae2be39fb7c1c6286,0.023824775265859514,0.025,0.025830632386205723,-0.001175224734140487,-0.0020058571203462085,0.033916641906928106,0.3987823439878235,0.0,6,incoming_final_layer_mean_head_attention_mass,257ce3baa69fddfec1ee7c01d7d676a3f7c047d5ad1e723ed742860f13622f5d,28c2715fbc9b16a75dc7e849a907a807c5097918ff49a92fd0b76583533998a8,87c0cf2e0f6e4cf5cf1ed4a0f6eb27af0115a73f61e811e17185afa0d20e738e
36b2c85b266010b4,late,proof:36b2c85b266010b4:bab745f726c0d88c61e52d22,22,immediate_win|winning_line,CompletionCell,node,60,897e41795fa2ff26e0355378cf8a5167b375d14ef03f185ae2be39fb7c1c6286,0.028571428755412298,0.02857142857142857,0.0276785714238673,1.8398372755856762e-10,0.0008928573315449967,0.2,0.8857142857142857,0.0,1,incoming_final_layer_mean_head_attention_mass,257ce3baa69fddfec1ee7c01d7d676a3f7c047d5ad1e723ed742860f13622f5d,28c2715fbc9b16a75dc7e849a907a807c5097918ff49a92fd0b76583533998a8,87c0cf2e0f6e4cf5cf1ed4a0f6eb27af0115a73f61e811e17185afa0d20e738e
36b2c85b266010b4,late,proof:36b2c85b266010b4:bab745f726c0d88c61e52d22,22,immediate_win|winning_line,ProofSupportedGeometry,edge,60,897e41795fa2ff26e0355378cf8a5167b375d14ef03f185ae2be39fb7c1c6286,0.023824775265859514,0.025,0.028252680422514297,-0.001175224734140487,-0.004427905156654782,0.033916641906928106,0.3987823439878235,0.0,6,incoming_final_layer_mean_head_attention_mass,257ce3baa69fddfec1ee7c01d7d676a3f7c047d5ad1e723ed742860f13622f5d,28c2715fbc9b16a75dc7e849a907a807c5097918ff49a92fd0b76583533998a8,87c0cf2e0f6e4cf5cf1ed4a0f6eb27af0115a73f61e811e17185afa0d20e738e
149aab874634a179,late,proof:149aab874634a179:7b8535d6ff619255965a172c,23,immediate_win|winning_line,WinningThreat,edge,60,897e41795fa2ff26e0355378cf8a5167b375d14ef03f185ae2be39fb7c1c6286,0.02857142868356741,0.02857142857142857,0.027895596624841652,1.1213883988059337e-10,0.0006758320587257581,0.07573432010573905,0.5593607305936072,0.16666666666666666,6,incoming_final_layer_mean_head_attention_mass,82af8b8569420a14261207826ff814e9dfe2da92f832e3dcc0b0c0b585ad7a84,28c2715fbc9b16a75dc7e849a907a807c5097918ff49a92fd0b76583533998a8,87c0cf2e0f6e4cf5cf1ed4a0f6eb27af0115a73f61e811e17185afa0d20e738e
149aab874634a179,late,proof:149aab874634a179:7b8535d6ff619255965a172c,23,immediate_win|winning_line,TacticalLineWindow,edge,60,897e41795fa2ff26e0355378cf8a5167b375d14ef03f185ae2be39fb7c1c6286,0.02857142868356741,0.02857142857142857,0.026064579755825226,1.1213883988059337e-10,0.002506848927742184,0.07573432010573905,0.5593607305936072,0.16666666666666666,6,incoming_final_layer_mean_head_attention_mass,82af8b8569420a14261207826ff814e9dfe2da92f832e3dcc0b0c0b585ad7a84,28c2715fbc9b16a75dc7e849a907a807c5097918ff49a92fd0b76583533998a8,87c0cf2e0f6e4cf5cf1ed4a0f6eb27af0115a73f61e811e17185afa0d20e738e
149aab874634a179,late,proof:149aab874634a179:7b8535d6ff619255965a172c,23,immediate_win|winning_line,CompletionCell,node,60,897e41795fa2ff26e0355378cf8a5167b375d14ef03f185ae2be39fb7c1c6286,0.02857142868356741,0.02857142857142857,0.02834821422942213,1.1213883988059337e-10,0.00022321445414527977,0.1,0.7428571428571429,0.0,1,incoming_final_layer_mean_head_attention_mass,82af8b8569420a14261207826ff814e9dfe2da92f832e3dcc0b0c0b585ad7a84,28c2715fbc9b16a75dc7e849a907a807c5097918ff49a92fd0b76583533998a8,87c0cf2e0f6e4cf5cf1ed4a0f6eb27af0115a73f61e811e17185afa0d20e738e
149aab874634a179,late,proof:149aab874634a179:7b8535d6ff619255965a172c,23,immediate_win|winning_line,ProofSupportedGeometry,edge,60,897e41795fa2ff26e0355378cf8a5167b375d14ef03f185ae2be39fb7c1c6286,0.02857142868356741,0.02857142857142857,0.027906399649457472,1.1213883988059337e-10,0.0006650290341099381,0.07573432010573905,0.5593607305936072,0.16666666666666666,6,incoming_final_layer_mean_head_attention_mass,82af8b8569420a14261207826ff814e9dfe2da92f832e3dcc0b0c0b585ad7a84,28c2715fbc9b16a75dc7e849a907a807c5097918ff49a92fd0b76583533998a8,87c0cf2e0f6e4cf5cf1ed4a0f6eb27af0115a73f61e811e17185afa0d20e738e
b3a6c7628630359d,late,proof:b3a6c7628630359d:20ccf80c6fef5b2dbb18f4d5,14,forced_sequence|vcf|winning_line,WinningThreat,edge,60,897e41795fa2ff26e0355378cf8a5167b375d14ef03f185ae2be39fb7c1c6286,0.02515412427666103,0.025,0.027813983017568628,0.00015412427666102943,-0.0026598587409075967,0.038359004226328014,0.4931506849315068,0.0,6,incoming_final_layer_mean_head_attention_mass,a54097db1a3baa60699860cd401045e3f31af20fccc54a9dcfe5f0d0eff259d8,28c2715fbc9b16a75dc7e849a907a807c5097918ff49a92fd0b76583533998a8,87c0cf2e0f6e4cf5cf1ed4a0f6eb27af0115a73f61e811e17185afa0d20e738e
b3a6c7628630359d,late,proof:b3a6c7628630359d:20ccf80c6fef5b2dbb18f4d5,14,forced_sequence|vcf|winning_line,TacticalLineWindow,edge,60,897e41795fa2ff26e0355378cf8a5167b375d14ef03f185ae2be39fb7c1c6286,0.03253668250079265,0.03214285714285714,0.035126055214469654,0.00039382535793550805,-0.002589372713677006,0.0359994211174266,0.45890410958904104,0.0,8,incoming_final_layer_mean_head_attention_mass,a54097db1a3baa60699860cd401045e3f31af20fccc54a9dcfe5f0d0eff259d8,28c2715fbc9b16a75dc7e849a907a807c5097918ff49a92fd0b76583533998a8,87c0cf2e0f6e4cf5cf1ed4a0f6eb27af0115a73f61e811e17185afa0d20e738e
b3a6c7628630359d,late,proof:b3a6c7628630359d:20ccf80c6fef5b2dbb18f4d5,14,forced_sequence|vcf|winning_line,CompletionCell,node,60,897e41795fa2ff26e0355378cf8a5167b375d14ef03f185ae2be39fb7c1c6286,0.028571428377561423,0.02857142857142857,0.027901785714137227,-1.9386714802949179e-10,0.0006696426634241956,0.03225806451612903,0.14285714285714285,0.0,1,incoming_final_layer_mean_head_attention_mass,a54097db1a3baa60699860cd401045e3f31af20fccc54a9dcfe5f0d0eff259d8,28c2715fbc9b16a75dc7e849a907a807c5097918ff49a92fd0b76583533998a8,87c0cf2e0f6e4cf5cf1ed4a0f6eb27af0115a73f61e811e17185afa0d20e738e
b3a6c7628630359d,late,proof:b3a6c7628630359d:20ccf80c6fef5b2dbb18f4d5,14,forced_sequence|vcf|winning_line,ForcedResponse,node,60,897e41795fa2ff26e0355378cf8a5167b375d14ef03f185ae2be39fb7c1c6286,0.057142857074433444,0.05714285714285714,0.05535714284158122,-6.842369726367536e-11,0.0017857142328522244,0.13225806451612904,0.5142857142857142,0.0,2,incoming_final_layer_mean_head_attention_mass,a54097db1a3baa60699860cd401045e3f31af20fccc54a9dcfe5f0d0eff259d8,28c2715fbc9b16a75dc7e849a907a807c5097918ff49a92fd0b76583533998a8,87c0cf2e0f6e4cf5cf1ed4a0f6eb27af0115a73f61e811e17185afa0d20e738e
b3a6c7628630359d,late,proof:b3a6c7628630359d:20ccf80c6fef5b2dbb18f4d5,14,forced_sequence|vcf|winning_line,ProofSupportedGeometry,edge,60,897e41795fa2ff26e0355378cf8a5167b375d14ef03f185ae2be39fb7c1c6286,0.03253668250079265,0.03214285714285714,0.03579960583879527,0.00039382535793550805,-0.00326292333800262,0.0359994211174266,0.45890410958904104,0.0,8,incoming_final_layer_mean_head_attention_mass,a54097db1a3baa60699860cd401045e3f31af20fccc54a9dcfe5f0d0eff259d8,28c2715fbc9b16a75dc7e849a907a807c5097918ff49a92fd0b76583533998a8,87c0cf2e0f6e4cf5cf1ed4a0f6eb27af0115a73f61e811e17185afa0d20e738e
6fefd9d7d54089c4,late,proof:6fefd9d7d54089c4:2c9daa79abf6399e87928c04,23,mandatory_block,WinningThreat,edge,60,897e41795fa2ff26e0355378cf8a5167b375d14ef03f185ae2be39fb7c1c6286,0.053154995611735756,0.05357142857142857,0.05387278740693416,-0.00041643295969281263,-0.0007177917951984025,0.07240503278749207,0.46955859969558594,0.08333333333333333,12,incoming_final_layer_mean_head_attention_mass,c76aef9704ec15fcba2811c425e9b5d220e2ef9ea51195605e88b5e771ed598a,28c2715fbc9b16a75dc7e849a907a807c5097918ff49a92fd0b76583533998a8,87c0cf2e0f6e4cf5cf1ed4a0f6eb27af0115a73f61e811e17185afa0d20e738e
6fefd9d7d54089c4,late,proof:6fefd9d7d54089c4:2c9daa79abf6399e87928c04,23,mandatory_block,TacticalLineWindow,edge,60,897e41795fa2ff26e0355378cf8a5167b375d14ef03f185ae2be39fb7c1c6286,0.024583566880651882,0.025,0.028356908993529422,-0.00041643311934811897,-0.0037733421128775396,0.026101230076326542,0.3797564687975647,0.0,6,incoming_final_layer_mean_head_attention_mass,c76aef9704ec15fcba2811c425e9b5d220e2ef9ea51195605e88b5e771ed598a,28c2715fbc9b16a75dc7e849a907a807c5097918ff49a92fd0b76583533998a8,87c0cf2e0f6e4cf5cf1ed4a0f6eb27af0115a73f61e811e17185afa0d20e738e
6fefd9d7d54089c4,late,proof:6fefd9d7d54089c4:2c9daa79abf6399e87928c04,23,mandatory_block,CompletionCell,node,60,897e41795fa2ff26e0355378cf8a5167b375d14ef03f185ae2be39fb7c1c6286,0.05714285708963871,0.05714285714285714,0.055803571418592976,-5.3218429663104416e-11,0.0013392856710457354,0.06944444444444445,0.42857142857142855,0.0,2,incoming_final_layer_mean_head_attention_mass,c76aef9704ec15fcba2811c425e9b5d220e2ef9ea51195605e88b5e771ed598a,28c2715fbc9b16a75dc7e849a907a807c5097918ff49a92fd0b76583533998a8,87c0cf2e0f6e4cf5cf1ed4a0f6eb27af0115a73f61e811e17185afa0d20e738e
6fefd9d7d54089c4,late,proof:6fefd9d7d54089c4:2c9daa79abf6399e87928c04,23,mandatory_block,ForcedResponse,node,60,897e41795fa2ff26e0355378cf8a5167b375d14ef03f185ae2be39fb7c1c6286,0.02857142857142857,0.02857142857142857,0.02745535714452022,0.0,0.0011160714269083521,0.05555555555555555,0.5142857142857142,0.0,1,incoming_final_layer_mean_head_attention_mass,c76aef9704ec15fcba2811c425e9b5d220e2ef9ea51195605e88b5e771ed598a,28c2715fbc9b16a75dc7e849a907a807c5097918ff49a92fd0b76583533998a8,87c0cf2e0f6e4cf5cf1ed4a0f6eb27af0115a73f61e811e17185afa0d20e738e
6fefd9d7d54089c4,late,proof:6fefd9d7d54089c4:2c9daa79abf6399e87928c04,23,mandatory_block,BlockingMove,node,60,897e41795fa2ff26e0355378cf8a5167b375d14ef03f185ae2be39fb7c1c6286,0.02857142857142857,0.02857142857142857,0.027232142857142858,0.0,0.001339285714285713,0.05555555555555555,0.5142857142857142,0.0,1,incoming_final_layer_mean_head_attention_mass,c76aef9704ec15fcba2811c425e9b5d220e2ef9ea51195605e88b5e771ed598a,28c2715fbc9b16a75dc7e849a907a807c5097918ff49a92fd0b76583533998a8,87c0cf2e0f6e4cf5cf1ed4a0f6eb27af0115a73f61e811e17185afa0d20e738e
6fefd9d7d54089c4,late,proof:6fefd9d7d54089c4:2c9daa79abf6399e87928c04,23,mandatory_block,ProofSupportedGeometry,edge,60,897e41795fa2ff26e0355378cf8a5167b375d14ef03f185ae2be39fb7c1c6286,0.024583566880651882,0.025,0.028656629895392274,-0.00041643311934811897,-0.004073063014740391,0.026101230076326542,0.3797564687975647,0.0,6,incoming_final_layer_mean_head_attention_mass,c76aef9704ec15fcba2811c425e9b5d220e2ef9ea51195605e88b5e771ed598a,28c2715fbc9b16a75dc7e849a907a807c5097918ff49a92fd0b76583533998a8,87c0cf2e0f6e4cf5cf1ed4a0f6eb27af0115a73f61e811e17185afa0d20e738e
df88e8a71a960d88,late,proof:df88e8a71a960d88:0f385c7d2af0088db4eb570a,21,simple_fork,WinningThreat,edge,60,897e41795fa2ff26e0355378cf8a5167b375d14ef03f185ae2be39fb7c1c6286,0.050251599614243206,0.05,0.05412203381972096,0.0002515996142432031,-0.003870434205477752,0.05594150409766416,0.4531963470319635,0.0,12,incoming_final_layer_mean_head_attention_mass,e8bee83bd32fe7b8a91d4059d141f9c87749625a0359af4514df99084a610790,28c2715fbc9b16a75dc7e849a907a807c5097918ff49a92fd0b76583533998a8,87c0cf2e0f6e4cf5cf1ed4a0f6eb27af0115a73f61e811e17185afa0d20e738e
df88e8a71a960d88,late,proof:df88e8a71a960d88:0f385c7d2af0088db4eb570a,21,simple_fork,TacticalLineWindow,edge,60,897e41795fa2ff26e0355378cf8a5167b375d14ef03f185ae2be39fb7c1c6286,0.050251599614243206,0.05,0.054014375477870594,0.0002515996142432031,-0.003762775863627388,0.05594150409766416,0.4531963470319635,0.0,12,incoming_final_layer_mean_head_attention_mass,e8bee83bd32fe7b8a91d4059d141f9c87749625a0359af4514df99084a610790,28c2715fbc9b16a75dc7e849a907a807c5097918ff49a92fd0b76583533998a8,87c0cf2e0f6e4cf5cf1ed4a0f6eb27af0115a73f61e811e17185afa0d20e738e
df88e8a71a960d88,late,proof:df88e8a71a960d88:0f385c7d2af0088db4eb570a,21,simple_fork,CompletionCell,node,60,897e41795fa2ff26e0355378cf8a5167b375d14ef03f185ae2be39fb7c1c6286,0.08571428586633838,0.08571428571428572,0.08236607138509386,1.5205266212792168e-10,0.0033482144812445186,0.41101055806938164,0.6095238095238095,0.3333333333333333,3,incoming_final_layer_mean_head_attention_mass,e8bee83bd32fe7b8a91d4059d141f9c87749625a0359af4514df99084a610790,28c2715fbc9b16a75dc7e849a907a807c5097918ff49a92fd0b76583533998a8,87c0cf2e0f6e4cf5cf1ed4a0f6eb27af0115a73f61e811e17185afa0d20e738e
df88e8a71a960d88,late,proof:df88e8a71a960d88:0f385c7d2af0088db4eb570a,21,simple_fork,ProofSupportedGeometry,edge,60,897e41795fa2ff26e0355378cf8a5167b375d14ef03f185ae2be39fb7c1c6286,0.050251599614243206,0.05,0.054387795381986556,0.0002515996142432031,-0.00413619576774335,0.05594150409766416,0.4531963470319635,0.0,12,incoming_final_layer_mean_head_attention_mass,e8bee83bd32fe7b8a91d4059d141f9c87749625a0359af4514df99084a610790,28c2715fbc9b16a75dc7e849a907a807c5097918ff49a92fd0b76583533998a8,87c0cf2e0f6e4cf5cf1ed4a0f6eb27af0115a73f61e811e17185afa0d20e738e
df88e8a71a960d88,late,proof:df88e8a71a960d88:170beac7b3df3bfa45ab878a,14,simple_fork,WinningThreat,edge,60,897e41795fa2ff26e0355378cf8a5167b375d14ef03f185ae2be39fb7c1c6286,0.050251599614243206,0.05,0.05449866797997811,0.0002515996142432031,-0.004247068365734907,0.05594150409766416,0.4531963470319635,0.0,12,incoming_final_layer_mean_head_attention_mass,412348ded3f7b3948238c6739b74b5a98ed8b9c7f64120b18d0750684fb5b42a,28c2715fbc9b16a75dc7e849a907a807c5097918ff49a92fd0b76583533998a8,87c0cf2e0f6e4cf5cf1ed4a0f6eb27af0115a73f61e811e17185afa0d20e738e
df88e8a71a960d88,late,proof:df88e8a71a960d88:170beac7b3df3bfa45ab878a,14,simple_fork,TacticalLineWindow,edge,60,897e41795fa2ff26e0355378cf8a5167b375d14ef03f185ae2be39fb7c1c6286,0.050251599614243206,0.05,0.05424286218452819,0.0002515996142432031,-0.003991262570284981,0.05594150409766416,0.4531963470319635,0.0,12,incoming_final_layer_mean_head_attention_mass,412348ded3f7b3948238c6739b74b5a98ed8b9c7f64120b18d0750684fb5b42a,28c2715fbc9b16a75dc7e849a907a807c5097918ff49a92fd0b76583533998a8,87c0cf2e0f6e4cf5cf1ed4a0f6eb27af0115a73f61e811e17185afa0d20e738e
df88e8a71a960d88,late,proof:df88e8a71a960d88:170beac7b3df3bfa45ab878a,14,simple_fork,CompletionCell,node,60,897e41795fa2ff26e0355378cf8a5167b375d14ef03f185ae2be39fb7c1c6286,0.08571428586633838,0.08571428571428572,0.08303571438395457,1.5205266212792168e-10,0.002678571482383804,0.41101055806938164,0.6095238095238095,0.3333333333333333,3,incoming_final_layer_mean_head_attention_mass,412348ded3f7b3948238c6739b74b5a98ed8b9c7f64120b18d0750684fb5b42a,28c2715fbc9b16a75dc7e849a907a807c5097918ff49a92fd0b76583533998a8,87c0cf2e0f6e4cf5cf1ed4a0f6eb27af0115a73f61e811e17185afa0d20e738e
df88e8a71a960d88,late,proof:df88e8a71a960d88:170beac7b3df3bfa45ab878a,14,simple_fork,ProofSupportedGeometry,edge,60,897e41795fa2ff26e0355378cf8a5167b375d14ef03f185ae2be39fb7c1c6286,0.050251599614243206,0.05,0.05248427081353392,0.0002515996142432031,-0.0022326711992907144,0.05594150409766416,0.4531963470319635,0.0,12,incoming_final_layer_mean_head_attention_mass,412348ded3f7b3948238c6739b74b5a98ed8b9c7f64120b18d0750684fb5b42a,28c2715fbc9b16a75dc7e849a907a807c5097918ff49a92fd0b76583533998a8,87c0cf2e0f6e4cf5cf1ed4a0f6eb27af0115a73f61e811e17185afa0d20e738e
df88e8a71a960d88,late,proof:df88e8a71a960d88:2fb7ab4f322b34f8bc93825d,15,simple_fork,WinningThreat,edge,60,897e41795fa2ff26e0355378cf8a5167b375d14ef03f185ae2be39fb7c1c6286,0.04967542793584478,0.05,0.055108263847708575,-0.00032457206415522494,-0.005432835911863797,0.049049896320099894,0.4128614916286149,0.0,12,incoming_final_layer_mean_head_attention_mass,ba02cf6290c6f4e975d39da58f44e3972c10b9028526c15c12aedfd332ea88c7,28c2715fbc9b16a75dc7e849a907a807c5097918ff49a92fd0b76583533998a8,87c0cf2e0f6e4cf5cf1ed4a0f6eb27af0115a73f61e811e17185afa0d20e738e
df88e8a71a960d88,late,proof:df88e8a71a960d88:2fb7ab4f322b34f8bc93825d,15,simple_fork,TacticalLineWindow,edge,60,897e41795fa2ff26e0355378cf8a5167b375d14ef03f185ae2be39fb7c1c6286,0.04967542793584478,0.05,0.05423084535345614,-0.00032457206415522494,-0.004555417417611361,0.049049896320099894,0.4128614916286149,0.0,12,incoming_final_layer_mean_head_attention_mass,ba02cf6290c6f4e975d39da58f44e3972c10b9028526c15c12aedfd332ea88c7,28c2715fbc9b16a75dc7e849a907a807c5097918ff49a92fd0b76583533998a8,87c0cf2e0f6e4cf5cf1ed4a0f6eb27af0115a73f61e811e17185afa0d20e738e
df88e8a71a960d88,late,proof:df88e8a71a960d88:2fb7ab4f322b34f8bc93825d,15,simple_fork,CompletionCell,node,60,897e41795fa2ff26e0355378cf8a5167b375d14ef03f185ae2be39fb7c1c6286,0.08571428607921211,0.08571428571428572,0.08281250001829384,3.6492639465812715e-10,0.002901786060918274,0.27677224736048267,0.7238095238095238,0.3333333333333333,3,incoming_final_layer_mean_head_attention_mass,ba02cf6290c6f4e975d39da58f44e3972c10b9028526c15c12aedfd332ea88c7,28c2715fbc9b16a75dc7e849a907a807c5097918ff49a92fd0b76583533998a8,87c0cf2e0f6e4cf5cf1ed4a0f6eb27af0115a73f61e811e17185afa0d20e738e
df88e8a71a960d88,late,proof:df88e8a71a960d88:2fb7ab4f322b34f8bc93825d,15,simple_fork,ProofSupportedGeometry,edge,60,897e41795fa2ff26e0355378cf8a5167b375d14ef03f185ae2be39fb7c1c6286,0.04967542793584478,0.05,0.05449360753815015,-0.00032457206415522494,-0.004818179602305371,0.049049896320099894,0.4128614916286149,0.0,12,incoming_final_layer_mean_head_attention_mass,ba02cf6290c6f4e975d39da58f44e3972c10b9028526c15c12aedfd332ea88c7,28c2715fbc9b16a75dc7e849a907a807c5097918ff49a92fd0b76583533998a8,87c0cf2e0f6e4cf5cf1ed4a0f6eb27af0115a73f61e811e17185afa0d20e738e
df88e8a71a960d88,late,proof:df88e8a71a960d88:4fcfc00e74de960ce3d81edf,23,immediate_win|winning_line,WinningThreat,edge,60,897e41795fa2ff26e0355378cf8a5167b375d14ef03f185ae2be39fb7c1c6286,0.024825142283963913,0.025,0.028458897677328118,-0.00017485771603608855,-0.0036337553933642047,0.026024742167292832,0.39954337899543374,0.0,6,incoming_final_layer_mean_head_attention_mass,650f297a1680671149516290885bdf5fb4f55fb711c0c6b95155685c44c65d13,28c2715fbc9b16a75dc7e849a907a807c5097918ff49a92fd0b76583533998a8,87c0cf2e0f6e4cf5cf1ed4a0f6eb27af0115a73f61e811e17185afa0d20e738e
df88e8a71a960d88,late,proof:df88e8a71a960d88:4fcfc00e74de960ce3d81edf,23,immediate_win|winning_line,TacticalLineWindow,edge,60,897e41795fa2ff26e0355378cf8a5167b375d14ef03f185ae2be39fb7c1c6286,0.024825142283963913,0.025,0.027298971861327584,-0.00017485771603608855,-0.002473829577363671,0.026024742167292832,0.39954337899543374,0.0,6,incoming_final_layer_mean_head_attention_mass,650f297a1680671149516290885bdf5fb4f55fb711c0c6b95155685c44c65d13,28c2715fbc9b16a75dc7e849a907a807c5097918ff49a92fd0b76583533998a8,87c0cf2e0f6e4cf5cf1ed4a0f6eb27af0115a73f61e811e17185afa0d20e738e
df88e8a71a960d88,late,proof:df88e8a71a960d88:4fcfc00e74de960ce3d81edf,23,immediate_win|winning_line,CompletionCell,node,60,897e41795fa2ff26e0355378cf8a5167b375d14ef03f185ae2be39fb7c1c6286,0.028571428586633838,0.02857142857142857,0.02790178571583,1.520526760057095e-11,0.0006696428708038368,0.058823529411764705,0.5428571428571428,0.0,1,incoming_final_layer_mean_head_attention_mass,650f297a1680671149516290885bdf5fb4f55fb711c0c6b95155685c44c65d13,28c2715fbc9b16a75dc7e849a907a807c5097918ff49a92fd0b76583533998a8,87c0cf2e0f6e4cf5cf1ed4a0f6eb27af0115a73f61e811e17185afa0d20e738e
df88e8a71a960d88,late,proof:df88e8a71a960d88:4fcfc00e74de960ce3d81edf,23,immediate_win|winning_line,ProofSupportedGeometry,edge,60,897e41795fa2ff26e0355378cf8a5167b375d14ef03f185ae2be39fb7c1c6286,0.024825142283963913,0.025,0.026398526867930656,-0.00017485771603608855,-0.0015733845839667436,0.026024742167292832,0.39954337899543374,0.0,6,incoming_final_layer_mean_head_attention_mass,650f297a1680671149516290885bdf5fb4f55fb711c0c6b95155685c44c65d13,28c2715fbc9b16a75dc7e849a907a807c5097918ff49a92fd0b76583533998a8,87c0cf2e0f6e4cf5cf1ed4a0f6eb27af0115a73f61e811e17185afa0d20e738e
df88e8a71a960d88,late,proof:df88e8a71a960d88:e893372445bfa3c2f25b2ccb,20,simple_fork,WinningThreat,edge,60,897e41795fa2ff26e0355378cf8a5167b375d14ef03f185ae2be39fb7c1c6286,0.04967542793584478,0.05,0.05527065048258121,-0.00032457206415522494,-0.005595222546736431,0.049049896320099894,0.4128614916286149,0.0,12,incoming_final_layer_mean_head_attention_mass,9de3d17bf358009eecf30726ea6fe5b4d7436e1860ed5f401caf50574e0cfcff,28c2715fbc9b16a75dc7e849a907a807c5097918ff49a92fd0b76583533998a8,87c0cf2e0f6e4cf5cf1ed4a0f6eb27af0115a73f61e811e17185afa0d20e738e
df88e8a71a960d88,late,proof:df88e8a71a960d88:e893372445bfa3c2f25b2ccb,20,simple_fork,TacticalLineWindow,edge,60,897e41795fa2ff26e0355378cf8a5167b375d14ef03f185ae2be39fb7c1c6286,0.04967542793584478,0.05,0.05415109573735115,-0.00032457206415522494,-0.004475667801506371,0.049049896320099894,0.4128614916286149,0.0,12,incoming_final_layer_mean_head_attention_mass,9de3d17bf358009eecf30726ea6fe5b4d7436e1860ed5f401caf50574e0cfcff,28c2715fbc9b16a75dc7e849a907a807c5097918ff49a92fd0b76583533998a8,87c0cf2e0f6e4cf5cf1ed4a0f6eb27af0115a73f61e811e17185afa0d20e738e
df88e8a71a960d88,late,proof:df88e8a71a960d88:e893372445bfa3c2f25b2ccb,20,simple_fork,CompletionCell,node,60,897e41795fa2ff26e0355378cf8a5167b375d14ef03f185ae2be39fb7c1c6286,0.08571428607921211,0.08571428571428572,0.08325892862904227,3.6492639465812715e-10,0.002455357450169837,0.27677224736048267,0.7238095238095238,0.3333333333333333,3,incoming_final_layer_mean_head_attention_mass,9de3d17bf358009eecf30726ea6fe5b4d7436e1860ed5f401caf50574e0cfcff,28c2715fbc9b16a75dc7e849a907a807c5097918ff49a92fd0b76583533998a8,87c0cf2e0f6e4cf5cf1ed4a0f6eb27af0115a73f61e811e17185afa0d20e738e
df88e8a71a960d88,late,proof:df88e8a71a960d88:e893372445bfa3c2f25b2ccb,20,simple_fork,ProofSupportedGeometry,edge,60,897e41795fa2ff26e0355378cf8a5167b375d14ef03f185ae2be39fb7c1c6286,0.04967542793584478,0.05,0.05294000647253756,-0.00032457206415522494,-0.0032645785366927846,0.049049896320099894,0.4128614916286149,0.0,12,incoming_final_layer_mean_head_attention_mass,9de3d17bf358009eecf30726ea6fe5b4d7436e1860ed5f401caf50574e0cfcff,28c2715fbc9b16a75dc7e849a907a807c5097918ff49a92fd0b76583533998a8,87c0cf2e0f6e4cf5cf1ed4a0f6eb27af0115a73f61e811e17185afa0d20e738e
7c1c7ae6205df8bc,late,proof:7c1c7ae6205df8bc:0e02bae54b3ad5d7971893e0,14,simple_fork,WinningThreat,edge,60,897e41795fa2ff26e0355378cf8a5167b375d14ef03f185ae2be39fb7c1c6286,0.050225030768859556,0.05,0.0532426940099179,0.00022503076885955348,-0.0030176632410583437,0.05196352690901018,0.45433789954337894,0.0,12,incoming_final_layer_mean_head_attention_mass,5c47273756ce2a575838772ec0c7404145b9a16be3ecb4d2856bcd6e258c8bd9,28c2715fbc9b16a75dc7e849a907a807c5097918ff49a92fd0b76583533998a8,87c0cf2e0f6e4cf5cf1ed4a0f6eb27af0115a73f61e811e17185afa0d20e738e
7c1c7ae6205df8bc,late,proof:7c1c7ae6205df8bc:0e02bae54b3ad5d7971893e0,14,simple_fork,TacticalLineWindow,edge,60,897e41795fa2ff26e0355378cf8a5167b375d14ef03f185ae2be39fb7c1c6286,0.050225030768859556,0.05,0.05466066589250369,0.00022503076885955348,-0.004435635123644137,0.05196352690901018,0.45433789954337894,0.0,12,incoming_final_layer_mean_head_attention_mass,5c47273756ce2a575838772ec0c7404145b9a16be3ecb4d2856bcd6e258c8bd9,28c2715fbc9b16a75dc7e849a907a807c5097918ff49a92fd0b76583533998a8,87c0cf2e0f6e4cf5cf1ed4a0f6eb27af0115a73f61e811e17185afa0d20e738e
7c1c7ae6205df8bc,late,proof:7c1c7ae6205df8bc:0e02bae54b3ad5d7971893e0,14,simple_fork,CompletionCell,node,60,897e41795fa2ff26e0355378cf8a5167b375d14ef03f185ae2be39fb7c1c6286,0.08571428569299834,0.08571428571428572,0.08392857147314187,-2.1287374640799328e-11,0.001785714219856474,0.14444444444444446,0.5523809523809523,0.0,3,incoming_final_layer_mean_head_attention_mass,5c47273756ce2a575838772ec0c7404145b9a16be3ecb4d2856bcd6e258c8bd9,28c2715fbc9b16a75dc7e849a907a807c5097918ff49a92fd0b76583533998a8,87c0cf2e0f6e4cf5cf1ed4a0f6eb27af0115a73f61e811e17185afa0d20e738e
7c1c7ae6205df8bc,late,proof:7c1c7ae6205df8bc:0e02bae54b3ad5d7971893e0,14,simple_fork,ProofSupportedGeometry,edge,60,897e41795fa2ff26e0355378cf8a5167b375d14ef03f185ae2be39fb7c1c6286,0.050225030768859556,0.05,0.056089721513219594,0.00022503076885955348,-0.005864690744360038,0.05196352690901018,0.45433789954337894,0.0,12,incoming_final_layer_mean_head_attention_mass,5c47273756ce2a575838772ec0c7404145b9a16be3ecb4d2856bcd6e258c8bd9,28c2715fbc9b16a75dc7e849a907a807c5097918ff49a92fd0b76583533998a8,87c0cf2e0f6e4cf5cf1ed4a0f6eb27af0115a73f61e811e17185afa0d20e738e
7c1c7ae6205df8bc,late,proof:7c1c7ae6205df8bc:2ac1b27b18b458936ddcc16b,20,simple_fork,WinningThreat,edge,60,897e41795fa2ff26e0355378cf8a5167b375d14ef03f185ae2be39fb7c1c6286,0.04994100867646357,0.05,0.05305398115715883,-5.899132353643505e-05,-0.00311297248069526,0.0676785768747056,0.4387366818873668,0.08333333333333333,12,incoming_final_layer_mean_head_attention_mass,22c20956f3a4f059dc6cec41e159cb69f2e41dbd508249bbb992c47032e7d161,28c2715fbc9b16a75dc7e849a907a807c5097918ff49a92fd0b76583533998a8,87c0cf2e0f6e4cf5cf1ed4a0f6eb27af0115a73f61e811e17185afa0d20e738e
7c1c7ae6205df8bc,late,proof:7c1c7ae6205df8bc:2ac1b27b18b458936ddcc16b,20,simple_fork,TacticalLineWindow,edge,60,897e41795fa2ff26e0355378cf8a5167b375d14ef03f185ae2be39fb7c1c6286,0.04994100867646357,0.05,0.055913206805877136,-5.899132353643505e-05,-0.005972198129413568,0.0676785768747056,0.4387366818873668,0.08333333333333333,12,incoming_final_layer_mean_head_attention_mass,22c20956f3a4f059dc6cec41e159cb69f2e41dbd508249bbb992c47032e7d161,28c2715fbc9b16a75dc7e849a907a807c5097918ff49a92fd0b76583533998a8,87c0cf2e0f6e4cf5cf1ed4a0f6eb27af0115a73f61e811e17185afa0d20e738e
7c1c7ae6205df8bc,late,proof:7c1c7ae6205df8bc:2ac1b27b18b458936ddcc16b,20,simple_fork,CompletionCell,node,60,897e41795fa2ff26e0355378cf8a5167b375d14ef03f185ae2be39fb7c1c6286,0.08571428569299834,0.08571428571428572,0.08281249989905129,-2.1287374640799328e-11,0.002901785793947051,0.14236111111111113,0.5333333333333333,0.0,3,incoming_final_layer_mean_head_attention_mass,22c20956f3a4f059dc6cec41e159cb69f2e41dbd508249bbb992c47032e7d161,28c2715fbc9b16a75dc7e849a907a807c5097918ff49a92fd0b76583533998a8,87c0cf2e0f6e4cf5cf1ed4a0f6eb27af0115a73f61e811e17185afa0d20e738e
7c1c7ae6205df8bc,late,proof:7c1c7ae6205df8bc:2ac1b27b18b458936ddcc16b,20,simple_fork,ProofSupportedGeometry,edge,60,897e41795fa2ff26e0355378cf8a5167b375d14ef03f185ae2be39fb7c1c6286,0.04994100867646357,0.05,0.05437242501778247,-5.899132353643505e-05,-0.004431416341318904,0.0676785768747056,0.4387366818873668,0.08333333333333333,12,incoming_final_layer_mean_head_attention_mass,22c20956f3a4f059dc6cec41e159cb69f2e41dbd508249bbb992c47032e7d161,28c2715fbc9b16a75dc7e849a907a807c5097918ff49a92fd0b76583533998a8,87c0cf2e0f6e4cf5cf1ed4a0f6eb27af0115a73f61e811e17185afa0d20e738e
7c1c7ae6205df8bc,late,proof:7c1c7ae6205df8bc:2c9daa79abf6399e87928c04,23,mandatory_block,WinningThreat,edge,60,897e41795fa2ff26e0355378cf8a5167b375d14ef03f185ae2be39fb7c1c6286,0.02454446076882498,0.025,0.02636672685850048,-0.00045553923117502143,-0.0018222660896754991,0.025657385234349333,0.3789954337899543,0.0,6,incoming_final_layer_mean_head_attention_mass,82882adce8f5fbb7a77c7a3d1e7faa1e67af611df8058ee2b689a299dcdf01de,28c2715fbc9b16a75dc7e849a907a807c5097918ff49a92fd0b76583533998a8,87c0cf2e0f6e4cf5cf1ed4a0f6eb27af0115a73f61e811e17185afa0d20e738e
7c1c7ae6205df8bc,late,proof:7c1c7ae6205df8bc:2c9daa79abf6399e87928c04,23,mandatory_block,TacticalLineWindow,edge,60,897e41795fa2ff26e0355378cf8a5167b375d14ef03f185ae2be39fb7c1c6286,0.02454446076882498,0.025,0.025484154278056892,-0.00045553923117502143,-0.000939693509231912,0.025657385234349333,0.3789954337899543,0.0,6,incoming_final_layer_mean_head_attention_mass,82882adce8f5fbb7a77c7a3d1e7faa1e67af611df8058ee2b689a299dcdf01de,28c2715fbc9b16a75dc7e849a907a807c5097918ff49a92fd0b76583533998a8,87c0cf2e0f6e4cf5cf1ed4a0f6eb27af0115a73f61e811e17185afa0d20e738e
7c1c7ae6205df8bc,late,proof:7c1c7ae6205df8bc:2c9daa79abf6399e87928c04,23,mandatory_block,CompletionCell,node,60,897e41795fa2ff26e0355378cf8a5167b375d14ef03f185ae2be39fb7c1c6286,0.028571428528853825,0.02857142857142857,0.028124999970563558,-4.2574745812151704e-11,0.0004464285582902669,0.05263157894736842,0.4857142857142857,0.0,1,incoming_final_layer_mean_head_attention_mass,82882adce8f5fbb7a77c7a3d1e7faa1e67af611df8058ee2b689a299dcdf01de,28c2715fbc9b16a75dc7e849a907a807c5097918ff49a92fd0b76583533998a8,87c0cf2e0f6e4cf5cf1ed4a0f6eb27af0115a73f61e811e17185afa0d20e738e
7c1c7ae6205df8bc,late,proof:7c1c7ae6205df8bc:2c9daa79abf6399e87928c04,23,mandatory_block,ForcedResponse,node,60,897e41795fa2ff26e0355378cf8a5167b375d14ef03f185ae2be39fb7c1c6286,0.028571428528853825,0.02857142857142857,0.027678571424746355,-4.2574745812151704e-11,0.0008928571041074695,0.05263157894736842,0.4857142857142857,0.0,1,incoming_final_layer_mean_head_attention_mass,82882adce8f5fbb7a77c7a3d1e7faa1e67af611df8058ee2b689a299dcdf01de,28c2715fbc9b16a75dc7e849a907a807c5097918ff49a92fd0b76583533998a8,87c0cf2e0f6e4cf5cf1ed4a0f6eb27af0115a73f61e811e17185afa0d20e738e
7c1c7ae6205df8bc,late,proof:7c1c7ae6205df8bc:2c9daa79abf6399e87928c04,23,mandatory_block,BlockingMove,node,60,897e41795fa2ff26e0355378cf8a5167b375d14ef03f185ae2be39fb7c1c6286,0.028571428528853825,0.02857142857142857,0.028348214259271375,-4.2574745812151704e-11,0.00022321426958244947,0.05263157894736842,0.4857142857142857,0.0,1,incoming_final_layer_mean_head_attention_mass,82882adce8f5fbb7a77c7a3d1e7faa1e67af611df8058ee2b689a299dcdf01de,28c2715fbc9b16a75dc7e849a907a807c5097918ff49a92fd0b76583533998a8,87c0cf2e0f6e4cf5cf1ed4a0f6eb27af0115a73f61e811e17185afa0d20e738e
7c1c7ae6205df8bc,late,proof:7c1c7ae6205df8bc:2c9daa79abf6399e87928c04,23,mandatory_block,ProofSupportedGeometry,edge,60,897e41795fa2ff26e0355378cf8a5167b375d14ef03f185ae2be39fb7c1c6286,0.02454446076882498,0.025,0.027149281212019344,-0.00045553923117502143,-0.002604820443194364,0.025657385234349333,0.3789954337899543,0.0,6,incoming_final_layer_mean_head_attention_mass,82882adce8f5fbb7a77c7a3d1e7faa1e67af611df8058ee2b689a299dcdf01de,28c2715fbc9b16a75dc7e849a907a807c5097918ff49a92fd0b76583533998a8,87c0cf2e0f6e4cf5cf1ed4a0f6eb27af0115a73f61e811e17185afa0d20e738e
0e6caa2b89c5671e,late,proof:0e6caa2b89c5671e:2403a9a0dfff6dc744ebb6d4,26,simple_fork,WinningThreat,edge,60,897e41795fa2ff26e0355378cf8a5167b375d14ef03f185ae2be39fb7c1c6286,0.049267121310098916,0.05,0.05555401185198487,-0.000732878689901087,-0.006286890541885956,0.04840234391411923,0.4041095890410959,0.0,12,incoming_final_layer_mean_head_attention_mass,f66c43648db63da68cdaed1050944a56c751b38d266f2007249f72ed77c9dd52,28c2715fbc9b16a75dc7e849a907a807c5097918ff49a92fd0b76583533998a8,87c0cf2e0f6e4cf5cf1ed4a0f6eb27af0115a73f61e811e17185afa0d20e738e
0e6caa2b89c5671e,late,proof:0e6caa2b89c5671e:2403a9a0dfff6dc744ebb6d4,26,simple_fork,TacticalLineWindow,edge,60,897e41795fa2ff26e0355378cf8a5167b375d14ef03f185ae2be39fb7c1c6286,0.049267121310098916,0.05,0.05433948054026986,-0.000732878689901087,-0.005072359230170943,0.04840234391411923,0.4041095890410959,0.0,12,incoming_final_layer_mean_head_attention_mass,f66c43648db63da68cdaed1050944a56c751b38d266f2007249f72ed77c9dd52,28c2715fbc9b16a75dc7e849a907a807c5097918ff49a92fd0b76583533998a8,87c0cf2e0f6e4cf5cf1ed4a0f6eb27af0115a73f61e811e17185afa0d20e738e
0e6caa2b89c5671e,late,proof:0e6caa2b89c5671e:2403a9a0dfff6dc744ebb6d4,26,simple_fork,CompletionCell,node,60,897e41795fa2ff26e0355378cf8a5167b375d14ef03f185ae2be39fb7c1c6286,0.085714285362854,0.08571428571428572,0.08102678576146213,-3.514317170605352e-10,0.004687499601391865,0.08095238095238096,0.3428571428571428,0.0,3,incoming_final_layer_mean_head_attention_mass,f66c43648db63da68cdaed1050944a56c751b38d266f2007249f72ed77c9dd52,28c2715fbc9b16a75dc7e849a907a807c5097918ff49a92fd0b76583533998a8,87c0cf2e0f6e4cf5cf1ed4a0f6eb27af0115a73f61e811e17185afa0d20e738e
0e6caa2b89c5671e,late,proof:0e6caa2b89c5671e:2403a9a0dfff6dc744ebb6d4,26,simple_fork,ProofSupportedGeometry,edge,60,897e41795fa2ff26e0355378cf8a5167b375d14ef03f185ae2be39fb7c1c6286,0.049267121310098916,0.05,0.054673357500980166,-0.000732878689901087,-0.00540623619088125,0.04840234391411923,0.4041095890410959,0.0,12,incoming_final_layer_mean_head_attention_mass,f66c43648db63da68cdaed1050944a56c751b38d266f2007249f72ed77c9dd52,28c2715fbc9b16a75dc7e849a907a807c5097918ff49a92fd0b76583533998a8,87c0cf2e0f6e4cf5cf1ed4a0f6eb27af0115a73f61e811e17185afa0d20e738e
0e6caa2b89c5671e,late,proof:0e6caa2b89c5671e:4fcfc00e74de960ce3d81edf,23,immediate_win|winning_line,WinningThreat,edge,60,897e41795fa2ff26e0355378cf8a5167b375d14ef03f185ae2be39fb7c1c6286,0.02474142792578409,0.025,0.027267011242196094,-0.0002585720742159098,-0.002525583316412002,0.0252275838487591,0.39954337899543374,0.0,6,incoming_final_layer_mean_head_attention_mass,9b93e86c60136f2e23dc2f0b45f1cea7c9a3cb7334c4cb659053447e3fa0cde9,28c2715fbc9b16a75dc7e849a907a807c5097918ff49a92fd0b76583533998a8,87c0cf2e0f6e4cf5cf1ed4a0f6eb27af0115a73f61e811e17185afa0d20e738e
0e6caa2b89c5671e,late,proof:0e6caa2b89c5671e:4fcfc00e74de960ce3d81edf,23,immediate_win|winning_line,TacticalLineWindow,edge,60,897e41795fa2ff26e0355378cf8a5167b375d14ef03f185ae2be39fb7c1c6286,0.02474142792578409,0.025,0.02728261076913885,-0.0002585720742159098,-0.002541182843354757,0.0252275838487591,0.39954337899543374,0.0,6,incoming_final_layer_mean_head_attention_mass,9b93e86c60136f2e23dc2f0b45f1cea7c9a3cb7334c4cb659053447e3fa0cde9,28c2715fbc9b16a75dc7e849a907a807c5097918ff49a92fd0b76583533998a8,87c0cf2e0f6e4cf5cf1ed4a0f6eb27af0115a73f61e811e17185afa0d20e738e
0e6caa2b89c5671e,late,proof:0e6caa2b89c5671e:4fcfc00e74de960ce3d81edf,23,immediate_win|winning_line,CompletionCell,node,60,897e41795fa2ff26e0355378cf8a5167b375d14ef03f185ae2be39fb7c1c6286,0.02857142863167944,0.02857142857142857,0.027678571460122356,6.025087026517717e-11,0.0008928571715570849,0.07142857142857142,0.6285714285714286,0.0,1,incoming_final_layer_mean_head_attention_mass,9b93e86c60136f2e23dc2f0b45f1cea7c9a3cb7334c4cb659053447e3fa0cde9,28c2715fbc9b16a75dc7e849a907a807c5097918ff49a92fd0b76583533998a8,87c0cf2e0f6e4cf5cf1ed4a0f6eb27af0115a73f61e811e17185afa0d20e738e
0e6caa2b89c5671e,late,proof:0e6caa2b89c5671e:4fcfc00e74de960ce3d81edf,23,immediate_win|winning_line,ProofSupportedGeometry,edge,60,897e41795fa2ff26e0355378cf8a5167b375d14ef03f185ae2be39fb7c1c6286,0.02474142792578409,0.025,0.027001789735673833,-0.0002585720742159098,-0.002260361809889741,0.0252275838487591,0.39954337899543374,0.0,6,incoming_final_layer_mean_head_attention_mass,9b93e86c60136f2e23dc2f0b45f1cea7c9a3cb7334c4cb659053447e3fa0cde9,28c2715fbc9b16a75dc7e849a907a807c5097918ff49a92fd0b76583533998a8,87c0cf2e0f6e4cf5cf1ed4a0f6eb27af0115a73f61e811e17185afa0d20e738e
0e6caa2b89c5671e,late,proof:0e6caa2b89c5671e:62208e5d33b5ec9fdd34501b,28,simple_fork,WinningThreat,edge,60,897e41795fa2ff26e0355378cf8a5167b375d14ef03f185ae2be39fb7c1c6286,0.04624614466587818,0.04642857142857143,0.056351744411371946,-0.00018242676269324826,-0.010105599745493764,0.04394015193662918,0.38432267884322674,0.0,12,incoming_final_layer_mean_head_attention_mass,310d93a11f146c0b5f7078bd03355dbe2da6c8932b3c0792519140cfa003b806,28c2715fbc9b16a75dc7e849a907a807c5097918ff49a92fd0b76583533998a8,87c0cf2e0f6e4cf5cf1ed4a0f6eb27af0115a73f61e811e17185afa0d20e738e
0e6caa2b89c5671e,late,proof:0e6caa2b89c5671e:62208e5d33b5ec9fdd34501b,28,simple_fork,TacticalLineWindow,edge,60,897e41795fa2ff26e0355378cf8a5167b375d14ef03f185ae2be39fb7c1c6286,0.04624614466587818,0.04642857142857143,0.05393304701675343,-0.00018242676269324826,-0.007686902350875248,0.04394015193662918,0.38432267884322674,0.0,12,incoming_final_layer_mean_head_attention_mass,310d93a11f146c0b5f7078bd03355dbe2da6c8932b3c0792519140cfa003b806,28c2715fbc9b16a75dc7e849a907a807c5097918ff49a92fd0b76583533998a8,87c0cf2e0f6e4cf5cf1ed4a0f6eb27af0115a73f61e811e17185afa0d20e738e
0e6caa2b89c5671e,late,proof:0e6caa2b89c5671e:62208e5d33b5ec9fdd34501b,28,simple_fork,CompletionCell,node,60,897e41795fa2ff26e0355378cf8a5167b375d14ef03f185ae2be39fb7c1c6286,0.08571428605469363,0.08571428571428572,0.0823660714116333,3.404079101931856e-10,0.0033482146430603293,0.21031746031746032,0.7619047619047619,0.0,3,incoming_final_layer_mean_head_attention_mass,310d93a11f146c0b5f7078bd03355dbe2da6c8932b3c0792519140cfa003b806,28c2715fbc9b16a75dc7e849a907a807c5097918ff49a92fd0b76583533998a8,87c0cf2e0f6e4cf5cf1ed4a0f6eb27af0115a73f61e811e17185afa0d20e738e
0e6caa2b89c5671e,late,proof:0e6caa2b89c5671e:62208e5d33b5ec9fdd34501b,28,simple_fork,ProofSupportedGeometry,edge,60,897e41795fa2ff26e0355378cf8a5167b375d14ef03f185ae2be39fb7c1c6286,0.04624614466587818,0.04642857142857143,0.0548704428548323,-0.00018242676269324826,-0.008624298188954119,0.04394015193662918,0.38432267884322674,0.0,12,incoming_final_layer_mean_head_attention_mass,310d93a11f146c0b5f7078bd03355dbe2da6c8932b3c0792519140cfa003b806,28c2715fbc9b16a75dc7e849a907a807c5097918ff49a92fd0b76583533998a8,87c0cf2e0f6e4cf5cf1ed4a0f6eb27af0115a73f61e811e17185afa0d20e738e
0e6caa2b89c5671e,late,proof:0e6caa2b89c5671e:70229d9b94e287affc7df93e,14,simple_fork,WinningThreat,edge,60,897e41795fa2ff26e0355378cf8a5167b375d14ef03f185ae2be39fb7c1c6286,0.07526751926158753,0.075,0.08211521437296518,0.00026751926158753714,-0.006847695111377644,0.07639562225221921,0.4545915778792492,0.05555555555555555,18,incoming_final_layer_mean_head_attention_mass,9113223ee4ae5112ff49d280361cfd699b3f3ab47519ab2b584aedc2ac7fe9cb,28c2715fbc9b16a75dc7e849a907a807c5097918ff49a92fd0b76583533998a8,87c0cf2e0f6e4cf5cf1ed4a0f6eb27af0115a73f61e811e17185afa0d20e738e
0e6caa2b89c5671e,late,proof:0e6caa2b89c5671e:70229d9b94e287affc7df93e,14,simple_fork,TacticalLineWindow,edge,60,897e41795fa2ff26e0355378cf8a5167b375d14ef03f185ae2be39fb7c1c6286,0.07526751926158753,0.075,0.08358952249129445,0.00026751926158753714,-0.008322003229706915,0.07639562225221921,0.4545915778792492,0.05555555555555555,18,incoming_final_layer_mean_head_attention_mass,9113223ee4ae5112ff49d280361cfd699b3f3ab47519ab2b584aedc2ac7fe9cb,28c2715fbc9b16a75dc7e849a907a807c5097918ff49a92fd0b76583533998a8,87c0cf2e0f6e4cf5cf1ed4a0f6eb27af0115a73f61e811e17185afa0d20e738e
0e6caa2b89c5671e,late,proof:0e6caa2b89c5671e:70229d9b94e287affc7df93e,14,simple_fork,CompletionCell,node,60,897e41795fa2ff26e0355378cf8a5167b375d14ef03f185ae2be39fb7c1c6286,0.114285713941315,0.11428571428571428,0.11250000000607022,-3.443992868668033e-10,0.0017857139352447787,0.10890739695087522,0.40714285714285714,0.0,4,incoming_final_layer_mean_head_attention_mass,9113223ee4ae5112ff49d280361cfd699b3f3ab47519ab2b584aedc2ac7fe9cb,28c2715fbc9b16a75dc7e849a907a807c5097918ff49a92fd0b76583533998a8,87c0cf2e0f6e4cf5cf1ed4a0f6eb27af0115a73f61e811e17185afa0d20e738e
0e6caa2b89c5671e,late,proof:0e6caa2b89c5671e:70229d9b94e287affc7df93e,14,simple_fork,ProofSupportedGeometry,edge,60,897e41795fa2ff26e0355378cf8a5167b375d14ef03f185ae2be39fb7c1c6286,0.07526751926158753,0.075,0.08311702534814386,0.00026751926158753714,-0.007849506086556324,0.07639562225221921,0.4545915778792492,0.05555555555555555,18,incoming_final_layer_mean_head_attention_mass,9113223ee4ae5112ff49d280361cfd699b3f3ab47519ab2b584aedc2ac7fe9cb,28c2715fbc9b16a75dc7e849a907a807c5097918ff49a92fd0b76583533998a8,87c0cf2e0f6e4cf5cf1ed4a0f6eb27af0115a73f61e811e17185afa0d20e738e
0e6caa2b89c5671e,late,proof:0e6caa2b89c5671e:bc71e644bb93885a48a77a20,15,simple_fork,WinningThreat,edge,60,897e41795fa2ff26e0355378cf8a5167b375d14ef03f185ae2be39fb7c1c6286,0.07530149303101373,0.075,0.08309632329710669,0.00030149303101373315,-0.007794830266092956,0.07505317978240308,0.4543378995433789,0.0,18,incoming_final_layer_mean_head_attention_mass,4c26274abf0e9b05f7b096f18df981c08039f7bef42ff3a1b14dad53628413cb,28c2715fbc9b16a75dc7e849a907a807c5097918ff49a92fd0b76583533998a8,87c0cf2e0f6e4cf5cf1ed4a0f6eb27af0115a73f61e811e17185afa0d20e738e
0e6caa2b89c5671e,late,proof:0e6caa2b89c5671e:bc71e644bb93885a48a77a20,15,simple_fork,TacticalLineWindow,edge,60,897e41795fa2ff26e0355378cf8a5167b375d14ef03f185ae2be39fb7c1c6286,0.07530149303101373,0.075,0.0812584620842681,0.00030149303101373315,-0.005956969053254366,0.07505317978240308,0.4543378995433789,0.0,18,incoming_final_layer_mean_head_attention_mass,4c26274abf0e9b05f7b096f18df981c08039f7bef42ff3a1b14dad53628413cb,28c2715fbc9b16a75dc7e849a907a807c5097918ff49a92fd0b76583533998a8,87c0cf2e0f6e4cf5cf1ed4a0f6eb27af0115a73f61e811e17185afa0d20e738e
0e6caa2b89c5671e,late,proof:0e6caa2b89c5671e:bc71e644bb93885a48a77a20,15,simple_fork,CompletionCell,node,60,897e41795fa2ff26e0355378cf8a5167b375d14ef03f185ae2be39fb7c1c6286,0.11428571436706246,0.11428571428571428,0.11071428567896317,8.134817819360762e-11,0.0035714286880992874,0.19661678900809335,0.5857142857142857,0.25,4,incoming_final_layer_mean_head_attention_mass,4c26274abf0e9b05f7b096f18df981c08039f7bef42ff3a1b14dad53628413cb,28c2715fbc9b16a75dc7e849a907a807c5097918ff49a92fd0b76583533998a8,87c0cf2e0f6e4cf5cf1ed4a0f6eb27af0115a73f61e811e17185afa0d20e738e
0e6caa2b89c5671e,late,proof:0e6caa2b89c5671e:bc71e644bb93885a48a77a20,15,simple_fork,ProofSupportedGeometry,edge,60,897e41795fa2ff26e0355378cf8a5167b375d14ef03f185ae2be39fb7c1c6286,0.07530149303101373,0.075,0.08080948658081272,0.00030149303101373315,-0.005507993549798987,0.07505317978240308,0.4543378995433789,0.0,18,incoming_final_layer_mean_head_attention_mass,4c26274abf0e9b05f7b096f18df981c08039f7bef42ff3a1b14dad53628413cb,28c2715fbc9b16a75dc7e849a907a807c5097918ff49a92fd0b76583533998a8,87c0cf2e0f6e4cf5cf1ed4a0f6eb27af0115a73f61e811e17185afa0d20e738e
0e6caa2b89c5671e,late,proof:0e6caa2b89c5671e:d0f3852f15b03aaba7c0f5d7,22,simple_fork,WinningThreat,edge,60,897e41795fa2ff26e0355378cf8a5167b375d14ef03f185ae2be39fb7c1c6286,0.04624614466587818,0.04642857142857143,0.05429860249762289,-0.00018242676269324826,-0.008052457831744707,0.04394015193662918,0.38432267884322674,0.0,12,incoming_final_layer_mean_head_attention_mass,24b9ff69cd0fe7f82af2aad2b85811093e50a358393c3e56dfdb4634c2d90ef7,28c2715fbc9b16a75dc7e849a907a807c5097918ff49a92fd0b76583533998a8,87c0cf2e0f6e4cf5cf1ed4a0f6eb27af0115a73f61e811e17185afa0d20e738e
0e6caa2b89c5671e,late,proof:0e6caa2b89c5671e:d0f3852f15b03aaba7c0f5d7,22,simple_fork,TacticalLineWindow,edge,60,897e41795fa2ff26e0355378cf8a5167b375d14ef03f185ae2be39fb7c1c6286,0.04624614466587818,0.04642857142857143,0.05545368247063788,-0.00018242676269324826,-0.009207537804759698,0.04394015193662918,0.38432267884322674,0.0,12,incoming_final_layer_mean_head_attention_mass,24b9ff69cd0fe7f82af2aad2b85811093e50a358393c3e56dfdb4634c2d90ef7,28c2715fbc9b16a75dc7e849a907a807c5097918ff49a92fd0b76583533998a8,87c0cf2e0f6e4cf5cf1ed4a0f6eb27af0115a73f61e811e17185afa0d20e738e
0e6caa2b89c5671e,late,proof:0e6caa2b89c5671e:d0f3852f15b03aaba7c0f5d7,22,simple_fork,CompletionCell,node,60,897e41795fa2ff26e0355378cf8a5167b375d14ef03f185ae2be39fb7c1c6286,0.08571428605469363,0.08571428571428572,0.084821428518715,3.404079101931856e-10,0.0008928575359786195,0.21031746031746032,0.7619047619047619,0.0,3,incoming_final_layer_mean_head_attention_mass,24b9ff69cd0fe7f82af2aad2b85811093e50a358393c3e56dfdb4634c2d90ef7,28c2715fbc9b16a75dc7e849a907a807c5097918ff49a92fd0b76583533998a8,87c0cf2e0f6e4cf5cf1ed4a0f6eb27af0115a73f61e811e17185afa0d20e738e
0e6caa2b89c5671e,late,proof:0e6caa2b89c5671e:d0f3852f15b03aaba7c0f5d7,22,simple_fork,ProofSupportedGeometry,edge,60,897e41795fa2ff26e0355378cf8a5167b375d14ef03f185ae2be39fb7c1c6286,0.04624614466587818,0.04642857142857143,0.05457121009959463,-0.00018242676269324826,-0.008325065433716451,0.04394015193662918,0.38432267884322674,0.0,12,incoming_final_layer_mean_head_attention_mass,24b9ff69cd0fe7f82af2aad2b85811093e50a358393c3e56dfdb4634c2d90ef7,28c2715fbc9b16a75dc7e849a907a807c5097918ff49a92fd0b76583533998a8,87c0cf2e0f6e4cf5cf1ed4a0f6eb27af0115a73f61e811e17185afa0d20e738e
0e6caa2b89c5671e,late,proof:0e6caa2b89c5671e:e13022ccb6b81da4ea7cfc8e,21,simple_fork,WinningThreat,edge,60,897e41795fa2ff26e0355378cf8a5167b375d14ef03f185ae2be39fb7c1c6286,0.07464833530172964,0.075,0.08220225370653861,-0.00035166469827035973,-0.007553918404808971,0.07687944060539635,0.43581938102486045,0.05555555555555555,18,incoming_final_layer_mean_head_attention_mass,e4a491e303f43af37d87bb1760feaa8f70bad278fee4e9c4779bbd80aba3f058,28c2715fbc9b16a75dc7e849a907a807c5097918ff49a92fd0b76583533998a8,87c0cf2e0f6e4cf5cf1ed4a0f6eb27af0115a73f61e811e17185afa0d20e738e
0e6caa2b89c5671e,late,proof:0e6caa2b89c5671e:e13022ccb6b81da4ea7cfc8e,21,simple_fork,TacticalLineWindow,edge,60,897e41795fa2ff26e0355378cf8a5167b375d14ef03f185ae2be39fb7c1c6286,0.07464833530172964,0.075,0.08429452371218207,-0.00035166469827035973,-0.009646188410452436,0.07687944060539635,0.43581938102486045,0.05555555555555555,18,incoming_final_layer_mean_head_attention_mass,e4a491e303f43af37d87bb1760feaa8f70bad278fee4e9c4779bbd80aba3f058,28c2715fbc9b16a75dc7e849a907a807c5097918ff49a92fd0b76583533998a8,87c0cf2e0f6e4cf5cf1ed4a0f6eb27af0115a73f61e811e17185afa0d20e738e
0e6caa2b89c5671e,late,proof:0e6caa2b89c5671e:e13022ccb6b81da4ea7cfc8e,21,simple_fork,CompletionCell,node,60,897e41795fa2ff26e0355378cf8a5167b375d14ef03f185ae2be39fb7c1c6286,0.11428571383487814,0.11428571428571428,0.10982142854669626,-4.5083614619301215e-10,0.0044642852881818795,0.10070346320346321,0.35714285714285715,0.0,4,incoming_final_layer_mean_head_attention_mass,e4a491e303f43af37d87bb1760feaa8f70bad278fee4e9c4779bbd80aba3f058,28c2715fbc9b16a75dc7e849a907a807c5097918ff49a92fd0b76583533998a8,87c0cf2e0f6e4cf5cf1ed4a0f6eb27af0115a73f61e811e17185afa0d20e738e
0e6caa2b89c5671e,late,proof:0e6caa2b89c5671e:e13022ccb6b81da4ea7cfc8e,21,simple_fork,ProofSupportedGeometry,edge,60,897e41795fa2ff26e0355378cf8a5167b375d14ef03f185ae2be39fb7c1c6286,0.07464833530172964,0.075,0.08122117340934053,-0.00035166469827035973,-0.00657283810761089,0.07687944060539635,0.43581938102486045,0.05555555555555555,18,incoming_final_layer_mean_head_attention_mass,e4a491e303f43af37d87bb1760feaa8f70bad278fee4e9c4779bbd80aba3f058,28c2715fbc9b16a75dc7e849a907a807c5097918ff49a92fd0b76583533998a8,87c0cf2e0f6e4cf5cf1ed4a0f6eb27af0115a73f61e811e17185afa0d20e738e
0e6caa2b89c5671e,late,proof:0e6caa2b89c5671e:e893372445bfa3c2f25b2ccb,20,simple_fork,WinningThreat,edge,60,897e41795fa2ff26e0355378cf8a5167b375d14ef03f185ae2be39fb7c1c6286,0.05015661568684101,0.05,0.0558290594841781,0.00015661568684100652,-0.005672443797337091,0.05243025012212921,0.44901065449010646,0.0,12,incoming_final_layer_mean_head_attention_mass,22bbb857869684d6b67be04cf68e5a78fdfca7ba0273eae125dd12d27bda63b5,28c2715fbc9b16a75dc7e849a907a807c5097918ff49a92fd0b76583533998a8,87c0cf2e0f6e4cf5cf1ed4a0f6eb27af0115a73f61e811e17185afa0d20e738e
0e6caa2b89c5671e,late,proof:0e6caa2b89c5671e:e893372445bfa3c2f25b2ccb,20,simple_fork,TacticalLineWindow,edge,60,897e41795fa2ff26e0355378cf8a5167b375d14ef03f185ae2be39fb7c1c6286,0.05015661568684101,0.05,0.05447965675048262,0.00015661568684100652,-0.0043230410636416125,0.05243025012212921,0.44901065449010646,0.0,12,incoming_final_layer_mean_head_attention_mass,22bbb857869684d6b67be04cf68e5a78fdfca7ba0273eae125dd12d27bda63b5,28c2715fbc9b16a75dc7e849a907a807c5097918ff49a92fd0b76583533998a8,87c0cf2e0f6e4cf5cf1ed4a0f6eb27af0115a73f61e811e17185afa0d20e738e
0e6caa2b89c5671e,late,proof:0e6caa2b89c5671e:e893372445bfa3c2f25b2ccb,20,simple_fork,CompletionCell,node,60,897e41795fa2ff26e0355378cf8a5167b375d14ef03f185ae2be39fb7c1c6286,0.08571428589503832,0.08571428571428572,0.08415178568053269,1.8075260732608456e-10,0.00156250021450563,0.20220841959972394,0.6476190476190476,0.3333333333333333,3,incoming_final_layer_mean_head_attention_mass,22bbb857869684d6b67be04cf68e5a78fdfca7ba0273eae125dd12d27bda63b5,28c2715fbc9b16a75dc7e849a907a807c5097918ff49a92fd0b76583533998a8,87c0cf2e0f6e4cf5cf1ed4a0f6eb27af0115a73f61e811e17185afa0d20e738e
0e6caa2b89c5671e,late,proof:0e6caa2b89c5671e:e893372445bfa3c2f25b2ccb,20,simple_fork,ProofSupportedGeometry,edge,60,897e41795fa2ff26e0355378cf8a5167b375d14ef03f185ae2be39fb7c1c6286,0.05015661568684101,0.05,0.0541337740364531,0.00015661568684100652,-0.003977158349612091,0.05243025012212921,0.44901065449010646,0.0,12,incoming_final_layer_mean_head_attention_mass,22bbb857869684d6b67be04cf68e5a78fdfca7ba0273eae125dd12d27bda63b5,28c2715fbc9b16a75dc7e849a907a807c5097918ff49a92fd0b76583533998a8,87c0cf2e0f6e4cf5cf1ed4a0f6eb27af0115a73f61e811e17185afa0d20e738e
d3e8b63f8afb91f4,late,proof:d3e8b63f8afb91f4:0e02bae54b3ad5d7971893e0,14,simple_fork,WinningThreat,edge,60,897e41795fa2ff26e0355378cf8a5167b375d14ef03f185ae2be39fb7c1c6286,0.05060039569154336,0.05,0.05497347289396762,0.0006003956915433539,-0.004373077202424261,0.05387288689649632,0.46080669710806693,0.0,12,incoming_final_layer_mean_head_attention_mass,d4c74530ad9ad3a40ca3183dc6dc9792b3aa0808413b8dba1c480bde9dcd9d55,28c2715fbc9b16a75dc7e849a907a807c5097918ff49a92fd0b76583533998a8,87c0cf2e0f6e4cf5cf1ed4a0f6eb27af0115a73f61e811e17185afa0d20e738e
d3e8b63f8afb91f4,late,proof:d3e8b63f8afb91f4:0e02bae54b3ad5d7971893e0,14,simple_fork,TacticalLineWindow,edge,60,897e41795fa2ff26e0355378cf8a5167b375d14ef03f185ae2be39fb7c1c6286,0.05060039569154336,0.05,0.05420726156251054,0.0006003956915433539,-0.003606865870967181,0.05387288689649632,0.46080669710806693,0.0,12,incoming_final_layer_mean_head_attention_mass,d4c74530ad9ad3a40ca3183dc6dc9792b3aa0808413b8dba1c480bde9dcd9d55,28c2715fbc9b16a75dc7e849a907a807c5097918ff49a92fd0b76583533998a8,87c0cf2e0f6e4cf5cf1ed4a0f6eb27af0115a73f61e811e17185afa0d20e738e
d3e8b63f8afb91f4,late,proof:d3e8b63f8afb91f4:0e02bae54b3ad5d7971893e0,14,simple_fork,CompletionCell,node,60,897e41795fa2ff26e0355378cf8a5167b375d14ef03f185ae2be39fb7c1c6286,0.08571428590663234,0.08571428571428572,0.0839285714159558,1.9234662473888164e-10,0.0017857144906765349,0.19444444444444442,0.7047619047619048,0.0,3,incoming_final_layer_mean_head_attention_mass,d4c74530ad9ad3a40ca3183dc6dc9792b3aa0808413b8dba1c480bde9dcd9d55,28c2715fbc9b16a75dc7e849a907a807c5097918ff49a92fd0b76583533998a8,87c0cf2e0f6e4cf5cf1ed4a0f6eb27af0115a73f61e811e17185afa0d20e738e
d3e8b63f8afb91f4,late,proof:d3e8b63f8afb91f4:0e02bae54b3ad5d7971893e0,14,simple_fork,ProofSupportedGeometry,edge,60,897e41795fa2ff26e0355378cf8a5167b375d14ef03f185ae2be39fb7c1c6286,0.05060039569154336,0.05,0.05528091933907913,0.0006003956915433539,-0.004680523647535774,0.05387288689649632,0.46080669710806693,0.0,12,incoming_final_layer_mean_head_attention_mass,d4c74530ad9ad3a40ca3183dc6dc9792b3aa0808413b8dba1c480bde9dcd9d55,28c2715fbc9b16a75dc7e849a907a807c5097918ff49a92fd0b76583533998a8,87c0cf2e0f6e4cf5cf1ed4a0f6eb27af0115a73f61e811e17185afa0d20e738e
d3e8b63f8afb91f4,late,proof:d3e8b63f8afb91f4:2ac1b27b18b458936ddcc16b,20,simple_fork,WinningThreat,edge,60,897e41795fa2ff26e0355378cf8a5167b375d14ef03f185ae2be39fb7c1c6286,0.05007579874238438,0.05,0.05517710759496601,7.579874238437811e-05,-0.005101308852581629,0.06902820596495274,0.4558599695585997,0.08333333333333333,12,incoming_final_layer_mean_head_attention_mass,c937cbee3e3fa7d63c2ef4dc3d6977770493da5111b565c314d967a3d164f36e,28c2715fbc9b16a75dc7e849a907a807c5097918ff49a92fd0b76583533998a8,87c0cf2e0f6e4cf5cf1ed4a0f6eb27af0115a73f61e811e17185afa0d20e738e
d3e8b63f8afb91f4,late,proof:d3e8b63f8afb91f4:2ac1b27b18b458936ddcc16b,20,simple_fork,TacticalLineWindow,edge,60,897e41795fa2ff26e0355378cf8a5167b375d14ef03f185ae2be39fb7c1c6286,0.05007579874238438,0.05,0.05596301215218852,7.579874238437811e-05,-0.005887213409804137,0.06902820596495274,0.4558599695585997,0.08333333333333333,12,incoming_final_layer_mean_head_attention_mass,c937cbee3e3fa7d63c2ef4dc3d6977770493da5111b565c314d967a3d164f36e,28c2715fbc9b16a75dc7e849a907a807c5097918ff49a92fd0b76583533998a8,87c0cf2e0f6e4cf5cf1ed4a0f6eb27af0115a73f61e811e17185afa0d20e738e
d3e8b63f8afb91f4,late,proof:d3e8b63f8afb91f4:2ac1b27b18b458936ddcc16b,20,simple_fork,CompletionCell,node,60,897e41795fa2ff26e0355378cf8a5167b375d14ef03f185ae2be39fb7c1c6286,0.08571428558732173,0.08571428571428572,0.08392857145670118,-1.2696398099532047e-10,0.0017857141306205498,0.09814814814814814,0.45714285714285713,0.0,3,incoming_final_layer_mean_head_attention_mass,c937cbee3e3fa7d63c2ef4dc3d6977770493da5111b565c314d967a3d164f36e,28c2715fbc9b16a75dc7e849a907a807c5097918ff49a92fd0b76583533998a8,87c0cf2e0f6e4cf5cf1ed4a0f6eb27af0115a73f61e811e17185afa0d20e738e
d3e8b63f8afb91f4,late,proof:d3e8b63f8afb91f4:2ac1b27b18b458936ddcc16b,20,simple_fork,ProofSupportedGeometry,edge,60,897e41795fa2ff26e0355378cf8a5167b375d14ef03f185ae2be39fb7c1c6286,0.05007579874238438,0.05,0.05501524586874005,7.579874238437811e-05,-0.004939447126355669,0.06902820596495274,0.4558599695585997,0.08333333333333333,12,incoming_final_layer_mean_head_attention_mass,c937cbee3e3fa7d63c2ef4dc3d6977770493da5111b565c314d967a3d164f36e,28c2715fbc9b16a75dc7e849a907a807c5097918ff49a92fd0b76583533998a8,87c0cf2e0f6e4cf5cf1ed4a0f6eb27af0115a73f61e811e17185afa0d20e738e
9af16211b24685c6,late,proof:9af16211b24685c6:0ea340a51fc01f4b8e85df7b,20,immediate_win|winning_line,WinningThreat,edge,60,897e41795fa2ff26e0355378cf8a5167b375d14ef03f185ae2be39fb7c1c6286,0.024727265293973615,0.025,0.027149302551880923,-0.00027273470602638683,-0.0024220372579073085,0.03071123370633412,0.41780821917808214,0.0,6,incoming_final_layer_mean_head_attention_mass,87a678863a2d3037f7bb79b4231cf7694793046802977db22da2d92c1f3bbfda,28c2715fbc9b16a75dc7e849a907a807c5097918ff49a92fd0b76583533998a8,87c0cf2e0f6e4cf5cf1ed4a0f6eb27af0115a73f61e811e17185afa0d20e738e
9af16211b24685c6,late,proof:9af16211b24685c6:0ea340a51fc01f4b8e85df7b,20,immediate_win|winning_line,TacticalLineWindow,edge,60,897e41795fa2ff26e0355378cf8a5167b375d14ef03f185ae2be39fb7c1c6286,0.024727265293973615,0.025,0.027616548394177563,-0.00027273470602638683,-0.0028892831002039487,0.03071123370633412,0.41780821917808214,0.0,6,incoming_final_layer_mean_head_attention_mass,87a678863a2d3037f7bb79b4231cf7694793046802977db22da2d92c1f3bbfda,28c2715fbc9b16a75dc7e849a907a807c5097918ff49a92fd0b76583533998a8,87c0cf2e0f6e4cf5cf1ed4a0f6eb27af0115a73f61e811e17185afa0d20e738e
9af16211b24685c6,late,proof:9af16211b24685c6:0ea340a51fc01f4b8e85df7b,20,immediate_win|winning_line,CompletionCell,node,60,897e41795fa2ff26e0355378cf8a5167b375d14ef03f185ae2be39fb7c1c6286,0.028571428643273455,0.02857142857142857,0.028124999986736968,7.18448842085273e-11,0.0004464286565364871,0.1111111111111111,0.7714285714285715,0.0,1,incoming_final_layer_mean_head_attention_mass,87a678863a2d3037f7bb79b4231cf7694793046802977db22da2d92c1f3bbfda,28c2715fbc9b16a75dc7e849a907a807c5097918ff49a92fd0b76583533998a8,87c0cf2e0f6e4cf5cf1ed4a0f6eb27af0115a73f61e811e17185afa0d20e738e
9af16211b24685c6,late,proof:9af16211b24685c6:0ea340a51fc01f4b8e85df7b,20,immediate_win|winning_line,ProofSupportedGeometry,edge,60,897e41795fa2ff26e0355378cf8a5167b375d14ef03f185ae2be39fb7c1c6286,0.024727265293973615,0.025,0.02817987524860248,-0.00027273470602638683,-0.0034526099546288644,0.03071123370633412,0.41780821917808214,0.0,6,incoming_final_layer_mean_head_attention_mass,87a678863a2d3037f7bb79b4231cf7694793046802977db22da2d92c1f3bbfda,28c2715fbc9b16a75dc7e849a907a807c5097918ff49a92fd0b76583533998a8,87c0cf2e0f6e4cf5cf1ed4a0f6eb27af0115a73f61e811e17185afa0d20e738e
9af16211b24685c6,late,proof:9af16211b24685c6:4fcfc00e74de960ce3d81edf,23,immediate_win|winning_line,WinningThreat,edge,60,897e41795fa2ff26e0355378cf8a5167b375d14ef03f185ae2be39fb7c1c6286,0.02474142788973943,0.025,0.026159537761465276,-0.0002585721102605701,-0.001418109871725845,0.02509435392555381,0.3949771689497717,0.0,6,incoming_final_layer_mean_head_attention_mass,7f620cc95271e7f1f81946471d7a1f1bd2a8df3710fa758cc62689abe9186f28,28c2715fbc9b16a75dc7e849a907a807c5097918ff49a92fd0b76583533998a8,87c0cf2e0f6e4cf5cf1ed4a0f6eb27af0115a73f61e811e17185afa0d20e738e
9af16211b24685c6,late,proof:9af16211b24685c6:4fcfc00e74de960ce3d81edf,23,immediate_win|winning_line,TacticalLineWindow,edge,60,897e41795fa2ff26e0355378cf8a5167b375d14ef03f185ae2be39fb7c1c6286,0.02474142788973943,0.025,0.026764179666835412,-0.0002585721102605701,-0.002022751777095981,0.02509435392555381,0.3949771689497717,0.0,6,incoming_final_layer_mean_head_attention_mass,7f620cc95271e7f1f81946471d7a1f1bd2a8df3710fa758cc62689abe9186f28,28c2715fbc9b16a75dc7e849a907a807c5097918ff49a92fd0b76583533998a8,87c0cf2e0f6e4cf5cf1ed4a0f6eb27af0115a73f61e811e17185afa0d20e738e
9af16211b24685c6,late,proof:9af16211b24685c6:4fcfc00e74de960ce3d81edf,23,immediate_win|winning_line,CompletionCell,node,60,897e41795fa2ff26e0355378cf8a5167b375d14ef03f185ae2be39fb7c1c6286,0.02857142859005502,0.02857142857142857,0.027455357149114467,1.8626451075975936e-11,0.0011160714409405546,0.05263157894736842,0.4857142857142857,0.0,1,incoming_final_layer_mean_head_attention_mass,7f620cc95271e7f1f81946471d7a1f1bd2a8df3710fa758cc62689abe9186f28,28c2715fbc9b16a75dc7e849a907a807c5097918ff49a92fd0b76583533998a8,87c0cf2e0f6e4cf5cf1ed4a0f6eb27af0115a73f61e811e17185afa0d20e738e
9af16211b24685c6,late,proof:9af16211b24685c6:4fcfc00e74de960ce3d81edf,23,immediate_win|winning_line,ProofSupportedGeometry,edge,60,897e41795fa2ff26e0355378cf8a5167b375d14ef03f185ae2be39fb7c1c6286,0.02474142788973943,0.025,0.02863184148762711,-0.0002585721102605701,-0.003890413597887679,0.02509435392555381,0.3949771689497717,0.0,6,incoming_final_layer_mean_head_attention_mass,7f620cc95271e7f1f81946471d7a1f1bd2a8df3710fa758cc62689abe9186f28,28c2715fbc9b16a75dc7e849a907a807c5097918ff49a92fd0b76583533998a8,87c0cf2e0f6e4cf5cf1ed4a0f6eb27af0115a73f61e811e17185afa0d20e738e
db1e347046310118,late,proof:db1e347046310118:135e06817ea5d585fd3791c5,19,mandatory_block,WinningThreat,edge,60,897e41795fa2ff26e0355378cf8a5167b375d14ef03f185ae2be39fb7c1c6286,0.02559361816635593,0.025,0.027718908078861397,0.0005936181663559296,-0.002125289912505466,0.03400993749544226,0.4939117199391172,0.0,6,incoming_final_layer_mean_head_attention_mass,a60060dc0f7ca0dc98a5ac5ebd480bb3282acc06504cc0ed0bd2ab2e2e50dd42,28c2715fbc9b16a75dc7e849a907a807c5097918ff49a92fd0b76583533998a8,87c0cf2e0f6e4cf5cf1ed4a0f6eb27af0115a73f61e811e17185afa0d20e738e
db1e347046310118,late,proof:db1e347046310118:135e06817ea5d585fd3791c5,19,mandatory_block,TacticalLineWindow,edge,60,897e41795fa2ff26e0355378cf8a5167b375d14ef03f185ae2be39fb7c1c6286,0.02559361816635593,0.025,0.026787584809925415,0.0005936181663559296,-0.0011939666435694836,0.03400993749544226,0.4939117199391172,0.0,6,incoming_final_layer_mean_head_attention_mass,a60060dc0f7ca0dc98a5ac5ebd480bb3282acc06504cc0ed0bd2ab2e2e50dd42,28c2715fbc9b16a75dc7e849a907a807c5097918ff49a92fd0b76583533998a8,87c0cf2e0f6e4cf5cf1ed4a0f6eb27af0115a73f61e811e17185afa0d20e738e
db1e347046310118,late,proof:db1e347046310118:135e06817ea5d585fd3791c5,19,mandatory_block,CompletionCell,node,60,897e41795fa2ff26e0355378cf8a5167b375d14ef03f185ae2be39fb7c1c6286,0.028571428569908044,0.02857142857142857,0.02723214290184397,-1.5205267600570949e-12,0.0013392856680640754,0.058823529411764705,0.5428571428571428,0.0,1,incoming_final_layer_mean_head_attention_mass,a60060dc0f7ca0dc98a5ac5ebd480bb3282acc06504cc0ed0bd2ab2e2e50dd42,28c2715fbc9b16a75dc7e849a907a807c5097918ff49a92fd0b76583533998a8,87c0cf2e0f6e4cf5cf1ed4a0f6eb27af0115a73f61e811e17185afa0d20e738e
db1e347046310118,late,proof:db1e347046310118:135e06817ea5d585fd3791c5,19,mandatory_block,ForcedResponse,node,60,897e41795fa2ff26e0355378cf8a5167b375d14ef03f185ae2be39fb7c1c6286,0.028571428569908044,0.02857142857142857,0.02790178571384025,-1.5205267600570949e-12,0.0006696428560677946,0.058823529411764705,0.5428571428571428,0.0,1,incoming_final_layer_mean_head_attention_mass,a60060dc0f7ca0dc98a5ac5ebd480bb3282acc06504cc0ed0bd2ab2e2e50dd42,28c2715fbc9b16a75dc7e849a907a807c5097918ff49a92fd0b76583533998a8,87c0cf2e0f6e4cf5cf1ed4a0f6eb27af0115a73f61e811e17185afa0d20e738e
db1e347046310118,late,proof:db1e347046310118:135e06817ea5d585fd3791c5,19,mandatory_block,BlockingMove,node,60,897e41795fa2ff26e0355378cf8a5167b375d14ef03f185ae2be39fb7c1c6286,0.028571428569908044,0.02857142857142857,0.028125000029685907,-1.5205267600570949e-12,0.00044642854022213657,0.058823529411764705,0.5428571428571428,0.0,1,incoming_final_layer_mean_head_attention_mass,a60060dc0f7ca0dc98a5ac5ebd480bb3282acc06504cc0ed0bd2ab2e2e50dd42,28c2715fbc9b16a75dc7e849a907a807c5097918ff49a92fd0b76583533998a8,87c0cf2e0f6e4cf5cf1ed4a0f6eb27af0115a73f61e811e17185afa0d20e738e
db1e347046310118,late,proof:db1e347046310118:135e06817ea5d585fd3791c5,19,mandatory_block,ProofSupportedGeometry,edge,60,897e41795fa2ff26e0355378cf8a5167b375d14ef03f185ae2be39fb7c1c6286,0.02559361816635593,0.025,0.027409009623760285,0.0005936181663559296,-0.0018153914574043535,0.03400993749544226,0.4939117199391172,0.0,6,incoming_final_layer_mean_head_attention_mass,a60060dc0f7ca0dc98a5ac5ebd480bb3282acc06504cc0ed0bd2ab2e2e50dd42,28c2715fbc9b16a75dc7e849a907a807c5097918ff49a92fd0b76583533998a8,87c0cf2e0f6e4cf5cf1ed4a0f6eb27af0115a73f61e811e17185afa0d20e738e
56a7dde81d335df3,late,proof:56a7dde81d335df3:2e440c9699001a494b9c0d0d,22,mandatory_block,WinningThreat,edge,60,897e41795fa2ff26e0355378cf8a5167b375d14ef03f185ae2be39fb7c1c6286,0.024621508896825812,0.025,0.027624681335542134,-0.0003784911031741896,-0.003003172438716322,0.02537622905963262,0.3820395738203957,0.0,6,incoming_final_layer_mean_head_attention_mass,6b61df0c13e74a3ce179dcfaa2b1996cbef1ffb809248c0caf1da8a9818440eb,28c2715fbc9b16a75dc7e849a907a807c5097918ff49a92fd0b76583533998a8,87c0cf2e0f6e4cf5cf1ed4a0f6eb27af0115a73f61e811e17185afa0d20e738e
56a7dde81d335df3,late,proof:56a7dde81d335df3:2e440c9699001a494b9c0d0d,22,mandatory_block,TacticalLineWindow,edge,60,897e41795fa2ff26e0355378cf8a5167b375d14ef03f185ae2be39fb7c1c6286,0.024621508896825812,0.025,0.027939438482774585,-0.0003784911031741896,-0.003317929585948773,0.02537622905963262,0.3820395738203957,0.0,6,incoming_final_layer_mean_head_attention_mass,6b61df0c13e74a3ce179dcfaa2b1996cbef1ffb809248c0caf1da8a9818440eb,28c2715fbc9b16a75dc7e849a907a807c5097918ff49a92fd0b76583533998a8,87c0cf2e0f6e4cf5cf1ed4a0f6eb27af0115a73f61e811e17185afa0d20e738e
56a7dde81d335df3,late,proof:56a7dde81d335df3:2e440c9699001a494b9c0d0d,22,mandatory_block,CompletionCell,node,60,897e41795fa2ff26e0355378cf8a5167b375d14ef03f185ae2be39fb7c1c6286,0.028571428388965373,0.02857142857142857,0.028124999973390786,-1.8246319732906358e-10,0.00044642841557458735,0.03225806451612903,0.14285714285714285,0.0,1,incoming_final_layer_mean_head_attention_mass,6b61df0c13e74a3ce179dcfaa2b1996cbef1ffb809248c0caf1da8a9818440eb,28c2715fbc9b16a75dc7e849a907a807c5097918ff49a92fd0b76583533998a8,87c0cf2e0f6e4cf5cf1ed4a0f6eb27af0115a73f61e811e17185afa0d20e738e
56a7dde81d335df3,late,proof:56a7dde81d335df3:2e440c9699001a494b9c0d0d,22,mandatory_block,ForcedResponse,node,60,897e41795fa2ff26e0355378cf8a5167b375d14ef03f185ae2be39fb7c1c6286,0.028571428388965373,0.02857142857142857,0.027901785699911988,-1.8246319732906358e-10,0.0006696426890533853,0.03225806451612903,0.14285714285714285,0.0,1,incoming_final_layer_mean_head_attention_mass,6b61df0c13e74a3ce179dcfaa2b1996cbef1ffb809248c0caf1da8a9818440eb,28c2715fbc9b16a75dc7e849a907a807c5097918ff49a92fd0b76583533998a8,87c0cf2e0f6e4cf5cf1ed4a0f6eb27af0115a73f61e811e17185afa0d20e738e
56a7dde81d335df3,late,proof:56a7dde81d335df3:2e440c9699001a494b9c0d0d,22,mandatory_block,BlockingMove,node,60,897e41795fa2ff26e0355378cf8a5167b375d14ef03f185ae2be39fb7c1c6286,0.028571428388965373,0.02857142857142857,0.027455357139649784,-1.8246319732906358e-10,0.0011160712493155887,0.03225806451612903,0.14285714285714285,0.0,1,incoming_final_layer_mean_head_attention_mass,6b61df0c13e74a3ce179dcfaa2b1996cbef1ffb809248c0caf1da8a9818440eb,28c2715fbc9b16a75dc7e849a907a807c5097918ff49a92fd0b76583533998a8,87c0cf2e0f6e4cf5cf1ed4a0f6eb27af0115a73f61e811e17185afa0d20e738e
56a7dde81d335df3,late,proof:56a7dde81d335df3:2e440c9699001a494b9c0d0d,22,mandatory_block,ProofSupportedGeometry,edge,60,897e41795fa2ff26e0355378cf8a5167b375d14ef03f185ae2be39fb7c1c6286,0.024621508896825812,0.025,0.02643414109098022,-0.0003784911031741896,-0.0018126321941544093,0.02537622905963262,0.3820395738203957,0.0,6,incoming_final_layer_mean_head_attention_mass,6b61df0c13e74a3ce179dcfaa2b1996cbef1ffb809248c0caf1da8a9818440eb,28c2715fbc9b16a75dc7e849a907a807c5097918ff49a92fd0b76583533998a8,87c0cf2e0f6e4cf5cf1ed4a0f6eb27af0115a73f61e811e17185afa0d20e738e
56a7dde81d335df3,late,proof:56a7dde81d335df3:652e0112a8946497d8b8685f,18,simple_fork,WinningThreat,edge,60,897e41795fa2ff26e0355378cf8a5167b375d14ef03f185ae2be39fb7c1c6286,0.05365689244212611,0.05357142857142857,0.054423482118910224,8.546387069754274e-05,-0.0007665896767841129,0.05948892492543494,0.4923896499238965,0.0,12,incoming_final_layer_mean_head_attention_mass,0bdbffe1044c098a334026dbfd58037e7d565d1de77283150a179a2b78434ef0,28c2715fbc9b16a75dc7e849a907a807c5097918ff49a92fd0b76583533998a8,87c0cf2e0f6e4cf5cf1ed4a0f6eb27af0115a73f61e811e17185afa0d20e738e
56a7dde81d335df3,late,proof:56a7dde81d335df3:652e0112a8946497d8b8685f,18,simple_fork,TacticalLineWindow,edge,60,897e41795fa2ff26e0355378cf8a5167b375d14ef03f185ae2be39fb7c1c6286,0.05365689244212611,0.05357142857142857,0.05488418429854676,8.546387069754274e-05,-0.001227291856420648,0.05948892492543494,0.4923896499238965,0.0,12,incoming_final_layer_mean_head_attention_mass,0bdbffe1044c098a334026dbfd58037e7d565d1de77283150a179a2b78434ef0,28c2715fbc9b16a75dc7e849a907a807c5097918ff49a92fd0b76583533998a8,87c0cf2e0f6e4cf5cf1ed4a0f6eb27af0115a73f61e811e17185afa0d20e738e
56a7dde81d335df3,late,proof:56a7dde81d335df3:652e0112a8946497d8b8685f,18,simple_fork,CompletionCell,node,60,897e41795fa2ff26e0355378cf8a5167b375d14ef03f185ae2be39fb7c1c6286,0.08571428553942514,0.08571428571428572,0.08325892853781068,-1.74860570467672e-10,0.002455357001614464,0.10000000000000002,0.45714285714285713,0.0,3,incoming_final_layer_mean_head_attention_mass,0bdbffe1044c098a334026dbfd58037e7d565d1de77283150a179a2b78434ef0,28c2715fbc9b16a75dc7e849a907a807c5097918ff49a92fd0b76583533998a8,87c0cf2e0f6e4cf5cf1ed4a0f6eb27af0115a73f61e811e17185afa0d20e738e
56a7dde81d335df3,late,proof:56a7dde81d335df3:652e0112a8946497d8b8685f,18,simple_fork,ProofSupportedGeometry,edge,60,897e41795fa2ff26e0355378cf8a5167b375d14ef03f185ae2be39fb7c1c6286,0.05365689244212611,0.05357142857142857,0.05441277107446649,8.546387069754274e-05,-0.000755878632340376,0.05948892492543494,0.4923896499238965,0.0,12,incoming_final_layer_mean_head_attention_mass,0bdbffe1044c098a334026dbfd58037e7d565d1de77283150a179a2b78434ef0,28c2715fbc9b16a75dc7e849a907a807c5097918ff49a92fd0b76583533998a8,87c0cf2e0f6e4cf5cf1ed4a0f6eb27af0115a73f61e811e17185afa0d20e738e
48c43bbbdab973de,late,proof:48c43bbbdab973de:14456de8421d112d4c41706a,22,immediate_win|winning_line,WinningThreat,edge,60,897e41795fa2ff26e0355378cf8a5167b375d14ef03f185ae2be39fb7c1c6286,0.024901402170513894,0.025,0.02722874949165136,-9.859782948610715e-05,-0.0023273473211374643,0.025549351609901183,0.40867579908675794,0.0,6,incoming_final_layer_mean_head_attention_mass,97b0186879a4dac0917ed9a5549942e289670541f83cf75616df9f9dbfdfb607,28c2715fbc9b16a75dc7e849a907a807c5097918ff49a92fd0b76583533998a8,87c0cf2e0f6e4cf5cf1ed4a0f6eb27af0115a73f61e811e17185afa0d20e738e
48c43bbbdab973de,late,proof:48c43bbbdab973de:14456de8421d112d4c41706a,22,immediate_win|winning_line,TacticalLineWindow,edge,60,897e41795fa2ff26e0355378cf8a5167b375d14ef03f185ae2be39fb7c1c6286,0.024901402170513894,0.025,0.026101426304133226,-9.859782948610715e-05,-0.0012000241336193318,0.025549351609901183,0.40867579908675794,0.0,6,incoming_final_layer_mean_head_attention_mass,97b0186879a4dac0917ed9a5549942e289670541f83cf75616df9f9dbfdfb607,28c2715fbc9b16a75dc7e849a907a807c5097918ff49a92fd0b76583533998a8,87c0cf2e0f6e4cf5cf1ed4a0f6eb27af0115a73f61e811e17185afa0d20e738e
48c43bbbdab973de,late,proof:48c43bbbdab973de:14456de8421d112d4c41706a,22,immediate_win|winning_line,CompletionCell,node,60,897e41795fa2ff26e0355378cf8a5167b375d14ef03f185ae2be39fb7c1c6286,0.028571428507946584,0.02857142857142857,0.02656250002850096,-6.348198702821328e-11,0.002008928479445622,0.041666666666666664,0.34285714285714286,0.0,1,incoming_final_layer_mean_head_attention_mass,97b0186879a4dac0917ed9a5549942e289670541f83cf75616df9f9dbfdfb607,28c2715fbc9b16a75dc7e849a907a807c5097918ff49a92fd0b76583533998a8,87c0cf2e0f6e4cf5cf1ed4a0f6eb27af0115a73f61e811e17185afa0d20e738e
48c43bbbdab973de,late,proof:48c43bbbdab973de:14456de8421d112d4c41706a,22,immediate_win|winning_line,ProofSupportedGeometry,edge,60,897e41795fa2ff26e0355378cf8a5167b375d14ef03f185ae2be39fb7c1c6286,0.024901402170513894,0.025,0.02833904623610871,-9.859782948610715e-05,-0.0034376440655948144,0.025549351609901183,0.40867579908675794,0.0,6,incoming_final_layer_mean_head_attention_mass,97b0186879a4dac0917ed9a5549942e289670541f83cf75616df9f9dbfdfb607,28c2715fbc9b16a75dc7e849a907a807c5097918ff49a92fd0b76583533998a8,87c0cf2e0f6e4cf5cf1ed4a0f6eb27af0115a73f61e811e17185afa0d20e738e
48c43bbbdab973de,late,proof:48c43bbbdab973de:e319ffaf43be6618da06c722,18,mandatory_block,WinningThreat,edge,60,897e41795fa2ff26e0355378cf8a5167b375d14ef03f185ae2be39fb7c1c6286,0.049838072994764324,0.05,0.05499073660494562,-0.00016192700523567916,-0.005152663610181296,0.04585766085584176,0.40905631659056313,0.0,12,incoming_final_layer_mean_head_attention_mass,72a1e5ec1969583d53bd84196b2724138fcba1ee9728df62cdff628f782822ec,28c2715fbc9b16a75dc7e849a907a807c5097918ff49a92fd0b76583533998a8,87c0cf2e0f6e4cf5cf1ed4a0f6eb27af0115a73f61e811e17185afa0d20e738e
48c43bbbdab973de,late,proof:48c43bbbdab973de:e319ffaf43be6618da06c722,18,mandatory_block,TacticalLineWindow,edge,60,897e41795fa2ff26e0355378cf8a5167b375d14ef03f185ae2be39fb7c1c6286,0.02493667082425043,0.025,0.027691442845848017,-6.3329175749572e-05,-0.0027547720215975874,0.025422933751727685,0.4094368340943683,0.0,6,incoming_final_layer_mean_head_attention_mass,72a1e5ec1969583d53bd84196b2724138fcba1ee9728df62cdff628f782822ec,28c2715fbc9b16a75dc7e849a907a807c5097918ff49a92fd0b76583533998a8,87c0cf2e0f6e4cf5cf1ed4a0f6eb27af0115a73f61e811e17185afa0d20e738e
48c43bbbdab973de,late,proof:48c43bbbdab973de:e319ffaf43be6618da06c722,18,mandatory_block,CompletionCell,node,60,897e41795fa2ff26e0355378cf8a5167b375d14ef03f185ae2be39fb7c1c6286,0.05714285704250238,0.05714285714285714,0.05468750002172393,-1.0035475922487436e-10,0.0024553570207784536,0.06798245614035087,0.41428571428571426,0.0,2,incoming_final_layer_mean_head_attention_mass,72a1e5ec1969583d53bd84196b2724138fcba1ee9728df62cdff628f782822ec,28c2715fbc9b16a75dc7e849a907a807c5097918ff49a92fd0b76583533998a8,87c0cf2e0f6e4cf5cf1ed4a0f6eb27af0115a73f61e811e17185afa0d20e738e
48c43bbbdab973de,late,proof:48c43bbbdab973de:e319ffaf43be6618da06c722,18,mandatory_block,ForcedResponse,node,60,897e41795fa2ff26e0355378cf8a5167b375d14ef03f185ae2be39fb7c1c6286,0.028571428534555802,0.02857142857142857,0.027901785700728675,-3.687276872721412e-11,0.0006696428338271269,0.05263157894736842,0.4857142857142857,0.0,1,incoming_final_layer_mean_head_attention_mass,72a1e5ec1969583d53bd84196b2724138fcba1ee9728df62cdff628f782822ec,28c2715fbc9b16a75dc7e849a907a807c5097918ff49a92fd0b76583533998a8,87c0cf2e0f6e4cf5cf1ed4a0f6eb27af0115a73f61e811e17185afa0d20e738e
48c43bbbdab973de,late,proof:48c43bbbdab973de:e319ffaf43be6618da06c722,18,mandatory_block,BlockingMove,node,60,897e41795fa2ff26e0355378cf8a5167b375d14ef03f185ae2be39fb7c1c6286,0.028571428534555802,0.02857142857142857,0.027678571424449377,-3.687276872721412e-11,0.0008928571101064244,0.05263157894736842,0.4857142857142857,0.0,1,incoming_final_layer_mean_head_attention_mass,72a1e5ec1969583d53bd84196b2724138fcba1ee9728df62cdff628f782822ec,28c2715fbc9b16a75dc7e849a907a807c5097918ff49a92fd0b76583533998a8,87c0cf2e0f6e4cf5cf1ed4a0f6eb27af0115a73f61e811e17185afa0d20e738e
48c43bbbdab973de,late,proof:48c43bbbdab973de:e319ffaf43be6618da06c722,18,mandatory_block,ProofSupportedGeometry,edge,60,897e41795fa2ff26e0355378cf8a5167b375d14ef03f185ae2be39fb7c1c6286,0.02493667082425043,0.025,0.02810484313675147,-6.3329175749572e-05,-0.0031681723125010393,0.025422933751727685,0.4094368340943683,0.0,6,incoming_final_layer_mean_head_attention_mass,72a1e5ec1969583d53bd84196b2724138fcba1ee9728df62cdff628f782822ec,28c2715fbc9b16a75dc7e849a907a807c5097918ff49a92fd0b76583533998a8,87c0cf2e0f6e4cf5cf1ed4a0f6eb27af0115a73f61e811e17185afa0d20e738e
23cf443537af1aae,late,proof:23cf443537af1aae:ae66a1206f2a0bbb44b10da0,18,immediate_win|winning_line,WinningThreat,edge,60,897e41795fa2ff26e0355378cf8a5167b375d14ef03f185ae2be39fb7c1c6286,0.02478346553495776,0.025,0.02699912242113736,-0.0002165344650422417,-0.002215656886179602,0.024542560711167897,0.39345509893455094,0.0,6,incoming_final_layer_mean_head_attention_mass,ff6eb32c21540186da96e7a591361cb66fb5b39bfc5c1ef23ebabdb4a55425a3,28c2715fbc9b16a75dc7e849a907a807c5097918ff49a92fd0b76583533998a8,87c0cf2e0f6e4cf5cf1ed4a0f6eb27af0115a73f61e811e17185afa0d20e738e
23cf443537af1aae,late,proof:23cf443537af1aae:ae66a1206f2a0bbb44b10da0,18,immediate_win|winning_line,TacticalLineWindow,edge,60,897e41795fa2ff26e0355378cf8a5167b375d14ef03f185ae2be39fb7c1c6286,0.02478346553495776,0.025,0.027540855882627183,-0.0002165344650422417,-0.002757390347669423,0.024542560711167897,0.39345509893455094,0.0,6,incoming_final_layer_mean_head_attention_mass,ff6eb32c21540186da96e7a591361cb66fb5b39bfc5c1ef23ebabdb4a55425a3,28c2715fbc9b16a75dc7e849a907a807c5097918ff49a92fd0b76583533998a8,87c0cf2e0f6e4cf5cf1ed4a0f6eb27af0115a73f61e811e17185afa0d20e738e
23cf443537af1aae,late,proof:23cf443537af1aae:ae66a1206f2a0bbb44b10da0,18,immediate_win|winning_line,CompletionCell,node,60,897e41795fa2ff26e0355378cf8a5167b375d14ef03f185ae2be39fb7c1c6286,0.028571428308377462,0.02857142857142857,0.027008928609227913,-2.630511086731957e-10,0.0015624996991495492,0.03225806451612903,0.14285714285714285,0.0,1,incoming_final_layer_mean_head_attention_mass,ff6eb32c21540186da96e7a591361cb66fb5b39bfc5c1ef23ebabdb4a55425a3,28c2715fbc9b16a75dc7e849a907a807c5097918ff49a92fd0b76583533998a8,87c0cf2e0f6e4cf5cf1ed4a0f6eb27af0115a73f61e811e17185afa0d20e738e
23cf443537af1aae,late,proof:23cf443537af1aae:ae66a1206f2a0bbb44b10da0,18,immediate_win|winning_line,ProofSupportedGeometry,edge,60,897e41795fa2ff26e0355378cf8a5167b375d14ef03f185ae2be39fb7c1c6286,0.02478346553495776,0.025,0.026709273021317943,-0.0002165344650422417,-0.001925807486360183,0.024542560711167897,0.39345509893455094,0.0,6,incoming_final_layer_mean_head_attention_mass,ff6eb32c21540186da96e7a591361cb66fb5b39bfc5c1ef23ebabdb4a55425a3,28c2715fbc9b16a75dc7e849a907a807c5097918ff49a92fd0b76583533998a8,87c0cf2e0f6e4cf5cf1ed4a0f6eb27af0115a73f61e811e17185afa0d20e738e
0aaa7c8b0c525308,late,proof:0aaa7c8b0c525308:0262ef99f03f774954bbd031,34,simple_fork,WinningThreat,edge,60,897e41795fa2ff26e0355378cf8a5167b375d14ef03f185ae2be39fb7c1c6286,0.04910057699414519,0.05,0.054902637099086944,-0.000899423005854813,-0.0058020601049417544,0.04787215347546218,0.40144596651445963,0.0,12,incoming_final_layer_mean_head_attention_mass,a527ae42dbf7e24d6f6a8042931f4dbd230a575ac7e9e60bb1410b33babaa1cb,28c2715fbc9b16a75dc7e849a907a807c5097918ff49a92fd0b76583533998a8,87c0cf2e0f6e4cf5cf1ed4a0f6eb27af0115a73f61e811e17185afa0d20e738e
0aaa7c8b0c525308,late,proof:0aaa7c8b0c525308:0262ef99f03f774954bbd031,34,simple_fork,TacticalLineWindow,edge,60,897e41795fa2ff26e0355378cf8a5167b375d14ef03f185ae2be39fb7c1c6286,0.04910057699414519,0.05,0.05422532005808259,-0.000899423005854813,-0.005124743063937398,0.04787215347546218,0.40144596651445963,0.0,12,incoming_final_layer_mean_head_attention_mass,a527ae42dbf7e24d6f6a8042931f4dbd230a575ac7e9e60bb1410b33babaa1cb,28c2715fbc9b16a75dc7e849a907a807c5097918ff49a92fd0b76583533998a8,87c0cf2e0f6e4cf5cf1ed4a0f6eb27af0115a73f61e811e17185afa0d20e738e
0aaa7c8b0c525308,late,proof:0aaa7c8b0c525308:0262ef99f03f774954bbd031,34,simple_fork,CompletionCell,node,60,897e41795fa2ff26e0355378cf8a5167b375d14ef03f185ae2be39fb7c1c6286,0.05714285745228432,0.05714285714285714,0.05468749999106097,3.0942717832438404e-10,0.0024553574612233495,0.26666666666666666,0.8428571428571429,0.0,2,incoming_final_layer_mean_head_attention_mass,a527ae42dbf7e24d6f6a8042931f4dbd230a575ac7e9e60bb1410b33babaa1cb,28c2715fbc9b16a75dc7e849a907a807c5097918ff49a92fd0b76583533998a8,87c0cf2e0f6e4cf5cf1ed4a0f6eb27af0115a73f61e811e17185afa0d20e738e
0aaa7c8b0c525308,late,proof:0aaa7c8b0c525308:0262ef99f03f774954bbd031,34,simple_fork,ProofSupportedGeometry,edge,60,897e41795fa2ff26e0355378cf8a5167b375d14ef03f185ae2be39fb7c1c6286,0.04910057699414519,0.05,0.0545492724234449,-0.000899423005854813,-0.00544869542929971,0.04787215347546218,0.40144596651445963,0.0,12,incoming_final_layer_mean_head_attention_mass,a527ae42dbf7e24d6f6a8042931f4dbd230a575ac7e9e60bb1410b33babaa1cb,28c2715fbc9b16a75dc7e849a907a807c5097918ff49a92fd0b76583533998a8,87c0cf2e0f6e4cf5cf1ed4a0f6eb27af0115a73f61e811e17185afa0d20e738e
0aaa7c8b0c525308,late,proof:0aaa7c8b0c525308:0ea340a51fc01f4b8e85df7b,20,immediate_win|winning_line,WinningThreat,edge,60,897e41795fa2ff26e0355378cf8a5167b375d14ef03f185ae2be39fb7c1c6286,0.024187404243702904,0.025,0.02710591697046041,-0.0008125957562970972,-0.0029185127267575064,0.030427238135927907,0.4010654490106545,0.0,6,incoming_final_layer_mean_head_attention_mass,98e5090a5977ed1f35ec2a41ee6c72192294a411334cd9f239f49bc3c0f1a45d,28c2715fbc9b16a75dc7e849a907a807c5097918ff49a92fd0b76583533998a8,87c0cf2e0f6e4cf5cf1ed4a0f6eb27af0115a73f61e811e17185afa0d20e738e
0aaa7c8b0c525308,late,proof:0aaa7c8b0c525308:0ea340a51fc01f4b8e85df7b,20,immediate_win|winning_line,TacticalLineWindow,edge,60,897e41795fa2ff26e0355378cf8a5167b375d14ef03f185ae2be39fb7c1c6286,0.024187404243702904,0.025,0.027944489170860745,-0.0008125957562970972,-0.003757084927157841,0.030427238135927907,0.4010654490106545,0.0,6,incoming_final_layer_mean_head_attention_mass,98e5090a5977ed1f35ec2a41ee6c72192294a411334cd9f239f49bc3c0f1a45d,28c2715fbc9b16a75dc7e849a907a807c5097918ff49a92fd0b76583533998a8,87c0cf2e0f6e4cf5cf1ed4a0f6eb27af0115a73f61e811e17185afa0d20e738e
0aaa7c8b0c525308,late,proof:0aaa7c8b0c525308:0ea340a51fc01f4b8e85df7b,20,immediate_win|winning_line,CompletionCell,node,60,897e41795fa2ff26e0355378cf8a5167b375d14ef03f185ae2be39fb7c1c6286,0.0285714286330099,0.02857142857142857,0.02790178569085416,6.158133031286539e-11,0.0006696429421557404,0.1,0.7428571428571429,0.0,1,incoming_final_layer_mean_head_attention_mass,98e5090a5977ed1f35ec2a41ee6c72192294a411334cd9f239f49bc3c0f1a45d,28c2715fbc9b16a75dc7e849a907a807c5097918ff49a92fd0b76583533998a8,87c0cf2e0f6e4cf5cf1ed4a0f6eb27af0115a73f61e811e17185afa0d20e738e
0aaa7c8b0c525308,late,proof:0aaa7c8b0c525308:0ea340a51fc01f4b8e85df7b,20,immediate_win|winning_line,ProofSupportedGeometry,edge,60,897e41795fa2ff26e0355378cf8a5167b375d14ef03f185ae2be39fb7c1c6286,0.024187404243702904,0.025,0.027161668683037116,-0.0008125957562970972,-0.002974264439334212,0.030427238135927907,0.4010654490106545,0.0,6,incoming_final_layer_mean_head_attention_mass,98e5090a5977ed1f35ec2a41ee6c72192294a411334cd9f239f49bc3c0f1a45d,28c2715fbc9b16a75dc7e849a907a807c5097918ff49a92fd0b76583533998a8,87c0cf2e0f6e4cf5cf1ed4a0f6eb27af0115a73f61e811e17185afa0d20e738e
0aaa7c8b0c525308,late,proof:0aaa7c8b0c525308:0fce4db0ab419547fe5da31c,18,simple_fork,WinningThreat,edge,60,897e41795fa2ff26e0355378cf8a5167b375d14ef03f185ae2be39fb7c1c6286,0.04910057699414519,0.05,0.05254114143026068,-0.000899423005854813,-0.003440564436115491,0.04787215347546218,0.40144596651445963,0.0,12,incoming_final_layer_mean_head_attention_mass,9d311572e63b0d8be6a37c57582a53f95d9e3a1bc388f4cedb6d833752cea06e,28c2715fbc9b16a75dc7e849a907a807c5097918ff49a92fd0b76583533998a8,87c0cf2e0f6e4cf5cf1ed4a0f6eb27af0115a73f61e811e17185afa0d20e738e
0aaa7c8b0c525308,late,proof:0aaa7c8b0c525308:0fce4db0ab419547fe5da31c,18,simple_fork,TacticalLineWindow,edge,60,897e41795fa2ff26e0355378cf8a5167b375d14ef03f185ae2be39fb7c1c6286,0.04910057699414519,0.05,0.054821537165883574,-0.000899423005854813,-0.0057209601717383846,0.04787215347546218,0.40144596651445963,0.0,12,incoming_final_layer_mean_head_attention_mass,9d311572e63b0d8be6a37c57582a53f95d9e3a1bc388f4cedb6d833752cea06e,28c2715fbc9b16a75dc7e849a907a807c5097918ff49a92fd0b76583533998a8,87c0cf2e0f6e4cf5cf1ed4a0f6eb27af0115a73f61e811e17185afa0d20e738e
0aaa7c8b0c525308,late,proof:0aaa7c8b0c525308:0fce4db0ab419547fe5da31c,18,simple_fork,CompletionCell,node,60,897e41795fa2ff26e0355378cf8a5167b375d14ef03f185ae2be39fb7c1c6286,0.05714285745228432,0.05714285714285714,0.055803571472345964,3.0942717832438404e-10,0.0013392859799383552,0.26666666666666666,0.8428571428571429,0.0,2,incoming_final_layer_mean_head_attention_mass,9d311572e63b0d8be6a37c57582a53f95d9e3a1bc388f4cedb6d833752cea06e,28c2715fbc9b16a75dc7e849a907a807c5097918ff49a92fd0b76583533998a8,87c0cf2e0f6e4cf5cf1ed4a0f6eb27af0115a73f61e811e17185afa0d20e738e
0aaa7c8b0c525308,late,proof:0aaa7c8b0c525308:0fce4db0ab419547fe5da31c,18,simple_fork,ProofSupportedGeometry,edge,60,897e41795fa2ff26e0355378cf8a5167b375d14ef03f185ae2be39fb7c1c6286,0.04910057699414519,0.05,0.053606514915316275,-0.000899423005854813,-0.004505937921171085,0.04787215347546218,0.40144596651445963,0.0,12,incoming_final_layer_mean_head_attention_mass,9d311572e63b0d8be6a37c57582a53f95d9e3a1bc388f4cedb6d833752cea06e,28c2715fbc9b16a75dc7e849a907a807c5097918ff49a92fd0b76583533998a8,87c0cf2e0f6e4cf5cf1ed4a0f6eb27af0115a73f61e811e17185afa0d20e738e
0aaa7c8b0c525308,late,proof:0aaa7c8b0c525308:148d965a53098b33691bac68,7,simple_fork,WinningThreat,edge,60,897e41795fa2ff26e0355378cf8a5167b375d14ef03f185ae2be39fb7c1c6286,0.04910057699414519,0.05,0.05417310243860696,-0.000899423005854813,-0.005072525444461767,0.04787215347546218,0.40144596651445963,0.0,12,incoming_final_layer_mean_head_attention_mass,0c58e1e9e9f842753b25381a3f0a8a4c41f8f33b071c2e775bfd1e415a57f2e0,28c2715fbc9b16a75dc7e849a907a807c5097918ff49a92fd0b76583533998a8,87c0cf2e0f6e4cf5cf1ed4a0f6eb27af0115a73f61e811e17185afa0d20e738e
0aaa7c8b0c525308,late,proof:0aaa7c8b0c525308:148d965a53098b33691bac68,7,simple_fork,TacticalLineWindow,edge,60,897e41795fa2ff26e0355378cf8a5167b375d14ef03f185ae2be39fb7c1c6286,0.04910057699414519,0.05,0.0544387751709291,-0.000899423005854813,-0.005338198176783909,0.04787215347546218,0.40144596651445963,0.0,12,incoming_final_layer_mean_head_attention_mass,0c58e1e9e9f842753b25381a3f0a8a4c41f8f33b071c2e775bfd1e415a57f2e0,28c2715fbc9b16a75dc7e849a907a807c5097918ff49a92fd0b76583533998a8,87c0cf2e0f6e4cf5cf1ed4a0f6eb27af0115a73f61e811e17185afa0d20e738e
0aaa7c8b0c525308,late,proof:0aaa7c8b0c525308:148d965a53098b33691bac68,7,simple_fork,CompletionCell,node,60,897e41795fa2ff26e0355378cf8a5167b375d14ef03f185ae2be39fb7c1c6286,0.05714285745228432,0.05714285714285714,0.05535714288997673,3.0942717832438404e-10,0.0017857145623075901,0.26666666666666666,0.8428571428571429,0.0,2,incoming_final_layer_mean_head_attention_mass,0c58e1e9e9f842753b25381a3f0a8a4c41f8f33b071c2e775bfd1e415a57f2e0,28c2715fbc9b16a75dc7e849a907a807c5097918ff49a92fd0b76583533998a8,87c0cf2e0f6e4cf5cf1ed4a0f6eb27af0115a73f61e811e17185afa0d20e738e
0aaa7c8b0c525308,late,proof:0aaa7c8b0c525308:148d965a53098b33691bac68,7,simple_fork,ProofSupportedGeometry,edge,60,897e41795fa2ff26e0355378cf8a5167b375d14ef03f185ae2be39fb7c1c6286,0.04910057699414519,0.05,0.056609276069233785,-0.000899423005854813,-0.007508699075088596,0.04787215347546218,0.40144596651445963,0.0,12,incoming_final_layer_mean_head_attention_mass,0c58e1e9e9f842753b25381a3f0a8a4c41f8f33b071c2e775bfd1e415a57f2e0,28c2715fbc9b16a75dc7e849a907a807c5097918ff49a92fd0b76583533998a8,87c0cf2e0f6e4cf5cf1ed4a0f6eb27af0115a73f61e811e17185afa0d20e738e
0aaa7c8b0c525308,late,proof:0aaa7c8b0c525308:20a5a6149819c14950a4baaf,19,simple_fork,WinningThreat,edge,60,897e41795fa2ff26e0355378cf8a5167b375d14ef03f185ae2be39fb7c1c6286,0.04910057699414519,0.05,0.05425238991580042,-0.000899423005854813,-0.00515181292165523,0.04787215347546218,0.40144596651445963,0.0,12,incoming_final_layer_mean_head_attention_mass,fdd87ca2ff77944248df3003433f3707f919bb2b75ce5e2ec1fe5cb860cc861c,28c2715fbc9b16a75dc7e849a907a807c5097918ff49a92fd0b76583533998a8,87c0cf2e0f6e4cf5cf1ed4a0f6eb27af0115a73f61e811e17185afa0d20e738e
0aaa7c8b0c525308,late,proof:0aaa7c8b0c525308:20a5a6149819c14950a4baaf,19,simple_fork,TacticalLineWindow,edge,60,897e41795fa2ff26e0355378cf8a5167b375d14ef03f185ae2be39fb7c1c6286,0.04910057699414519,0.05,0.055682061006913836,-0.000899423005854813,-0.006581484012768646,0.04787215347546218,0.40144596651445963,0.0,12,incoming_final_layer_mean_head_attention_mass,fdd87ca2ff77944248df3003433f3707f919bb2b75ce5e2ec1fe5cb860cc861c,28c2715fbc9b16a75dc7e849a907a807c5097918ff49a92fd0b76583533998a8,87c0cf2e0f6e4cf5cf1ed4a0f6eb27af0115a73f61e811e17185afa0d20e738e
0aaa7c8b0c525308,late,proof:0aaa7c8b0c525308:20a5a6149819c14950a4baaf,19,simple_fork,CompletionCell,node,60,897e41795fa2ff26e0355378cf8a5167b375d14ef03f185ae2be39fb7c1c6286,0.05714285745228432,0.05714285714285714,0.05535714293571131,3.0942717832438404e-10,0.0017857145165730073,0.26666666666666666,0.8428571428571429,0.0,2,incoming_final_layer_mean_head_attention_mass,fdd87ca2ff77944248df3003433f3707f919bb2b75ce5e2ec1fe5cb860cc861c,28c2715fbc9b16a75dc7e849a907a807c5097918ff49a92fd0b76583533998a8,87c0cf2e0f6e4cf5cf1ed4a0f6eb27af0115a73f61e811e17185afa0d20e738e
0aaa7c8b0c525308,late,proof:0aaa7c8b0c525308:20a5a6149819c14950a4baaf,19,simple_fork,ProofSupportedGeometry,edge,60,897e41795fa2ff26e0355378cf8a5167b375d14ef03f185ae2be39fb7c1c6286,0.04910057699414519,0.05,0.05568234121776201,-0.000899423005854813,-0.006581764223616823,0.04787215347546218,0.40144596651445963,0.0,12,incoming_final_layer_mean_head_attention_mass,fdd87ca2ff77944248df3003433f3707f919bb2b75ce5e2ec1fe5cb860cc861c,28c2715fbc9b16a75dc7e849a907a807c5097918ff49a92fd0b76583533998a8,87c0cf2e0f6e4cf5cf1ed4a0f6eb27af0115a73f61e811e17185afa0d20e738e
0aaa7c8b0c525308,late,proof:0aaa7c8b0c525308:26a5c8fd3e461ce948cdf98c,32,simple_fork,WinningThreat,edge,60,897e41795fa2ff26e0355378cf8a5167b375d14ef03f185ae2be39fb7c1c6286,0.04910057699414519,0.05,0.055418450407373934,-0.000899423005854813,-0.0063178734132287445,0.04787215347546218,0.40144596651445963,0.0,12,incoming_final_layer_mean_head_attention_mass,8e418a16bb083250945a5cacf19fcd6bf6c9f131e383983e110bb7f7407dac08,28c2715fbc9b16a75dc7e849a907a807c5097918ff49a92fd0b76583533998a8,87c0cf2e0f6e4cf5cf1ed4a0f6eb27af0115a73f61e811e17185afa0d20e738e
0aaa7c8b0c525308,late,proof:0aaa7c8b0c525308:26a5c8fd3e461ce948cdf98c,32,simple_fork,TacticalLineWindow,edge,60,897e41795fa2ff26e0355378cf8a5167b375d14ef03f185ae2be39fb7c1c6286,0.04910057699414519,0.05,0.05570088009999159,-0.000899423005854813,-0.006600303105846403,0.04787215347546218,0.40144596651445963,0.0,12,incoming_final_layer_mean_head_attention_mass,8e418a16bb083250945a5cacf19fcd6bf6c9f131e383983e110bb7f7407dac08,28c2715fbc9b16a75dc7e849a907a807c5097918ff49a92fd0b76583533998a8,87c0cf2e0f6e4cf5cf1ed4a0f6eb27af0115a73f61e811e17185afa0d20e738e
0aaa7c8b0c525308,late,proof:0aaa7c8b0c525308:26a5c8fd3e461ce948cdf98c,32,simple_fork,CompletionCell,node,60,897e41795fa2ff26e0355378cf8a5167b375d14ef03f185ae2be39fb7c1c6286,0.05714285745228432,0.05714285714285714,0.056919642803954125,3.0942717832438404e-10,0.00022321464833019444,0.26666666666666666,0.8428571428571429,0.0,2,incoming_final_layer_mean_head_attention_mass,8e418a16bb083250945a5cacf19fcd6bf6c9f131e383983e110bb7f7407dac08,28c2715fbc9b16a75dc7e849a907a807c5097918ff49a92fd0b76583533998a8,87c0cf2e0f6e4cf5cf1ed4a0f6eb27af0115a73f61e811e17185afa0d20e738e
0aaa7c8b0c525308,late,proof:0aaa7c8b0c525308:26a5c8fd3e461ce948cdf98c,32,simple_fork,ProofSupportedGeometry,edge,60,897e41795fa2ff26e0355378cf8a5167b375d14ef03f185ae2be39fb7c1c6286,0.04910057699414519,0.05,0.05468840353694006,-0.000899423005854813,-0.005587826542794869,0.04787215347546218,0.40144596651445963,0.0,12,incoming_final_layer_mean_head_attention_mass,8e418a16bb083250945a5cacf19fcd6bf6c9f131e383983e110bb7f7407dac08,28c2715fbc9b16a75dc7e849a907a807c5097918ff49a92fd0b76583533998a8,87c0cf2e0f6e4cf5cf1ed4a0f6eb27af0115a73f61e811e17185afa0d20e738e
0aaa7c8b0c525308,late,proof:0aaa7c8b0c525308:276609e0d405152ebf141687,26,simple_fork,WinningThreat,edge,60,897e41795fa2ff26e0355378cf8a5167b375d14ef03f185ae2be39fb7c1c6286,0.04910057699414519,0.05,0.05556547186533575,-0.000899423005854813,-0.006464894871190563,0.04787215347546218,0.40144596651445963,0.0,12,incoming_final_layer_mean_head_attention_mass,1bc449c429481abda5a7347cf9896bccbe56149e4055727bbdee607e048add17,28c2715fbc9b16a75dc7e849a907a807c5097918ff49a92fd0b76583533998a8,87c0cf2e0f6e4cf5cf1ed4a0f6eb27af0115a73f61e811e17185afa0d20e738e
0aaa7c8b0c525308,late,proof:0aaa7c8b0c525308:276609e0d405152ebf141687,26,simple_fork,TacticalLineWindow,edge,60,897e41795fa2ff26e0355378cf8a5167b375d14ef03f185ae2be39fb7c1c6286,0.04910057699414519,0.05,0.055843219625578006,-0.000899423005854813,-0.006742642631432816,0.04787215347546218,0.40144596651445963,0.0,12,incoming_final_layer_mean_head_attention_mass,1bc449c429481abda5a7347cf9896bccbe56149e4055727bbdee607e048add17,28c2715fbc9b16a75dc7e849a907a807c5097918ff49a92fd0b76583533998a8,87c0cf2e0f6e4cf5cf1ed4a0f6eb27af0115a73f61e811e17185afa0d20e738e
0aaa7c8b0c525308,late,proof:0aaa7c8b0c525308:276609e0d405152ebf141687,26,simple_fork,CompletionCell,node,60,897e41795fa2ff26e0355378cf8a5167b375d14ef03f185ae2be39fb7c1c6286,0.05714285745228432,0.05714285714285714,0.05580357145322059,3.0942717832438404e-10,0.0013392859990637301,0.26666666666666666,0.8428571428571429,0.0,2,incoming_final_layer_mean_head_attention_mass,1bc449c429481abda5a7347cf9896bccbe56149e4055727bbdee607e048add17,28c2715fbc9b16a75dc7e849a907a807c5097918ff49a92fd0b76583533998a8,87c0cf2e0f6e4cf5cf1ed4a0f6eb27af0115a73f61e811e17185afa0d20e738e
0aaa7c8b0c525308,late,proof:0aaa7c8b0c525308:276609e0d405152ebf141687,26,simple_fork,ProofSupportedGeometry,edge,60,897e41795fa2ff26e0355378cf8a5167b375d14ef03f185ae2be39fb7c1c6286,0.04910057699414519,0.05,0.05432786353142284,-0.000899423005854813,-0.005227286537277651,0.04787215347546218,0.40144596651445963,0.0,12,incoming_final_layer_mean_head_attention_mass,1bc449c429481abda5a7347cf9896bccbe56149e4055727bbdee607e048add17,28c2715fbc9b16a75dc7e849a907a807c5097918ff49a92fd0b76583533998a8,87c0cf2e0f6e4cf5cf1ed4a0f6eb27af0115a73f61e811e17185afa0d20e738e
0aaa7c8b0c525308,late,proof:0aaa7c8b0c525308:42dfb5f53670ebbc41bae98a,21,immediate_win|winning_line,WinningThreat,edge,60,897e41795fa2ff26e0355378cf8a5167b375d14ef03f185ae2be39fb7c1c6286,0.024913172750442285,0.025,0.026673423509170905,-8.68272495577159e-05,-0.0017602507587286195,0.02512047929318857,0.40182648401826476,0.0,6,incoming_final_layer_mean_head_attention_mass,c440cdc7e7058cb3ec5b866d7ac54b3a2ca338c2224b28e044daee47055b31b2,28c2715fbc9b16a75dc7e849a907a807c5097918ff49a92fd0b76583533998a8,87c0cf2e0f6e4cf5cf1ed4a0f6eb27af0115a73f61e811e17185afa0d20e738e
0aaa7c8b0c525308,late,proof:0aaa7c8b0c525308:42dfb5f53670ebbc41bae98a,21,immediate_win|winning_line,TacticalLineWindow,edge,60,897e41795fa2ff26e0355378cf8a5167b375d14ef03f185ae2be39fb7c1c6286,0.024913172750442285,0.025,0.02681660228694876,-8.68272495577159e-05,-0.0019034295365064728,0.02512047929318857,0.40182648401826476,0.0,6,incoming_final_layer_mean_head_attention_mass,c440cdc7e7058cb3ec5b866d7ac54b3a2ca338c2224b28e044daee47055b31b2,28c2715fbc9b16a75dc7e849a907a807c5097918ff49a92fd0b76583533998a8,87c0cf2e0f6e4cf5cf1ed4a0f6eb27af0115a73f61e811e17185afa0d20e738e
0aaa7c8b0c525308,late,proof:0aaa7c8b0c525308:42dfb5f53670ebbc41bae98a,21,immediate_win|winning_line,CompletionCell,node,60,897e41795fa2ff26e0355378cf8a5167b375d14ef03f185ae2be39fb7c1c6286,0.028571428819274415,0.02857142857142857,0.028125000063113734,2.478458445420717e-10,0.0004464287561606814,0.3333333333333333,0.9428571428571428,0.0,1,incoming_final_layer_mean_head_attention_mass,c440cdc7e7058cb3ec5b866d7ac54b3a2ca338c2224b28e044daee47055b31b2,28c2715fbc9b16a75dc7e849a907a807c5097918ff49a92fd0b76583533998a8,87c0cf2e0f6e4cf5cf1ed4a0f6eb27af0115a73f61e811e17185afa0d20e738e
0aaa7c8b0c525308,late,proof:0aaa7c8b0c525308:42dfb5f53670ebbc41bae98a,21,immediate_win|winning_line,ProofSupportedGeometry,edge,60,897e41795fa2ff26e0355378cf8a5167b375d14ef03f185ae2be39fb7c1c6286,0.024913172750442285,0.025,0.027116351270769584,-8.68272495577159e-05,-0.0022031785203272987,0.02512047929318857,0.40182648401826476,0.0,6,incoming_final_layer_mean_head_attention_mass,c440cdc7e7058cb3ec5b866d7ac54b3a2ca338c2224b28e044daee47055b31b2,28c2715fbc9b16a75dc7e849a907a807c5097918ff49a92fd0b76583533998a8,87c0cf2e0f6e4cf5cf1ed4a0f6eb27af0115a73f61e811e17185afa0d20e738e
0aaa7c8b0c525308,late,proof:0aaa7c8b0c525308:49e013840a768901ae56c881,14,simple_fork,WinningThreat,edge,60,897e41795fa2ff26e0355378cf8a5167b375d14ef03f185ae2be39fb7c1c6286,0.04910057699414519,0.05,0.054235616997458894,-0.000899423005854813,-0.005135040003313704,0.04787215347546218,0.40144596651445963,0.0,12,incoming_final_layer_mean_head_attention_mass,21fd0b8fe703c4ac9f3738a5d401690cb0e39849de17a544a025d6c88186009f,28c2715fbc9b16a75dc7e849a907a807c5097918ff49a92fd0b76583533998a8,87c0cf2e0f6e4cf5cf1ed4a0f6eb27af0115a73f61e811e17185afa0d20e738e
0aaa7c8b0c525308,late,proof:0aaa7c8b0c525308:49e013840a768901ae56c881,14,simple_fork,TacticalLineWindow,edge,60,897e41795fa2ff26e0355378cf8a5167b375d14ef03f185ae2be39fb7c1c6286,0.04910057699414519,0.05,0.05535527416295792,-0.000899423005854813,-0.006254697168812731,0.04787215347546218,0.40144596651445963,0.0,12,incoming_final_layer_mean_head_attention_mass,21fd0b8fe703c4ac9f3738a5d401690cb0e39849de17a544a025d6c88186009f,28c2715fbc9b16a75dc7e849a907a807c5097918ff49a92fd0b76583533998a8,87c0cf2e0f6e4cf5cf1ed4a0f6eb27af0115a73f61e811e17185afa0d20e738e
0aaa7c8b0c525308,late,proof:0aaa7c8b0c525308:49e013840a768901ae56c881,14,simple_fork,CompletionCell,node,60,897e41795fa2ff26e0355378cf8a5167b375d14ef03f185ae2be39fb7c1c6286,0.05714285745228432,0.05714285714285714,0.055803571428274454,3.0942717832438404e-10,0.0013392860240098656,0.26666666666666666,0.8428571428571429,0.0,2,incoming_final_layer_mean_head_attention_mass,21fd0b8fe703c4ac9f3738a5d401690cb0e39849de17a544a025d6c88186009f,28c2715fbc9b16a75dc7e849a907a807c5097918ff49a92fd0b76583533998a8,87c0cf2e0f6e4cf5cf1ed4a0f6eb27af0115a73f61e811e17185afa0d20e738e
0aaa7c8b0c525308,late,proof:0aaa7c8b0c525308:49e013840a768901ae56c881,14,simple_fork,ProofSupportedGeometry,edge,60,897e41795fa2ff26e0355378cf8a5167b375d14ef03f185ae2be39fb7c1c6286,0.04910057699414519,0.05,0.055046744685700276,-0.000899423005854813,-0.005946167691555086,0.04787215347546218,0.40144596651445963,0.0,12,incoming_final_layer_mean_head_attention_mass,21fd0b8fe703c4ac9f3738a5d401690cb0e39849de17a544a025d6c88186009f,28c2715fbc9b16a75dc7e849a907a807c5097918ff49a92fd0b76583533998a8,87c0cf2e0f6e4cf5cf1ed4a0f6eb27af0115a73f61e811e17185afa0d20e738e
0aaa7c8b0c525308,late,proof:0aaa7c8b0c525308:59876e5489df618306458bcc,30,simple_fork,WinningThreat,edge,60,897e41795fa2ff26e0355378cf8a5167b375d14ef03f185ae2be39fb7c1c6286,0.04910057699414519,0.05,0.05495702167086908,-0.000899423005854813,-0.005856444676723888,0.04787215347546218,0.40144596651445963,0.0,12,incoming_final_layer_mean_head_attention_mass,0da725174d15fca036a56728e1279091693e71bd65b1b3f524105a0cee490df5,28c2715fbc9b16a75dc7e849a907a807c5097918ff49a92fd0b76583533998a8,87c0cf2e0f6e4cf5cf1ed4a0f6eb27af0115a73f61e811e17185afa0d20e738e
0aaa7c8b0c525308,late,proof:0aaa7c8b0c525308:59876e5489df618306458bcc,30,simple_fork,TacticalLineWindow,edge,60,897e41795fa2ff26e0355378cf8a5167b375d14ef03f185ae2be39fb7c1c6286,0.04910057699414519,0.05,0.054298681707681165,-0.000899423005854813,-0.005198104713535975,0.04787215347546218,0.40144596651445963,0.0,12,incoming_final_layer_mean_head_attention_mass,0da725174d15fca036a56728e1279091693e71bd65b1b3f524105a0cee490df5,28c2715fbc9b16a75dc7e849a907a807c5097918ff49a92fd0b76583533998a8,87c0cf2e0f6e4cf5cf1ed4a0f6eb27af0115a73f61e811e17185afa0d20e738e
0aaa7c8b0c525308,late,proof:0aaa7c8b0c525308:59876e5489df618306458bcc,30,simple_fork,CompletionCell,node,60,897e41795fa2ff26e0355378cf8a5167b375d14ef03f185ae2be39fb7c1c6286,0.05714285745228432,0.05714285714285714,0.056696428545615254,3.0942717832438404e-10,0.00044642890666906493,0.26666666666666666,0.8428571428571429,0.0,2,incoming_final_layer_mean_head_attention_mass,0da725174d15fca036a56728e1279091693e71bd65b1b3f524105a0cee490df5,28c2715fbc9b16a75dc7e849a907a807c5097918ff49a92fd0b76583533998a8,87c0cf2e0f6e4cf5cf1ed4a0f6eb27af0115a73f61e811e17185afa0d20e738e
0aaa7c8b0c525308,late,proof:0aaa7c8b0c525308:59876e5489df618306458bcc,30,simple_fork,ProofSupportedGeometry,edge,60,897e41795fa2ff26e0355378cf8a5167b375d14ef03f185ae2be39fb7c1c6286,0.04910057699414519,0.05,0.054479213044959285,-0.000899423005854813,-0.005378636050814095,0.04787215347546218,0.40144596651445963,0.0,12,incoming_final_layer_mean_head_attention_mass,0da725174d15fca036a56728e1279091693e71bd65b1b3f524105a0cee490df5,28c2715fbc9b16a75dc7e849a907a807c5097918ff49a92fd0b76583533998a8,87c0cf2e0f6e4cf5cf1ed4a0f6eb27af0115a73f61e811e17185afa0d20e738e
0aaa7c8b0c525308,late,proof:0aaa7c8b0c525308:6164ae5ab536c1a3ea8d3b46,23,simple_fork,WinningThreat,edge,60,897e41795fa2ff26e0355378cf8a5167b375d14ef03f185ae2be39fb7c1c6286,0.04910057699414519,0.05,0.054868949727150174,-0.000899423005854813,-0.005768372733004984,0.04787215347546218,0.40144596651445963,0.0,12,incoming_final_layer_mean_head_attention_mass,59c9e3a50c18dea99544a7e1305abb1e4fe5f4d175343f5dc1b69d7d00937552,28c2715fbc9b16a75dc7e849a907a807c5097918ff49a92fd0b76583533998a8,87c0cf2e0f6e4cf5cf1ed4a0f6eb27af0115a73f61e811e17185afa0d20e738e
0aaa7c8b0c525308,late,proof:0aaa7c8b0c525308:6164ae5ab536c1a3ea8d3b46,23,simple_fork,TacticalLineWindow,edge,60,897e41795fa2ff26e0355378cf8a5167b375d14ef03f185ae2be39fb7c1c6286,0.04910057699414519,0.05,0.052522382923042565,-0.000899423005854813,-0.0034218059288973757,0.04787215347546218,0.40144596651445963,0.0,12,incoming_final_layer_mean_head_attention_mass,59c9e3a50c18dea99544a7e1305abb1e4fe5f4d175343f5dc1b69d7d00937552,28c2715fbc9b16a75dc7e849a907a807c5097918ff49a92fd0b76583533998a8,87c0cf2e0f6e4cf5cf1ed4a0f6eb27af0115a73f61e811e17185afa0d20e738e
0aaa7c8b0c525308,late,proof:0aaa7c8b0c525308:6164ae5ab536c1a3ea8d3b46,23,simple_fork,CompletionCell,node,60,897e41795fa2ff26e0355378cf8a5167b375d14ef03f185ae2be39fb7c1c6286,0.05714285745228432,0.05714285714285714,0.05558035712087484,3.0942717832438404e-10,0.0015625003314094776,0.26666666666666666,0.8428571428571429,0.0,2,incoming_final_layer_mean_head_attention_mass,59c9e3a50c18dea99544a7e1305abb1e4fe5f4d175343f5dc1b69d7d00937552,28c2715fbc9b16a75dc7e849a907a807c5097918ff49a92fd0b76583533998a8,87c0cf2e0f6e4cf5cf1ed4a0f6eb27af0115a73f61e811e17185afa0d20e738e
0aaa7c8b0c525308,late,proof:0aaa7c8b0c525308:6164ae5ab536c1a3ea8d3b46,23,simple_fork,ProofSupportedGeometry,edge,60,897e41795fa2ff26e0355378cf8a5167b375d14ef03f185ae2be39fb7c1c6286,0.04910057699414519,0.05,0.05564773542206801,-0.000899423005854813,-0.0065471584279228195,0.04787215347546218,0.40144596651445963,0.0,12,incoming_final_layer_mean_head_attention_mass,59c9e3a50c18dea99544a7e1305abb1e4fe5f4d175343f5dc1b69d7d00937552,28c2715fbc9b16a75dc7e849a907a807c5097918ff49a92fd0b76583533998a8,87c0cf2e0f6e4cf5cf1ed4a0f6eb27af0115a73f61e811e17185afa0d20e738e
0aaa7c8b0c525308,late,proof:0aaa7c8b0c525308:8fb093a6fecfc39bcfb98371,22,simple_fork,WinningThreat,edge,60,897e41795fa2ff26e0355378cf8a5167b375d14ef03f185ae2be39fb7c1c6286,0.04910057699414519,0.05,0.05362588613050949,-0.000899423005854813,-0.0045253091363643,0.04787215347546218,0.40144596651445963,0.0,12,incoming_final_layer_mean_head_attention_mass,5d80d1018f4d1c98388790a46f4dc642efcf32ed0e45ffb9a4bdf0e63234cef3,28c2715fbc9b16a75dc7e849a907a807c5097918ff49a92fd0b76583533998a8,87c0cf2e0f6e4cf5cf1ed4a0f6eb27af0115a73f61e811e17185afa0d20e738e
0aaa7c8b0c525308,late,proof:0aaa7c8b0c525308:8fb093a6fecfc39bcfb98371,22,simple_fork,TacticalLineWindow,edge,60,897e41795fa2ff26e0355378cf8a5167b375d14ef03f185ae2be39fb7c1c6286,0.04910057699414519,0.05,0.05484313979254701,-0.000899423005854813,-0.0057425627984018235,0.04787215347546218,0.40144596651445963,0.0,12,incoming_final_layer_mean_head_attention_mass,5d80d1018f4d1c98388790a46f4dc642efcf32ed0e45ffb9a4bdf0e63234cef3,28c2715fbc9b16a75dc7e849a907a807c5097918ff49a92fd0b76583533998a8,87c0cf2e0f6e4cf5cf1ed4a0f6eb27af0115a73f61e811e17185afa0d20e738e
0aaa7c8b0c525308,late,proof:0aaa7c8b0c525308:8fb093a6fecfc39bcfb98371,22,simple_fork,CompletionCell,node,60,897e41795fa2ff26e0355378cf8a5167b375d14ef03f185ae2be39fb7c1c6286,0.05714285745228432,0.05714285714285714,0.055580357109233314,3.0942717832438404e-10,0.0015625003430510057,0.26666666666666666,0.8428571428571429,0.0,2,incoming_final_layer_mean_head_attention_mass,5d80d1018f4d1c98388790a46f4dc642efcf32ed0e45ffb9a4bdf0e63234cef3,28c2715fbc9b16a75dc7e849a907a807c5097918ff49a92fd0b76583533998a8,87c0cf2e0f6e4cf5cf1ed4a0f6eb27af0115a73f61e811e17185afa0d20e738e
0aaa7c8b0c525308,late,proof:0aaa7c8b0c525308:8fb093a6fecfc39bcfb98371,22,simple_fork,ProofSupportedGeometry,edge,60,897e41795fa2ff26e0355378cf8a5167b375d14ef03f185ae2be39fb7c1c6286,0.04910057699414519,0.05,0.05461480675250592,-0.000899423005854813,-0.005514229758360731,0.04787215347546218,0.40144596651445963,0.0,12,incoming_final_layer_mean_head_attention_mass,5d80d1018f4d1c98388790a46f4dc642efcf32ed0e45ffb9a4bdf0e63234cef3,28c2715fbc9b16a75dc7e849a907a807c5097918ff49a92fd0b76583533998a8,87c0cf2e0f6e4cf5cf1ed4a0f6eb27af0115a73f61e811e17185afa0d20e738e
0aaa7c8b0c525308,late,proof:0aaa7c8b0c525308:9a98eaedab0ae3c0c00b019a,13,simple_fork,WinningThreat,edge,60,897e41795fa2ff26e0355378cf8a5167b375d14ef03f185ae2be39fb7c1c6286,0.04910057699414519,0.05,0.05407209095182012,-0.000899423005854813,-0.004971513957674929,0.04787215347546218,0.40144596651445963,0.0,12,incoming_final_layer_mean_head_attention_mass,5b60f8c04c68386a5bca635ed9b6715c3892d5497431e3bacb60a0a60fc849bf,28c2715fbc9b16a75dc7e849a907a807c5097918ff49a92fd0b76583533998a8,87c0cf2e0f6e4cf5cf1ed4a0f6eb27af0115a73f61e811e17185afa0d20e738e
0aaa7c8b0c525308,late,proof:0aaa7c8b0c525308:9a98eaedab0ae3c0c00b019a,13,simple_fork,TacticalLineWindow,edge,60,897e41795fa2ff26e0355378cf8a5167b375d14ef03f185ae2be39fb7c1c6286,0.04910057699414519,0.05,0.05508151832651072,-0.000899423005854813,-0.0059809413323655275,0.04787215347546218,0.40144596651445963,0.0,12,incoming_final_layer_mean_head_attention_mass,5b60f8c04c68386a5bca635ed9b6715c3892d5497431e3bacb60a0a60fc849bf,28c2715fbc9b16a75dc7e849a907a807c5097918ff49a92fd0b76583533998a8,87c0cf2e0f6e4cf5cf1ed4a0f6eb27af0115a73f61e811e17185afa0d20e738e
0aaa7c8b0c525308,late,proof:0aaa7c8b0c525308:9a98eaedab0ae3c0c00b019a,13,simple_fork,CompletionCell,node,60,897e41795fa2ff26e0355378cf8a5167b375d14ef03f185ae2be39fb7c1c6286,0.05714285745228432,0.05714285714285714,0.05491071430594442,3.0942717832438404e-10,0.0022321431463398975,0.26666666666666666,0.8428571428571429,0.0,2,incoming_final_layer_mean_head_attention_mass,5b60f8c04c68386a5bca635ed9b6715c3892d5497431e3bacb60a0a60fc849bf,28c2715fbc9b16a75dc7e849a907a807c5097918ff49a92fd0b76583533998a8,87c0cf2e0f6e4cf5cf1ed4a0f6eb27af0115a73f61e811e17185afa0d20e738e
0aaa7c8b0c525308,late,proof:0aaa7c8b0c525308:9a98eaedab0ae3c0c00b019a,13,simple_fork,ProofSupportedGeometry,edge,60,897e41795fa2ff26e0355378cf8a5167b375d14ef03f185ae2be39fb7c1c6286,0.04910057699414519,0.05,0.054352996157525715,-0.000899423005854813,-0.005252419163380526,0.04787215347546218,0.40144596651445963,0.0,12,incoming_final_layer_mean_head_attention_mass,5b60f8c04c68386a5bca635ed9b6715c3892d5497431e3bacb60a0a60fc849bf,28c2715fbc9b16a75dc7e849a907a807c5097918ff49a92fd0b76583533998a8,87c0cf2e0f6e4cf5cf1ed4a0f6eb27af0115a73f61e811e17185afa0d20e738e
0aaa7c8b0c525308,late,proof:0aaa7c8b0c525308:9d7e9d88c964371d3a1a40a6,12,simple_fork,WinningThreat,edge,60,897e41795fa2ff26e0355378cf8a5167b375d14ef03f185ae2be39fb7c1c6286,0.04910057699414519,0.05,0.054561646721064457,-0.000899423005854813,-0.005461069726919267,0.04787215347546218,0.40144596651445963,0.0,12,incoming_final_layer_mean_head_attention_mass,c1e96c34bccdb2e1314ca70e4563478887d4f26871b7905486b4c1e65fde2627,28c2715fbc9b16a75dc7e849a907a807c5097918ff49a92fd0b76583533998a8,87c0cf2e0f6e4cf5cf1ed4a0f6eb27af0115a73f61e811e17185afa0d20e738e
0aaa7c8b0c525308,late,proof:0aaa7c8b0c525308:9d7e9d88c964371d3a1a40a6,12,simple_fork,TacticalLineWindow,edge,60,897e41795fa2ff26e0355378cf8a5167b375d14ef03f185ae2be39fb7c1c6286,0.04910057699414519,0.05,0.05394823551010821,-0.000899423005854813,-0.00484765851596302,0.04787215347546218,0.40144596651445963,0.0,12,incoming_final_layer_mean_head_attention_mass,c1e96c34bccdb2e1314ca70e4563478887d4f26871b7905486b4c1e65fde2627,28c2715fbc9b16a75dc7e849a907a807c5097918ff49a92fd0b76583533998a8,87c0cf2e0f6e4cf5cf1ed4a0f6eb27af0115a73f61e811e17185afa0d20e738e
0aaa7c8b0c525308,late,proof:0aaa7c8b0c525308:9d7e9d88c964371d3a1a40a6,12,simple_fork,CompletionCell,node,60,897e41795fa2ff26e0355378cf8a5167b375d14ef03f185ae2be39fb7c1c6286,0.05714285745228432,0.05714285714285714,0.05647321432552714,3.0942717832438404e-10,0.0006696431267571787,0.26666666666666666,0.8428571428571429,0.0,2,incoming_final_layer_mean_head_attention_mass,c1e96c34bccdb2e1314ca70e4563478887d4f26871b7905486b4c1e65fde2627,28c2715fbc9b16a75dc7e849a907a807c5097918ff49a92fd0b76583533998a8,87c0cf2e0f6e4cf5cf1ed4a0f6eb27af0115a73f61e811e17185afa0d20e738e
0aaa7c8b0c525308,late,proof:0aaa7c8b0c525308:9d7e9d88c964371d3a1a40a6,12,simple_fork,ProofSupportedGeometry,edge,60,897e41795fa2ff26e0355378cf8a5167b375d14ef03f185ae2be39fb7c1c6286,0.04910057699414519,0.05,0.05445458943903049,-0.000899423005854813,-0.0053540124448853005,0.04787215347546218,0.40144596651445963,0.0,12,incoming_final_layer_mean_head_attention_mass,c1e96c34bccdb2e1314ca70e4563478887d4f26871b7905486b4c1e65fde2627,28c2715fbc9b16a75dc7e849a907a807c5097918ff49a92fd0b76583533998a8,87c0cf2e0f6e4cf5cf1ed4a0f6eb27af0115a73f61e811e17185afa0d20e738e
0aaa7c8b0c525308,late,proof:0aaa7c8b0c525308:a129f81df7eb7bd0a95f50ae,35,simple_fork,WinningThreat,edge,60,897e41795fa2ff26e0355378cf8a5167b375d14ef03f185ae2be39fb7c1c6286,0.04910057699414519,0.05,0.05596454764159157,-0.000899423005854813,-0.006863970647446378,0.04787215347546218,0.40144596651445963,0.0,12,incoming_final_layer_mean_head_attention_mass,ab52474002f6e7762a67d5f343c56cbadbcc7c33c287d0afb7595436052a38c9,28c2715fbc9b16a75dc7e849a907a807c5097918ff49a92fd0b76583533998a8,87c0cf2e0f6e4cf5cf1ed4a0f6eb27af0115a73f61e811e17185afa0d20e738e
0aaa7c8b0c525308,late,proof:0aaa7c8b0c525308:a129f81df7eb7bd0a95f50ae,35,simple_fork,TacticalLineWindow,edge,60,897e41795fa2ff26e0355378cf8a5167b375d14ef03f185ae2be39fb7c1c6286,0.04910057699414519,0.05,0.05403064550317922,-0.000899423005854813,-0.004930068509034033,0.04787215347546218,0.40144596651445963,0.0,12,incoming_final_layer_mean_head_attention_mass,ab52474002f6e7762a67d5f343c56cbadbcc7c33c287d0afb7595436052a38c9,28c2715fbc9b16a75dc7e849a907a807c5097918ff49a92fd0b76583533998a8,87c0cf2e0f6e4cf5cf1ed4a0f6eb27af0115a73f61e811e17185afa0d20e738e
0aaa7c8b0c525308,late,proof:0aaa7c8b0c525308:a129f81df7eb7bd0a95f50ae,35,simple_fork,CompletionCell,node,60,897e41795fa2ff26e0355378cf8a5167b375d14ef03f185ae2be39fb7c1c6286,0.05714285745228432,0.05714285714285714,0.05558035717741942,3.0942717832438404e-10,0.0015625002748648961,0.26666666666666666,0.8428571428571429,0.0,2,incoming_final_layer_mean_head_attention_mass,ab52474002f6e7762a67d5f343c56cbadbcc7c33c287d0afb7595436052a38c9,28c2715fbc9b16a75dc7e849a907a807c5097918ff49a92fd0b76583533998a8,87c0cf2e0f6e4cf5cf1ed4a0f6eb27af0115a73f61e811e17185afa0d20e738e
0aaa7c8b0c525308,late,proof:0aaa7c8b0c525308:a129f81df7eb7bd0a95f50ae,35,simple_fork,ProofSupportedGeometry,edge,60,897e41795fa2ff26e0355378cf8a5167b375d14ef03f185ae2be39fb7c1c6286,0.04910057699414519,0.05,0.05523100758141149,-0.000899423005854813,-0.006130430587266297,0.04787215347546218,0.40144596651445963,0.0,12,incoming_final_layer_mean_head_attention_mass,ab52474002f6e7762a67d5f343c56cbadbcc7c33c287d0afb7595436052a38c9,28c2715fbc9b16a75dc7e849a907a807c5097918ff49a92fd0b76583533998a8,87c0cf2e0f6e4cf5cf1ed4a0f6eb27af0115a73f61e811e17185afa0d20e738e
0aaa7c8b0c525308,late,proof:0aaa7c8b0c525308:a3775f8b59607d93fae75fb0,33,simple_fork,WinningThreat,edge,60,897e41795fa2ff26e0355378cf8a5167b375d14ef03f185ae2be39fb7c1c6286,0.04910057699414519,0.05,0.05322644899028463,-0.000899423005854813,-0.004125871996139438,0.04787215347546218,0.40144596651445963,0.0,12,incoming_final_layer_mean_head_attention_mass,3583a3c7b01015cbc5d5761e812170ab3b7ffd870733ec4b23ee0b125dbc0ac6,28c2715fbc9b16a75dc7e849a907a807c5097918ff49a92fd0b76583533998a8,87c0cf2e0f6e4cf5cf1ed4a0f6eb27af0115a73f61e811e17185afa0d20e738e
0aaa7c8b0c525308,late,proof:0aaa7c8b0c525308:a3775f8b59607d93fae75fb0,33,simple_fork,TacticalLineWindow,edge,60,897e41795fa2ff26e0355378cf8a5167b375d14ef03f185ae2be39fb7c1c6286,0.04910057699414519,0.05,0.05580944315434311,-0.000899423005854813,-0.006708866160197918,0.04787215347546218,0.40144596651445963,0.0,12,incoming_final_layer_mean_head_attention_mass,3583a3c7b01015cbc5d5761e812170ab3b7ffd870733ec4b23ee0b125dbc0ac6,28c2715fbc9b16a75dc7e849a907a807c5097918ff49a92fd0b76583533998a8,87c0cf2e0f6e4cf5cf1ed4a0f6eb27af0115a73f61e811e17185afa0d20e738e
0aaa7c8b0c525308,late,proof:0aaa7c8b0c525308:a3775f8b59607d93fae75fb0,33,simple_fork,CompletionCell,node,60,897e41795fa2ff26e0355378cf8a5167b375d14ef03f185ae2be39fb7c1c6286,0.05714285745228432,0.05714285714285714,0.055580357110896386,3.0942717832438404e-10,0.0015625003413879332,0.26666666666666666,0.8428571428571429,0.0,2,incoming_final_layer_mean_head_attention_mass,3583a3c7b01015cbc5d5761e812170ab3b7ffd870733ec4b23ee0b125dbc0ac6,28c2715fbc9b16a75dc7e849a907a807c5097918ff49a92fd0b76583533998a8,87c0cf2e0f6e4cf5cf1ed4a0f6eb27af0115a73f61e811e17185afa0d20e738e
0aaa7c8b0c525308,late,proof:0aaa7c8b0c525308:a3775f8b59607d93fae75fb0,33,simple_fork,ProofSupportedGeometry,edge,60,897e41795fa2ff26e0355378cf8a5167b375d14ef03f185ae2be39fb7c1c6286,0.04910057699414519,0.05,0.05416438142508423,-0.000899423005854813,-0.0050638044309390395,0.04787215347546218,0.40144596651445963,0.0,12,incoming_final_layer_mean_head_attention_mass,3583a3c7b01015cbc5d5761e812170ab3b7ffd870733ec4b23ee0b125dbc0ac6,28c2715fbc9b16a75dc7e849a907a807c5097918ff49a92fd0b76583533998a8,87c0cf2e0f6e4cf5cf1ed4a0f6eb27af0115a73f61e811e17185afa0d20e738e
0aaa7c8b0c525308,late,proof:0aaa7c8b0c525308:ad3ced880f726836098ef226,6,simple_fork,WinningThreat,edge,60,897e41795fa2ff26e0355378cf8a5167b375d14ef03f185ae2be39fb7c1c6286,0.04910057699414519,0.05,0.05456279458112724,-0.000899423005854813,-0.005462217586982052,0.04787215347546218,0.40144596651445963,0.0,12,incoming_final_layer_mean_head_attention_mass,731383813a86224f968a22e727e474429da19308a42c9bc8f75a17b2ca467b00,28c2715fbc9b16a75dc7e849a907a807c5097918ff49a92fd0b76583533998a8,87c0cf2e0f6e4cf5cf1ed4a0f6eb27af0115a73f61e811e17185afa0d20e738e
0aaa7c8b0c525308,late,proof:0aaa7c8b0c525308:ad3ced880f726836098ef226,6,simple_fork,TacticalLineWindow,edge,60,897e41795fa2ff26e0355378cf8a5167b375d14ef03f185ae2be39fb7c1c6286,0.04910057699414519,0.05,0.053623203010128156,-0.000899423005854813,-0.004522626015982967,0.04787215347546218,0.40144596651445963,0.0,12,incoming_final_layer_mean_head_attention_mass,731383813a86224f968a22e727e474429da19308a42c9bc8f75a17b2ca467b00,28c2715fbc9b16a75dc7e849a907a807c5097918ff49a92fd0b76583533998a8,87c0cf2e0f6e4cf5cf1ed4a0f6eb27af0115a73f61e811e17185afa0d20e738e
0aaa7c8b0c525308,late,proof:0aaa7c8b0c525308:ad3ced880f726836098ef226,6,simple_fork,CompletionCell,node,60,897e41795fa2ff26e0355378cf8a5167b375d14ef03f185ae2be39fb7c1c6286,0.05714285745228432,0.05714285714285714,0.05580357139251831,3.0942717832438404e-10,0.0013392860597660067,0.26666666666666666,0.8428571428571429,0.0,2,incoming_final_layer_mean_head_attention_mass,731383813a86224f968a22e727e474429da19308a42c9bc8f75a17b2ca467b00,28c2715fbc9b16a75dc7e849a907a807c5097918ff49a92fd0b76583533998a8,87c0cf2e0f6e4cf5cf1ed4a0f6eb27af0115a73f61e811e17185afa0d20e738e
0aaa7c8b0c525308,late,proof:0aaa7c8b0c525308:ad3ced880f726836098ef226,6,simple_fork,ProofSupportedGeometry,edge,60,897e41795fa2ff26e0355378cf8a5167b375d14ef03f185ae2be39fb7c1c6286,0.04910057699414519,0.05,0.053657364772006895,-0.000899423005854813,-0.004556787777861705,0.04787215347546218,0.40144596651445963,0.0,12,incoming_final_layer_mean_head_attention_mass,731383813a86224f968a22e727e474429da19308a42c9bc8f75a17b2ca467b00,28c2715fbc9b16a75dc7e849a907a807c5097918ff49a92fd0b76583533998a8,87c0cf2e0f6e4cf5cf1ed4a0f6eb27af0115a73f61e811e17185afa0d20e738e
0aaa7c8b0c525308,late,proof:0aaa7c8b0c525308:bb79a1ce4307bd5b53c2f1c4,27,simple_fork,WinningThreat,edge,60,897e41795fa2ff26e0355378cf8a5167b375d14ef03f185ae2be39fb7c1c6286,0.05649262732217937,0.05714285714285714,0.06506431507454141,-0.000650229820677771,-0.008571687752362042,0.05570928033575021,0.41846053489889096,0.0,14,incoming_final_layer_mean_head_attention_mass,8034f27fe0c8a20a04aa092710533df09561a6f11206f15cdd89de137273dc6a,28c2715fbc9b16a75dc7e849a907a807c5097918ff49a92fd0b76583533998a8,87c0cf2e0f6e4cf5cf1ed4a0f6eb27af0115a73f61e811e17185afa0d20e738e
0aaa7c8b0c525308,late,proof:0aaa7c8b0c525308:bb79a1ce4307bd5b53c2f1c4,27,simple_fork,TacticalLineWindow,edge,60,897e41795fa2ff26e0355378cf8a5167b375d14ef03f185ae2be39fb7c1c6286,0.05649262732217937,0.05714285714285714,0.0627032975034851,-0.000650229820677771,-0.006210670181305736,0.05570928033575021,0.41846053489889096,0.0,14,incoming_final_layer_mean_head_attention_mass,8034f27fe0c8a20a04aa092710533df09561a6f11206f15cdd89de137273dc6a,28c2715fbc9b16a75dc7e849a907a807c5097918ff49a92fd0b76583533998a8,87c0cf2e0f6e4cf5cf1ed4a0f6eb27af0115a73f61e811e17185afa0d20e738e
0aaa7c8b0c525308,late,proof:0aaa7c8b0c525308:bb79a1ce4307bd5b53c2f1c4,27,simple_fork,CompletionCell,node,60,897e41795fa2ff26e0355378cf8a5167b375d14ef03f185ae2be39fb7c1c6286,0.05714285745228432,0.05714285714285714,0.05602678572070637,3.0942717832438404e-10,0.0011160717315779473,0.26666666666666666,0.8428571428571429,0.0,2,incoming_final_layer_mean_head_attention_mass,8034f27fe0c8a20a04aa092710533df09561a6f11206f15cdd89de137273dc6a,28c2715fbc9b16a75dc7e849a907a807c5097918ff49a92fd0b76583533998a8,87c0cf2e0f6e4cf5cf1ed4a0f6eb27af0115a73f61e811e17185afa0d20e738e
0aaa7c8b0c525308,late,proof:0aaa7c8b0c525308:bb79a1ce4307bd5b53c2f1c4,27,simple_fork,ProofSupportedGeometry,edge,60,897e41795fa2ff26e0355378cf8a5167b375d14ef03f185ae2be39fb7c1c6286,0.05649262732217937,0.05714285714285714,0.06333960922226671,-0.000650229820677771,-0.00684698190008734,0.05570928033575021,0.41846053489889096,0.0,14,incoming_final_layer_mean_head_attention_mass,8034f27fe0c8a20a04aa092710533df09561a6f11206f15cdd89de137273dc6a,28c2715fbc9b16a75dc7e849a907a807c5097918ff49a92fd0b76583533998a8,87c0cf2e0f6e4cf5cf1ed4a0f6eb27af0115a73f61e811e17185afa0d20e738e
0aaa7c8b0c525308,late,proof:0aaa7c8b0c525308:c2eed58f1c5ff56ad28524cc,28,simple_fork,WinningThreat,edge,60,897e41795fa2ff26e0355378cf8a5167b375d14ef03f185ae2be39fb7c1c6286,0.04910057699414519,0.05,0.05522628360231644,-0.000899423005854813,-0.006125706608171251,0.04787215347546218,0.40144596651445963,0.0,12,incoming_final_layer_mean_head_attention_mass,196eb27d603cdc1942f13329c53c8b66ab8073c4ee4f8b1b7299c64b8076ea74,28c2715fbc9b16a75dc7e849a907a807c5097918ff49a92fd0b76583533998a8,87c0cf2e0f6e4cf5cf1ed4a0f6eb27af0115a73f61e811e17185afa0d20e738e
0aaa7c8b0c525308,late,proof:0aaa7c8b0c525308:c2eed58f1c5ff56ad28524cc,28,simple_fork,TacticalLineWindow,edge,60,897e41795fa2ff26e0355378cf8a5167b375d14ef03f185ae2be39fb7c1c6286,0.04910057699414519,0.05,0.054298839224263956,-0.000899423005854813,-0.005198262230118766,0.04787215347546218,0.40144596651445963,0.0,12,incoming_final_layer_mean_head_attention_mass,196eb27d603cdc1942f13329c53c8b66ab8073c4ee4f8b1b7299c64b8076ea74,28c2715fbc9b16a75dc7e849a907a807c5097918ff49a92fd0b76583533998a8,87c0cf2e0f6e4cf5cf1ed4a0f6eb27af0115a73f61e811e17185afa0d20e738e
0aaa7c8b0c525308,late,proof:0aaa7c8b0c525308:c2eed58f1c5ff56ad28524cc,28,simple_fork,CompletionCell,node,60,897e41795fa2ff26e0355378cf8a5167b375d14ef03f185ae2be39fb7c1c6286,0.05714285745228432,0.05714285714285714,0.05580357142079061,3.0942717832438404e-10,0.0013392860314937124,0.26666666666666666,0.8428571428571429,0.0,2,incoming_final_layer_mean_head_attention_mass,196eb27d603cdc1942f13329c53c8b66ab8073c4ee4f8b1b7299c64b8076ea74,28c2715fbc9b16a75dc7e849a907a807c5097918ff49a92fd0b76583533998a8,87c0cf2e0f6e4cf5cf1ed4a0f6eb27af0115a73f61e811e17185afa0d20e738e
0aaa7c8b0c525308,late,proof:0aaa7c8b0c525308:c2eed58f1c5ff56ad28524cc,28,simple_fork,ProofSupportedGeometry,edge,60,897e41795fa2ff26e0355378cf8a5167b375d14ef03f185ae2be39fb7c1c6286,0.04910057699414519,0.05,0.052802946098869465,-0.000899423005854813,-0.003702369104724275,0.04787215347546218,0.40144596651445963,0.0,12,incoming_final_layer_mean_head_attention_mass,196eb27d603cdc1942f13329c53c8b66ab8073c4ee4f8b1b7299c64b8076ea74,28c2715fbc9b16a75dc7e849a907a807c5097918ff49a92fd0b76583533998a8,87c0cf2e0f6e4cf5cf1ed4a0f6eb27af0115a73f61e811e17185afa0d20e738e
0aaa7c8b0c525308,late,proof:0aaa7c8b0c525308:d03b85ecc9ba0348015d5578,0,simple_fork,WinningThreat,edge,60,897e41795fa2ff26e0355378cf8a5167b375d14ef03f185ae2be39fb7c1c6286,0.04910057699414519,0.05,0.05319938626466833,-0.000899423005854813,-0.0040988092705231405,0.04787215347546218,0.40144596651445963,0.0,12,incoming_final_layer_mean_head_attention_mass,c29c1ca5849b8dd8a4f4d469dd9aa9b0b7f26aff3a11ab2270d343165b9f8150,28c2715fbc9b16a75dc7e849a907a807c5097918ff49a92fd0b76583533998a8,87c0cf2e0f6e4cf5cf1ed4a0f6eb27af0115a73f61e811e17185afa0d20e738e
0aaa7c8b0c525308,late,proof:0aaa7c8b0c525308:d03b85ecc9ba0348015d5578,0,simple_fork,TacticalLineWindow,edge,60,897e41795fa2ff26e0355378cf8a5167b375d14ef03f185ae2be39fb7c1c6286,0.04910057699414519,0.05,0.05553797249578253,-0.000899423005854813,-0.006437395501637341,0.04787215347546218,0.40144596651445963,0.0,12,incoming_final_layer_mean_head_attention_mass,c29c1ca5849b8dd8a4f4d469dd9aa9b0b7f26aff3a11ab2270d343165b9f8150,28c2715fbc9b16a75dc7e849a907a807c5097918ff49a92fd0b76583533998a8,87c0cf2e0f6e4cf5cf1ed4a0f6eb27af0115a73f61e811e17185afa0d20e738e
0aaa7c8b0c525308,late,proof:0aaa7c8b0c525308:d03b85ecc9ba0348015d5578,0,simple_fork,CompletionCell,node,60,897e41795fa2ff26e0355378cf8a5167b375d14ef03f185ae2be39fb7c1c6286,0.05714285745228432,0.05714285714285714,0.055133928605028644,3.0942717832438404e-10,0.0020089288472556754,0.26666666666666666,0.8428571428571429,0.0,2,incoming_final_layer_mean_head_attention_mass,c29c1ca5849b8dd8a4f4d469dd9aa9b0b7f26aff3a11ab2270d343165b9f8150,28c2715fbc9b16a75dc7e849a907a807c5097918ff49a92fd0b76583533998a8,87c0cf2e0f6e4cf5cf1ed4a0f6eb27af0115a73f61e811e17185afa0d20e738e
0aaa7c8b0c525308,late,proof:0aaa7c8b0c525308:d03b85ecc9ba0348015d5578,0,simple_fork,ProofSupportedGeometry,edge,60,897e41795fa2ff26e0355378cf8a5167b375d14ef03f185ae2be39fb7c1c6286,0.04910057699414519,0.05,0.053686021798803774,-0.000899423005854813,-0.004585444804658584,0.04787215347546218,0.40144596651445963,0.0,12,incoming_final_layer_mean_head_attention_mass,c29c1ca5849b8dd8a4f4d469dd9aa9b0b7f26aff3a11ab2270d343165b9f8150,28c2715fbc9b16a75dc7e849a907a807c5097918ff49a92fd0b76583533998a8,87c0cf2e0f6e4cf5cf1ed4a0f6eb27af0115a73f61e811e17185afa0d20e738e
0aaa7c8b0c525308,late,proof:0aaa7c8b0c525308:d33bec23f4f864224132d29c,31,simple_fork,WinningThreat,edge,60,897e41795fa2ff26e0355378cf8a5167b375d14ef03f185ae2be39fb7c1c6286,0.04910057699414519,0.05,0.05318426395260934,-0.000899423005854813,-0.004083686958464151,0.04787215347546218,0.40144596651445963,0.0,12,incoming_final_layer_mean_head_attention_mass,61c983fef1886e773bb783479c7f10127c84096b9c2d7aaa9e43d457786a527d,28c2715fbc9b16a75dc7e849a907a807c5097918ff49a92fd0b76583533998a8,87c0cf2e0f6e4cf5cf1ed4a0f6eb27af0115a73f61e811e17185afa0d20e738e
0aaa7c8b0c525308,late,proof:0aaa7c8b0c525308:d33bec23f4f864224132d29c,31,simple_fork,TacticalLineWindow,edge,60,897e41795fa2ff26e0355378cf8a5167b375d14ef03f185ae2be39fb7c1c6286,0.04910057699414519,0.05,0.05321565554870751,-0.000899423005854813,-0.004115078554562321,0.04787215347546218,0.40144596651445963,0.0,12,incoming_final_layer_mean_head_attention_mass,61c983fef1886e773bb783479c7f10127c84096b9c2d7aaa9e43d457786a527d,28c2715fbc9b16a75dc7e849a907a807c5097918ff49a92fd0b76583533998a8,87c0cf2e0f6e4cf5cf1ed4a0f6eb27af0115a73f61e811e17185afa0d20e738e
0aaa7c8b0c525308,late,proof:0aaa7c8b0c525308:d33bec23f4f864224132d29c,31,simple_fork,CompletionCell,node,60,897e41795fa2ff26e0355378cf8a5167b375d14ef03f185ae2be39fb7c1c6286,0.05714285745228432,0.05714285714285714,0.05647321418582875,3.0942717832438404e-10,0.0006696432664555704,0.26666666666666666,0.8428571428571429,0.0,2,incoming_final_layer_mean_head_attention_mass,61c983fef1886e773bb783479c7f10127c84096b9c2d7aaa9e43d457786a527d,28c2715fbc9b16a75dc7e849a907a807c5097918ff49a92fd0b76583533998a8,87c0cf2e0f6e4cf5cf1ed4a0f6eb27af0115a73f61e811e17185afa0d20e738e
0aaa7c8b0c525308,late,proof:0aaa7c8b0c525308:d33bec23f4f864224132d29c,31,simple_fork,ProofSupportedGeometry,edge,60,897e41795fa2ff26e0355378cf8a5167b375d14ef03f185ae2be39fb7c1c6286,0.04910057699414519,0.05,0.0554631096082432,-0.000899423005854813,-0.006362532614098013,0.04787215347546218,0.40144596651445963,0.0,12,incoming_final_layer_mean_head_attention_mass,61c983fef1886e773bb783479c7f10127c84096b9c2d7aaa9e43d457786a527d,28c2715fbc9b16a75dc7e849a907a807c5097918ff49a92fd0b76583533998a8,87c0cf2e0f6e4cf5cf1ed4a0f6eb27af0115a73f61e811e17185afa0d20e738e
0aaa7c8b0c525308,late,proof:0aaa7c8b0c525308:db918bf19b790e8f93525388,1,simple_fork,WinningThreat,edge,60,897e41795fa2ff26e0355378cf8a5167b375d14ef03f185ae2be39fb7c1c6286,0.04910057699414519,0.05,0.05238991557391065,-0.000899423005854813,-0.0032893385797654606,0.04787215347546218,0.40144596651445963,0.0,12,incoming_final_layer_mean_head_attention_mass,e40aa4f05bc4c67a905b152d78edb1659269288507154b52c41b21770913fd62,28c2715fbc9b16a75dc7e849a907a807c5097918ff49a92fd0b76583533998a8,87c0cf2e0f6e4cf5cf1ed4a0f6eb27af0115a73f61e811e17185afa0d20e738e
0aaa7c8b0c525308,late,proof:0aaa7c8b0c525308:db918bf19b790e8f93525388,1,simple_fork,TacticalLineWindow,edge,60,897e41795fa2ff26e0355378cf8a5167b375d14ef03f185ae2be39fb7c1c6286,0.04910057699414519,0.05,0.05528667119087261,-0.000899423005854813,-0.006186094196727422,0.04787215347546218,0.40144596651445963,0.0,12,incoming_final_layer_mean_head_attention_mass,e40aa4f05bc4c67a905b152d78edb1659269288507154b52c41b21770913fd62,28c2715fbc9b16a75dc7e849a907a807c5097918ff49a92fd0b76583533998a8,87c0cf2e0f6e4cf5cf1ed4a0f6eb27af0115a73f61e811e17185afa0d20e738e
0aaa7c8b0c525308,late,proof:0aaa7c8b0c525308:db918bf19b790e8f93525388,1,simple_fork,CompletionCell,node,60,897e41795fa2ff26e0355378cf8a5167b375d14ef03f185ae2be39fb7c1c6286,0.05714285745228432,0.05714285714285714,0.05580357145322059,3.0942717832438404e-10,0.0013392859990637301,0.26666666666666666,0.8428571428571429,0.0,2,incoming_final_layer_mean_head_attention_mass,e40aa4f05bc4c67a905b152d78edb1659269288507154b52c41b21770913fd62,28c2715fbc9b16a75dc7e849a907a807c5097918ff49a92fd0b76583533998a8,87c0cf2e0f6e4cf5cf1ed4a0f6eb27af0115a73f61e811e17185afa0d20e738e
0aaa7c8b0c525308,late,proof:0aaa7c8b0c525308:db918bf19b790e8f93525388,1,simple_fork,ProofSupportedGeometry,edge,60,897e41795fa2ff26e0355378cf8a5167b375d14ef03f185ae2be39fb7c1c6286,0.04910057699414519,0.05,0.052604177897294345,-0.000899423005854813,-0.0035036009031491552,0.04787215347546218,0.40144596651445963,0.0,12,incoming_final_layer_mean_head_attention_mass,e40aa4f05bc4c67a905b152d78edb1659269288507154b52c41b21770913fd62,28c2715fbc9b16a75dc7e849a907a807c5097918ff49a92fd0b76583533998a8,87c0cf2e0f6e4cf5cf1ed4a0f6eb27af0115a73f61e811e17185afa0d20e738e
0aaa7c8b0c525308,late,proof:0aaa7c8b0c525308:e63668ecdf1f97d9a849076e,29,simple_fork,WinningThreat,edge,60,897e41795fa2ff26e0355378cf8a5167b375d14ef03f185ae2be39fb7c1c6286,0.04910057699414519,0.05,0.055669918523798545,-0.000899423005854813,-0.006569341529653355,0.04787215347546218,0.40144596651445963,0.0,12,incoming_final_layer_mean_head_attention_mass,00a2885de7d262a7740a6a52b94b877141ffc65588a6de028b54fa18a4475b07,28c2715fbc9b16a75dc7e849a907a807c5097918ff49a92fd0b76583533998a8,87c0cf2e0f6e4cf5cf1ed4a0f6eb27af0115a73f61e811e17185afa0d20e738e
0aaa7c8b0c525308,late,proof:0aaa7c8b0c525308:e63668ecdf1f97d9a849076e,29,simple_fork,TacticalLineWindow,edge,60,897e41795fa2ff26e0355378cf8a5167b375d14ef03f185ae2be39fb7c1c6286,0.04910057699414519,0.05,0.054249081129587116,-0.000899423005854813,-0.005148504135441927,0.04787215347546218,0.40144596651445963,0.0,12,incoming_final_layer_mean_head_attention_mass,00a2885de7d262a7740a6a52b94b877141ffc65588a6de028b54fa18a4475b07,28c2715fbc9b16a75dc7e849a907a807c5097918ff49a92fd0b76583533998a8,87c0cf2e0f6e4cf5cf1ed4a0f6eb27af0115a73f61e811e17185afa0d20e738e
0aaa7c8b0c525308,late,proof:0aaa7c8b0c525308:e63668ecdf1f97d9a849076e,29,simple_fork,CompletionCell,node,60,897e41795fa2ff26e0355378cf8a5167b375d14ef03f185ae2be39fb7c1c6286,0.05714285745228432,0.05714285714285714,0.05535714287750366,3.0942717832438404e-10,0.0017857145747806613,0.26666666666666666,0.8428571428571429,0.0,2,incoming_final_layer_mean_head_attention_mass,00a2885de7d262a7740a6a52b94b877141ffc65588a6de028b54fa18a4475b07,28c2715fbc9b16a75dc7e849a907a807c5097918ff49a92fd0b76583533998a8,87c0cf2e0f6e4cf5cf1ed4a0f6eb27af0115a73f61e811e17185afa0d20e738e
0aaa7c8b0c525308,late,proof:0aaa7c8b0c525308:e63668ecdf1f97d9a849076e,29,simple_fork,ProofSupportedGeometry,edge,60,897e41795fa2ff26e0355378cf8a5167b375d14ef03f185ae2be39fb7c1c6286,0.04910057699414519,0.05,0.052727702802645965,-0.000899423005854813,-0.003627125808500775,0.04787215347546218,0.40144596651445963,0.0,12,incoming_final_layer_mean_head_attention_mass,00a2885de7d262a7740a6a52b94b877141ffc65588a6de028b54fa18a4475b07,28c2715fbc9b16a75dc7e849a907a807c5097918ff49a92fd0b76583533998a8,87c0cf2e0f6e4cf5cf1ed4a0f6eb27af0115a73f61e811e17185afa0d20e738e
0aaa7c8b0c525308,late,proof:0aaa7c8b0c525308:e861e6d93548a689d7a91b4e,25,simple_fork,WinningThreat,edge,60,897e41795fa2ff26e0355378cf8a5167b375d14ef03f185ae2be39fb7c1c6286,0.056528822721695716,0.05714285714285714,0.0619415859839841,-0.0006140344211614246,-0.0054127632622883864,0.054350678332948925,0.39856490541422046,0.0,14,incoming_final_layer_mean_head_attention_mass,54d378888fab551e4f318602559057dd834ff18060f690158680ad660864aba1,28c2715fbc9b16a75dc7e849a907a807c5097918ff49a92fd0b76583533998a8,87c0cf2e0f6e4cf5cf1ed4a0f6eb27af0115a73f61e811e17185afa0d20e738e
0aaa7c8b0c525308,late,proof:0aaa7c8b0c525308:e861e6d93548a689d7a91b4e,25,simple_fork,TacticalLineWindow,edge,60,897e41795fa2ff26e0355378cf8a5167b375d14ef03f185ae2be39fb7c1c6286,0.056528822721695716,0.05714285714285714,0.06360745662772581,-0.0006140344211614246,-0.007078633906030092,0.054350678332948925,0.39856490541422046,0.0,14,incoming_final_layer_mean_head_attention_mass,54d378888fab551e4f318602559057dd834ff18060f690158680ad660864aba1,28c2715fbc9b16a75dc7e849a907a807c5097918ff49a92fd0b76583533998a8,87c0cf2e0f6e4cf5cf1ed4a0f6eb27af0115a73f61e811e17185afa0d20e738e
0aaa7c8b0c525308,late,proof:0aaa7c8b0c525308:e861e6d93548a689d7a91b4e,25,simple_fork,CompletionCell,node,60,897e41795fa2ff26e0355378cf8a5167b375d14ef03f185ae2be39fb7c1c6286,0.05714285745228432,0.05714285714285714,0.054241071449437094,3.0942717832438404e-10,0.002901786002847226,0.26666666666666666,0.8428571428571429,0.0,2,incoming_final_layer_mean_head_attention_mass,54d378888fab551e4f318602559057dd834ff18060f690158680ad660864aba1,28c2715fbc9b16a75dc7e849a907a807c5097918ff49a92fd0b76583533998a8,87c0cf2e0f6e4cf5cf1ed4a0f6eb27af0115a73f61e811e17185afa0d20e738e
0aaa7c8b0c525308,late,proof:0aaa7c8b0c525308:e861e6d93548a689d7a91b4e,25,simple_fork,ProofSupportedGeometry,edge,60,897e41795fa2ff26e0355378cf8a5167b375d14ef03f185ae2be39fb7c1c6286,0.056528822721695716,0.05714285714285714,0.06410798638124918,-0.0006140344211614246,-0.00757916365955346,0.054350678332948925,0.39856490541422046,0.0,14,incoming_final_layer_mean_head_attention_mass,54d378888fab551e4f318602559057dd834ff18060f690158680ad660864aba1,28c2715fbc9b16a75dc7e849a907a807c5097918ff49a92fd0b76583533998a8,87c0cf2e0f6e4cf5cf1ed4a0f6eb27af0115a73f61e811e17185afa0d20e738e
0aaa7c8b0c525308,late,proof:0aaa7c8b0c525308:e8f4d04c62e56ca9f1c010c0,17,simple_fork,WinningThreat,edge,60,897e41795fa2ff26e0355378cf8a5167b375d14ef03f185ae2be39fb7c1c6286,0.04910057699414519,0.05,0.05496504549880686,-0.000899423005854813,-0.005864468504661671,0.04787215347546218,0.40144596651445963,0.0,12,incoming_final_layer_mean_head_attention_mass,51921e4ea0232b06b99860ecbd7d45ce373d9215082c3d574d23dfc713e39f7f,28c2715fbc9b16a75dc7e849a907a807c5097918ff49a92fd0b76583533998a8,87c0cf2e0f6e4cf5cf1ed4a0f6eb27af0115a73f61e811e17185afa0d20e738e
0aaa7c8b0c525308,late,proof:0aaa7c8b0c525308:e8f4d04c62e56ca9f1c010c0,17,simple_fork,TacticalLineWindow,edge,60,897e41795fa2ff26e0355378cf8a5167b375d14ef03f185ae2be39fb7c1c6286,0.04910057699414519,0.05,0.0552950792409279,-0.000899423005854813,-0.00619450224678271,0.04787215347546218,0.40144596651445963,0.0,12,incoming_final_layer_mean_head_attention_mass,51921e4ea0232b06b99860ecbd7d45ce373d9215082c3d574d23dfc713e39f7f,28c2715fbc9b16a75dc7e849a907a807c5097918ff49a92fd0b76583533998a8,87c0cf2e0f6e4cf5cf1ed4a0f6eb27af0115a73f61e811e17185afa0d20e738e
0aaa7c8b0c525308,late,proof:0aaa7c8b0c525308:e8f4d04c62e56ca9f1c010c0,17,simple_fork,CompletionCell,node,60,897e41795fa2ff26e0355378cf8a5167b375d14ef03f185ae2be39fb7c1c6286,0.05714285745228432,0.05714285714285714,0.05669642859717061,3.0942717832438404e-10,0.0004464288551137077,0.26666666666666666,0.8428571428571429,0.0,2,incoming_final_layer_mean_head_attention_mass,51921e4ea0232b06b99860ecbd7d45ce373d9215082c3d574d23dfc713e39f7f,28c2715fbc9b16a75dc7e849a907a807c5097918ff49a92fd0b76583533998a8,87c0cf2e0f6e4cf5cf1ed4a0f6eb27af0115a73f61e811e17185afa0d20e738e
0aaa7c8b0c525308,late,proof:0aaa7c8b0c525308:e8f4d04c62e56ca9f1c010c0,17,simple_fork,ProofSupportedGeometry,edge,60,897e41795fa2ff26e0355378cf8a5167b375d14ef03f185ae2be39fb7c1c6286,0.04910057699414519,0.05,0.05540596281186852,-0.000899423005854813,-0.00630538581772333,0.04787215347546218,0.40144596651445963,0.0,12,incoming_final_layer_mean_head_attention_mass,51921e4ea0232b06b99860ecbd7d45ce373d9215082c3d574d23dfc713e39f7f,28c2715fbc9b16a75dc7e849a907a807c5097918ff49a92fd0b76583533998a8,87c0cf2e0f6e4cf5cf1ed4a0f6eb27af0115a73f61e811e17185afa0d20e738e
0aaa7c8b0c525308,late,proof:0aaa7c8b0c525308:f06431b5179509e9d040f70d,24,simple_fork,WinningThreat,edge,60,897e41795fa2ff26e0355378cf8a5167b375d14ef03f185ae2be39fb7c1c6286,0.04910057699414519,0.05,0.05521239586559886,-0.000899423005854813,-0.006111818871453671,0.04787215347546218,0.40144596651445963,0.0,12,incoming_final_layer_mean_head_attention_mass,a34bfeae96b6496eb4fe79b786b42d5e2185c0a1393c47b2a1c8fdb191445718,28c2715fbc9b16a75dc7e849a907a807c5097918ff49a92fd0b76583533998a8,87c0cf2e0f6e4cf5cf1ed4a0f6eb27af0115a73f61e811e17185afa0d20e738e
0aaa7c8b0c525308,late,proof:0aaa7c8b0c525308:f06431b5179509e9d040f70d,24,simple_fork,TacticalLineWindow,edge,60,897e41795fa2ff26e0355378cf8a5167b375d14ef03f185ae2be39fb7c1c6286,0.04910057699414519,0.05,0.05348076062328949,-0.000899423005854813,-0.004380183629144302,0.04787215347546218,0.40144596651445963,0.0,12,incoming_final_layer_mean_head_attention_mass,a34bfeae96b6496eb4fe79b786b42d5e2185c0a1393c47b2a1c8fdb191445718,28c2715fbc9b16a75dc7e849a907a807c5097918ff49a92fd0b76583533998a8,87c0cf2e0f6e4cf5cf1ed4a0f6eb27af0115a73f61e811e17185afa0d20e738e
0aaa7c8b0c525308,late,proof:0aaa7c8b0c525308:f06431b5179509e9d040f70d,24,simple_fork,CompletionCell,node,60,897e41795fa2ff26e0355378cf8a5167b375d14ef03f185ae2be39fb7c1c6286,0.05714285745228432,0.05714285714285714,0.05558035716993558,3.0942717832438404e-10,0.001562500282348736,0.26666666666666666,0.8428571428571429,0.0,2,incoming_final_layer_mean_head_attention_mass,a34bfeae96b6496eb4fe79b786b42d5e2185c0a1393c47b2a1c8fdb191445718,28c2715fbc9b16a75dc7e849a907a807c5097918ff49a92fd0b76583533998a8,87c0cf2e0f6e4cf5cf1ed4a0f6eb27af0115a73f61e811e17185afa0d20e738e
0aaa7c8b0c525308,late,proof:0aaa7c8b0c525308:f06431b5179509e9d040f70d,24,simple_fork,ProofSupportedGeometry,edge,60,897e41795fa2ff26e0355378cf8a5167b375d14ef03f185ae2be39fb7c1c6286,0.04910057699414519,0.05,0.053852345907491925,-0.000899423005854813,-0.004751768913346735,0.04787215347546218,0.40144596651445963,0.0,12,incoming_final_layer_mean_head_attention_mass,a34bfeae96b6496eb4fe79b786b42d5e2185c0a1393c47b2a1c8fdb191445718,28c2715fbc9b16a75dc7e849a907a807c5097918ff49a92fd0b76583533998a8,87c0cf2e0f6e4cf5cf1ed4a0f6eb27af0115a73f61e811e17185afa0d20e738e
d83a5c8ba6bc761e,late,proof:d83a5c8ba6bc761e:0262ef99f03f774954bbd031,34,simple_fork,WinningThreat,edge,60,897e41795fa2ff26e0355378cf8a5167b375d14ef03f185ae2be39fb7c1c6286,0.04907439645840494,0.05,0.05527007307124186,-0.0009256035415950645,-0.006195676612836924,0.048149286454048944,0.4010654490106545,0.0,12,incoming_final_layer_mean_head_attention_mass,1579cb7cbbaaf527032b00280ec2da919c600c6ee47a817c3aa1158d077f52f8,28c2715fbc9b16a75dc7e849a907a807c5097918ff49a92fd0b76583533998a8,87c0cf2e0f6e4cf5cf1ed4a0f6eb27af0115a73f61e811e17185afa0d20e738e
d83a5c8ba6bc761e,late,proof:d83a5c8ba6bc761e:0262ef99f03f774954bbd031,34,simple_fork,TacticalLineWindow,edge,60,897e41795fa2ff26e0355378cf8a5167b375d14ef03f185ae2be39fb7c1c6286,0.04907439645840494,0.05,0.05509855678614458,-0.0009256035415950645,-0.006024160327739642,0.048149286454048944,0.4010654490106545,0.0,12,incoming_final_layer_mean_head_attention_mass,1579cb7cbbaaf527032b00280ec2da919c600c6ee47a817c3aa1158d077f52f8,28c2715fbc9b16a75dc7e849a907a807c5097918ff49a92fd0b76583533998a8,87c0cf2e0f6e4cf5cf1ed4a0f6eb27af0115a73f61e811e17185afa0d20e738e
d83a5c8ba6bc761e,late,proof:d83a5c8ba6bc761e:0262ef99f03f774954bbd031,34,simple_fork,CompletionCell,node,60,897e41795fa2ff26e0355378cf8a5167b375d14ef03f185ae2be39fb7c1c6286,0.05714285755720065,0.05714285714285714,0.05602678565290039,4.143435108905358e-10,0.0011160719043002629,0.6666666666666666,0.9285714285714286,0.5,2,incoming_final_layer_mean_head_attention_mass,1579cb7cbbaaf527032b00280ec2da919c600c6ee47a817c3aa1158d077f52f8,28c2715fbc9b16a75dc7e849a907a807c5097918ff49a92fd0b76583533998a8,87c0cf2e0f6e4cf5cf1ed4a0f6eb27af0115a73f61e811e17185afa0d20e738e
d83a5c8ba6bc761e,late,proof:d83a5c8ba6bc761e:0262ef99f03f774954bbd031,34,simple_fork,ProofSupportedGeometry,edge,60,897e41795fa2ff26e0355378cf8a5167b375d14ef03f185ae2be39fb7c1c6286,0.04907439645840494,0.05,0.05394827888716526,-0.0009256035415950645,-0.004873882428760322,0.048149286454048944,0.4010654490106545,0.0,12,incoming_final_layer_mean_head_attention_mass,1579cb7cbbaaf527032b00280ec2da919c600c6ee47a817c3aa1158d077f52f8,28c2715fbc9b16a75dc7e849a907a807c5097918ff49a92fd0b76583533998a8,87c0cf2e0f6e4cf5cf1ed4a0f6eb27af0115a73f61e811e17185afa0d20e738e
d83a5c8ba6bc761e,late,proof:d83a5c8ba6bc761e:0ea340a51fc01f4b8e85df7b,20,immediate_win|winning_line,WinningThreat,edge,60,897e41795fa2ff26e0355378cf8a5167b375d14ef03f185ae2be39fb7c1c6286,0.0241627139011646,0.025,0.02727011775064407,-0.0008372860988354013,-0.003107403849479471,0.031295821684283805,0.39954337899543374,0.0,6,incoming_final_layer_mean_head_attention_mass,ec5504cbf36b258ea268b9dcb41d506f455e60047a4ed26e46df8ccac4c4393d,28c2715fbc9b16a75dc7e849a907a807c5097918ff49a92fd0b76583533998a8,87c0cf2e0f6e4cf5cf1ed4a0f6eb27af0115a73f61e811e17185afa0d20e738e
d83a5c8ba6bc761e,late,proof:d83a5c8ba6bc761e:0ea340a51fc01f4b8e85df7b,20,immediate_win|winning_line,TacticalLineWindow,edge,60,897e41795fa2ff26e0355378cf8a5167b375d14ef03f185ae2be39fb7c1c6286,0.0241627139011646,0.025,0.02684863332502768,-0.0008372860988354013,-0.0026859194238630785,0.031295821684283805,0.39954337899543374,0.0,6,incoming_final_layer_mean_head_attention_mass,ec5504cbf36b258ea268b9dcb41d506f455e60047a4ed26e46df8ccac4c4393d,28c2715fbc9b16a75dc7e849a907a807c5097918ff49a92fd0b76583533998a8,87c0cf2e0f6e4cf5cf1ed4a0f6eb27af0115a73f61e811e17185afa0d20e738e
d83a5c8ba6bc761e,late,proof:d83a5c8ba6bc761e:0ea340a51fc01f4b8e85df7b,20,immediate_win|winning_line,CompletionCell,node,60,897e41795fa2ff26e0355378cf8a5167b375d14ef03f185ae2be39fb7c1c6286,0.028571428712077285,0.02857142857142857,0.027901785694061522,1.4064871489694042e-10,0.0006696430180157635,0.16666666666666666,0.8571428571428571,0.0,1,incoming_final_layer_mean_head_attention_mass,ec5504cbf36b258ea268b9dcb41d506f455e60047a4ed26e46df8ccac4c4393d,28c2715fbc9b16a75dc7e849a907a807c5097918ff49a92fd0b76583533998a8,87c0cf2e0f6e4cf5cf1ed4a0f6eb27af0115a73f61e811e17185afa0d20e738e
d83a5c8ba6bc761e,late,proof:d83a5c8ba6bc761e:0ea340a51fc01f4b8e85df7b,20,immediate_win|winning_line,ProofSupportedGeometry,edge,60,897e41795fa2ff26e0355378cf8a5167b375d14ef03f185ae2be39fb7c1c6286,0.0241627139011646,0.025,0.0282109099360709,-0.0008372860988354013,-0.0040481960349063005,0.031295821684283805,0.39954337899543374,0.0,6,incoming_final_layer_mean_head_attention_mass,ec5504cbf36b258ea268b9dcb41d506f455e60047a4ed26e46df8ccac4c4393d,28c2715fbc9b16a75dc7e849a907a807c5097918ff49a92fd0b76583533998a8,87c0cf2e0f6e4cf5cf1ed4a0f6eb27af0115a73f61e811e17185afa0d20e738e
d83a5c8ba6bc761e,late,proof:d83a5c8ba6bc761e:0fce4db0ab419547fe5da31c,18,simple_fork,WinningThreat,edge,60,897e41795fa2ff26e0355378cf8a5167b375d14ef03f185ae2be39fb7c1c6286,0.04907439645840494,0.05,0.05448100476011434,-0.0009256035415950645,-0.005406608301709401,0.048149286454048944,0.4010654490106545,0.0,12,incoming_final_layer_mean_head_attention_mass,66b7aee2015e6a648d54d876fccea2188599dece8eff501873717aa53617a750,28c2715fbc9b16a75dc7e849a907a807c5097918ff49a92fd0b76583533998a8,87c0cf2e0f6e4cf5cf1ed4a0f6eb27af0115a73f61e811e17185afa0d20e738e
d83a5c8ba6bc761e,late,proof:d83a5c8ba6bc761e:0fce4db0ab419547fe5da31c,18,simple_fork,TacticalLineWindow,edge,60,897e41795fa2ff26e0355378cf8a5167b375d14ef03f185ae2be39fb7c1c6286,0.04907439645840494,0.05,0.055733925228383704,-0.0009256035415950645,-0.006659528769978766,0.048149286454048944,0.4010654490106545,0.0,12,incoming_final_layer_mean_head_attention_mass,66b7aee2015e6a648d54d876fccea2188599dece8eff501873717aa53617a750,28c2715fbc9b16a75dc7e849a907a807c5097918ff49a92fd0b76583533998a8,87c0cf2e0f6e4cf5cf1ed4a0f6eb27af0115a73f61e811e17185afa0d20e738e
d83a5c8ba6bc761e,late,proof:d83a5c8ba6bc761e:0fce4db0ab419547fe5da31c,18,simple_fork,CompletionCell,node,60,897e41795fa2ff26e0355378cf8a5167b375d14ef03f185ae2be39fb7c1c6286,0.05714285755720065,0.05714285714285714,0.05513392857799178,4.143435108905358e-10,0.002008928979208874,0.6666666666666666,0.9285714285714286,0.5,2,incoming_final_layer_mean_head_attention_mass,66b7aee2015e6a648d54d876fccea2188599dece8eff501873717aa53617a750,28c2715fbc9b16a75dc7e849a907a807c5097918ff49a92fd0b76583533998a8,87c0cf2e0f6e4cf5cf1ed4a0f6eb27af0115a73f61e811e17185afa0d20e738e
d83a5c8ba6bc761e,late,proof:d83a5c8ba6bc761e:0fce4db0ab419547fe5da31c,18,simple_fork,ProofSupportedGeometry,edge,60,897e41795fa2ff26e0355378cf8a5167b375d14ef03f185ae2be39fb7c1c6286,0.04907439645840494,0.05,0.0539467631929376,-0.0009256035415950645,-0.00487236673453266,0.048149286454048944,0.4010654490106545,0.0,12,incoming_final_layer_mean_head_attention_mass,66b7aee2015e6a648d54d876fccea2188599dece8eff501873717aa53617a750,28c2715fbc9b16a75dc7e849a907a807c5097918ff49a92fd0b76583533998a8,87c0cf2e0f6e4cf5cf1ed4a0f6eb27af0115a73f61e811e17185afa0d20e738e
d83a5c8ba6bc761e,late,proof:d83a5c8ba6bc761e:148d965a53098b33691bac68,7,simple_fork,WinningThreat,edge,60,897e41795fa2ff26e0355378cf8a5167b375d14ef03f185ae2be39fb7c1c6286,0.04907439645840494,0.05,0.05586576675689129,-0.0009256035415950645,-0.006791370298486352,0.048149286454048944,0.4010654490106545,0.0,12,incoming_final_layer_mean_head_attention_mass,448e1c6ec90546720d1b6fc2a81ff58b03f32ecf6a6659243514d2cfa236b01f,28c2715fbc9b16a75dc7e849a907a807c5097918ff49a92fd0b76583533998a8,87c0cf2e0f6e4cf5cf1ed4a0f6eb27af0115a73f61e811e17185afa0d20e738e
d83a5c8ba6bc761e,late,proof:d83a5c8ba6bc761e:148d965a53098b33691bac68,7,simple_fork,TacticalLineWindow,edge,60,897e41795fa2ff26e0355378cf8a5167b375d14ef03f185ae2be39fb7c1c6286,0.04907439645840494,0.05,0.053636608284507864,-0.0009256035415950645,-0.004562211826102926,0.048149286454048944,0.4010654490106545,0.0,12,incoming_final_layer_mean_head_attention_mass,448e1c6ec90546720d1b6fc2a81ff58b03f32ecf6a6659243514d2cfa236b01f,28c2715fbc9b16a75dc7e849a907a807c5097918ff49a92fd0b76583533998a8,87c0cf2e0f6e4cf5cf1ed4a0f6eb27af0115a73f61e811e17185afa0d20e738e
d83a5c8ba6bc761e,late,proof:d83a5c8ba6bc761e:148d965a53098b33691bac68,7,simple_fork,CompletionCell,node,60,897e41795fa2ff26e0355378cf8a5167b375d14ef03f185ae2be39fb7c1c6286,0.05714285755720065,0.05714285714285714,0.05625000004407152,4.143435108905358e-10,0.0008928575131291333,0.6666666666666666,0.9285714285714286,0.5,2,incoming_final_layer_mean_head_attention_mass,448e1c6ec90546720d1b6fc2a81ff58b03f32ecf6a6659243514d2cfa236b01f,28c2715fbc9b16a75dc7e849a907a807c5097918ff49a92fd0b76583533998a8,87c0cf2e0f6e4cf5cf1ed4a0f6eb27af0115a73f61e811e17185afa0d20e738e
d83a5c8ba6bc761e,late,proof:d83a5c8ba6bc761e:148d965a53098b33691bac68,7,simple_fork,ProofSupportedGeometry,edge,60,897e41795fa2ff26e0355378cf8a5167b375d14ef03f185ae2be39fb7c1c6286,0.04907439645840494,0.05,0.05513028228131237,-0.0009256035415950645,-0.006055885822907434,0.048149286454048944,0.4010654490106545,0.0,12,incoming_final_layer_mean_head_attention_mass,448e1c6ec90546720d1b6fc2a81ff58b03f32ecf6a6659243514d2cfa236b01f,28c2715fbc9b16a75dc7e849a907a807c5097918ff49a92fd0b76583533998a8,87c0cf2e0f6e4cf5cf1ed4a0f6eb27af0115a73f61e811e17185afa0d20e738e
d83a5c8ba6bc761e,late,proof:d83a5c8ba6bc761e:20a5a6149819c14950a4baaf,19,simple_fork,WinningThreat,edge,60,897e41795fa2ff26e0355378cf8a5167b375d14ef03f185ae2be39fb7c1c6286,0.04907439645840494,0.05,0.0550168376133133,-0.0009256035415950645,-0.005942441154908364,0.048149286454048944,0.4010654490106545,0.0,12,incoming_final_layer_mean_head_attention_mass,cd664125da655ec40f9b5ee191e8a0f58bfb444508bd8976968561d0061cdd01,28c2715fbc9b16a75dc7e849a907a807c5097918ff49a92fd0b76583533998a8,87c0cf2e0f6e4cf5cf1ed4a0f6eb27af0115a73f61e811e17185afa0d20e738e
d83a5c8ba6bc761e,late,proof:d83a5c8ba6bc761e:20a5a6149819c14950a4baaf,19,simple_fork,TacticalLineWindow,edge,60,897e41795fa2ff26e0355378cf8a5167b375d14ef03f185ae2be39fb7c1c6286,0.04907439645840494,0.05,0.054779800816053395,-0.0009256035415950645,-0.005705404357648457,0.048149286454048944,0.4010654490106545,0.0,12,incoming_final_layer_mean_head_attention_mass,cd664125da655ec40f9b5ee191e8a0f58bfb444508bd8976968561d0061cdd01,28c2715fbc9b16a75dc7e849a907a807c5097918ff49a92fd0b76583533998a8,87c0cf2e0f6e4cf5cf1ed4a0f6eb27af0115a73f61e811e17185afa0d20e738e
d83a5c8ba6bc761e,late,proof:d83a5c8ba6bc761e:20a5a6149819c14950a4baaf,19,simple_fork,CompletionCell,node,60,897e41795fa2ff26e0355378cf8a5167b375d14ef03f185ae2be39fb7c1c6286,0.05714285755720065,0.05714285714285714,0.054910714287436754,4.143435108905358e-10,0.0022321432697638977,0.6666666666666666,0.9285714285714286,0.5,2,incoming_final_layer_mean_head_attention_mass,cd664125da655ec40f9b5ee191e8a0f58bfb444508bd8976968561d0061cdd01,28c2715fbc9b16a75dc7e849a907a807c5097918ff49a92fd0b76583533998a8,87c0cf2e0f6e4cf5cf1ed4a0f6eb27af0115a73f61e811e17185afa0d20e738e
d83a5c8ba6bc761e,late,proof:d83a5c8ba6bc761e:20a5a6149819c14950a4baaf,19,simple_fork,ProofSupportedGeometry,edge,60,897e41795fa2ff26e0355378cf8a5167b375d14ef03f185ae2be39fb7c1c6286,0.04907439645840494,0.05,0.05383302589340733,-0.0009256035415950645,-0.004758629435002389,0.048149286454048944,0.4010654490106545,0.0,12,incoming_final_layer_mean_head_attention_mass,cd664125da655ec40f9b5ee191e8a0f58bfb444508bd8976968561d0061cdd01,28c2715fbc9b16a75dc7e849a907a807c5097918ff49a92fd0b76583533998a8,87c0cf2e0f6e4cf5cf1ed4a0f6eb27af0115a73f61e811e17185afa0d20e738e
d83a5c8ba6bc761e,late,proof:d83a5c8ba6bc761e:26a5c8fd3e461ce948cdf98c,32,simple_fork,WinningThreat,edge,60,897e41795fa2ff26e0355378cf8a5167b375d14ef03f185ae2be39fb7c1c6286,0.04907439645840494,0.05,0.054284228430705524,-0.0009256035415950645,-0.005209831972300585,0.048149286454048944,0.4010654490106545,0.0,12,incoming_final_layer_mean_head_attention_mass,2670c3ae153f270b2579f6487da95f0dc02b64125bff51e19a97369928eb9917,28c2715fbc9b16a75dc7e849a907a807c5097918ff49a92fd0b76583533998a8,87c0cf2e0f6e4cf5cf1ed4a0f6eb27af0115a73f61e811e17185afa0d20e738e
d83a5c8ba6bc761e,late,proof:d83a5c8ba6bc761e:26a5c8fd3e461ce948cdf98c,32,simple_fork,TacticalLineWindow,edge,60,897e41795fa2ff26e0355378cf8a5167b375d14ef03f185ae2be39fb7c1c6286,0.04907439645840494,0.05,0.0548115415807537,-0.0009256035415950645,-0.005737145122348762,0.048149286454048944,0.4010654490106545,0.0,12,incoming_final_layer_mean_head_attention_mass,2670c3ae153f270b2579f6487da95f0dc02b64125bff51e19a97369928eb9917,28c2715fbc9b16a75dc7e849a907a807c5097918ff49a92fd0b76583533998a8,87c0cf2e0f6e4cf5cf1ed4a0f6eb27af0115a73f61e811e17185afa0d20e738e
d83a5c8ba6bc761e,late,proof:d83a5c8ba6bc761e:26a5c8fd3e461ce948cdf98c,32,simple_fork,CompletionCell,node,60,897e41795fa2ff26e0355378cf8a5167b375d14ef03f185ae2be39fb7c1c6286,0.05714285755720065,0.05714285714285714,0.05602678569447729,4.143435108905358e-10,0.0011160718627233612,0.6666666666666666,0.9285714285714286,0.5,2,incoming_final_layer_mean_head_attention_mass,2670c3ae153f270b2579f6487da95f0dc02b64125bff51e19a97369928eb9917,28c2715fbc9b16a75dc7e849a907a807c5097918ff49a92fd0b76583533998a8,87c0cf2e0f6e4cf5cf1ed4a0f6eb27af0115a73f61e811e17185afa0d20e738e
d83a5c8ba6bc761e,late,proof:d83a5c8ba6bc761e:26a5c8fd3e461ce948cdf98c,32,simple_fork,ProofSupportedGeometry,edge,60,897e41795fa2ff26e0355378cf8a5167b375d14ef03f185ae2be39fb7c1c6286,0.04907439645840494,0.05,0.05381288528355046,-0.0009256035415950645,-0.00473848882514552,0.048149286454048944,0.4010654490106545,0.0,12,incoming_final_layer_mean_head_attention_mass,2670c3ae153f270b2579f6487da95f0dc02b64125bff51e19a97369928eb9917,28c2715fbc9b16a75dc7e849a907a807c5097918ff49a92fd0b76583533998a8,87c0cf2e0f6e4cf5cf1ed4a0f6eb27af0115a73f61e811e17185afa0d20e738e
d83a5c8ba6bc761e,late,proof:d83a5c8ba6bc761e:276609e0d405152ebf141687,26,simple_fork,WinningThreat,edge,60,897e41795fa2ff26e0355378cf8a5167b375d14ef03f185ae2be39fb7c1c6286,0.04907439645840494,0.05,0.053446267193684706,-0.0009256035415950645,-0.0043718707352797676,0.048149286454048944,0.4010654490106545,0.0,12,incoming_final_layer_mean_head_attention_mass,a790aa4f73550a75da9b9e4ffc42c25c224cd818afb9b2764a49b2a31baa1e48,28c2715fbc9b16a75dc7e849a907a807c5097918ff49a92fd0b76583533998a8,87c0cf2e0f6e4cf5cf1ed4a0f6eb27af0115a73f61e811e17185afa0d20e738e
d83a5c8ba6bc761e,late,proof:d83a5c8ba6bc761e:276609e0d405152ebf141687,26,simple_fork,TacticalLineWindow,edge,60,897e41795fa2ff26e0355378cf8a5167b375d14ef03f185ae2be39fb7c1c6286,0.04907439645840494,0.05,0.0552110856530582,-0.0009256035415950645,-0.0061366891946532595,0.048149286454048944,0.4010654490106545,0.0,12,incoming_final_layer_mean_head_attention_mass,a790aa4f73550a75da9b9e4ffc42c25c224cd818afb9b2764a49b2a31baa1e48,28c2715fbc9b16a75dc7e849a907a807c5097918ff49a92fd0b76583533998a8,87c0cf2e0f6e4cf5cf1ed4a0f6eb27af0115a73f61e811e17185afa0d20e738e
d83a5c8ba6bc761e,late,proof:d83a5c8ba6bc761e:276609e0d405152ebf141687,26,simple_fork,CompletionCell,node,60,897e41795fa2ff26e0355378cf8a5167b375d14ef03f185ae2be39fb7c1c6286,0.05714285755720065,0.05714285714285714,0.055133928570507945,4.143435108905358e-10,0.002008928986692707,0.6666666666666666,0.9285714285714286,0.5,2,incoming_final_layer_mean_head_attention_mass,a790aa4f73550a75da9b9e4ffc42c25c224cd818afb9b2764a49b2a31baa1e48,28c2715fbc9b16a75dc7e849a907a807c5097918ff49a92fd0b76583533998a8,87c0cf2e0f6e4cf5cf1ed4a0f6eb27af0115a73f61e811e17185afa0d20e738e
d83a5c8ba6bc761e,late,proof:d83a5c8ba6bc761e:276609e0d405152ebf141687,26,simple_fork,ProofSupportedGeometry,edge,60,897e41795fa2ff26e0355378cf8a5167b375d14ef03f185ae2be39fb7c1c6286,0.04907439645840494,0.05,0.05302745200591996,-0.0009256035415950645,-0.003953055547515023,0.048149286454048944,0.4010654490106545,0.0,12,incoming_final_layer_mean_head_attention_mass,a790aa4f73550a75da9b9e4ffc42c25c224cd818afb9b2764a49b2a31baa1e48,28c2715fbc9b16a75dc7e849a907a807c5097918ff49a92fd0b76583533998a8,87c0cf2e0f6e4cf5cf1ed4a0f6eb27af0115a73f61e811e17185afa0d20e738e
d83a5c8ba6bc761e,late,proof:d83a5c8ba6bc761e:42dfb5f53670ebbc41bae98a,21,immediate_win|winning_line,WinningThreat,edge,60,897e41795fa2ff26e0355378cf8a5167b375d14ef03f185ae2be39fb7c1c6286,0.024911682557240338,0.025,0.027439805042936728,-8.831744275966322e-05,-0.00252812248569639,0.025067278265835043,0.40258751902587514,0.0,6,incoming_final_layer_mean_head_attention_mass,e452200ac94b7f5639c65ca97082a46b3fd0a1949a665c2d162c74c16e3dc2e1,28c2715fbc9b16a75dc7e849a907a807c5097918ff49a92fd0b76583533998a8,87c0cf2e0f6e4cf5cf1ed4a0f6eb27af0115a73f61e811e17185afa0d20e738e
d83a5c8ba6bc761e,late,proof:d83a5c8ba6bc761e:42dfb5f53670ebbc41bae98a,21,immediate_win|winning_line,TacticalLineWindow,edge,60,897e41795fa2ff26e0355378cf8a5167b375d14ef03f185ae2be39fb7c1c6286,0.024911682557240338,0.025,0.028197145504812348,-8.831744275966322e-05,-0.00328546294757201,0.025067278265835043,0.40258751902587514,0.0,6,incoming_final_layer_mean_head_attention_mass,e452200ac94b7f5639c65ca97082a46b3fd0a1949a665c2d162c74c16e3dc2e1,28c2715fbc9b16a75dc7e849a907a807c5097918ff49a92fd0b76583533998a8,87c0cf2e0f6e4cf5cf1ed4a0f6eb27af0115a73f61e811e17185afa0d20e738e
d83a5c8ba6bc761e,late,proof:d83a5c8ba6bc761e:42dfb5f53670ebbc41bae98a,21,immediate_win|winning_line,CompletionCell,node,60,897e41795fa2ff26e0355378cf8a5167b375d14ef03f185ae2be39fb7c1c6286,0.02857142884512337,0.02857142857142857,0.028348214294296945,2.736947994630423e-10,0.0002232145508264255,1.0,1.0,1.0,1,incoming_final_layer_mean_head_attention_mass,e452200ac94b7f5639c65ca97082a46b3fd0a1949a665c2d162c74c16e3dc2e1,28c2715fbc9b16a75dc7e849a907a807c5097918ff49a92fd0b76583533998a8,87c0cf2e0f6e4cf5cf1ed4a0f6eb27af0115a73f61e811e17185afa0d20e738e
d83a5c8ba6bc761e,late,proof:d83a5c8ba6bc761e:42dfb5f53670ebbc41bae98a,21,immediate_win|winning_line,ProofSupportedGeometry,edge,60,897e41795fa2ff26e0355378cf8a5167b375d14ef03f185ae2be39fb7c1c6286,0.024911682557240338,0.025,0.026666266514110602,-8.831744275966322e-05,-0.0017545839568702641,0.025067278265835043,0.40258751902587514,0.0,6,incoming_final_layer_mean_head_attention_mass,e452200ac94b7f5639c65ca97082a46b3fd0a1949a665c2d162c74c16e3dc2e1,28c2715fbc9b16a75dc7e849a907a807c5097918ff49a92fd0b76583533998a8,87c0cf2e0f6e4cf5cf1ed4a0f6eb27af0115a73f61e811e17185afa0d20e738e
d83a5c8ba6bc761e,late,proof:d83a5c8ba6bc761e:49e013840a768901ae56c881,14,simple_fork,WinningThreat,edge,60,897e41795fa2ff26e0355378cf8a5167b375d14ef03f185ae2be39fb7c1c6286,0.04907439645840494,0.05,0.05569867565765666,-0.0009256035415950645,-0.006624279199251723,0.048149286454048944,0.4010654490106545,0.0,12,incoming_final_layer_mean_head_attention_mass,021a3054015d76bc848649cadb3d15e1b57c236551a30f674440c59d86519b52,28c2715fbc9b16a75dc7e849a907a807c5097918ff49a92fd0b76583533998a8,87c0cf2e0f6e4cf5cf1ed4a0f6eb27af0115a73f61e811e17185afa0d20e738e
d83a5c8ba6bc761e,late,proof:d83a5c8ba6bc761e:49e013840a768901ae56c881,14,simple_fork,TacticalLineWindow,edge,60,897e41795fa2ff26e0355378cf8a5167b375d14ef03f185ae2be39fb7c1c6286,0.04907439645840494,0.05,0.05226250313171685,-0.0009256035415950645,-0.0031881066733119093,0.048149286454048944,0.4010654490106545,0.0,12,incoming_final_layer_mean_head_attention_mass,021a3054015d76bc848649cadb3d15e1b57c236551a30f674440c59d86519b52,28c2715fbc9b16a75dc7e849a907a807c5097918ff49a92fd0b76583533998a8,87c0cf2e0f6e4cf5cf1ed4a0f6eb27af0115a73f61e811e17185afa0d20e738e
d83a5c8ba6bc761e,late,proof:d83a5c8ba6bc761e:49e013840a768901ae56c881,14,simple_fork,CompletionCell,node,60,897e41795fa2ff26e0355378cf8a5167b375d14ef03f185ae2be39fb7c1c6286,0.05714285755720065,0.05714285714285714,0.055357142897650646,4.143435108905358e-10,0.0017857146595500056,0.6666666666666666,0.9285714285714286,0.5,2,incoming_final_layer_mean_head_attention_mass,021a3054015d76bc848649cadb3d15e1b57c236551a30f674440c59d86519b52,28c2715fbc9b16a75dc7e849a907a807c5097918ff49a92fd0b76583533998a8,87c0cf2e0f6e4cf5cf1ed4a0f6eb27af0115a73f61e811e17185afa0d20e738e
d83a5c8ba6bc761e,late,proof:d83a5c8ba6bc761e:49e013840a768901ae56c881,14,simple_fork,ProofSupportedGeometry,edge,60,897e41795fa2ff26e0355378cf8a5167b375d14ef03f185ae2be39fb7c1c6286,0.04907439645840494,0.05,0.05280934445306569,-0.0009256035415950645,-0.003734947994660752,0.048149286454048944,0.4010654490106545,0.0,12,incoming_final_layer_mean_head_attention_mass,021a3054015d76bc848649cadb3d15e1b57c236551a30f674440c59d86519b52,28c2715fbc9b16a75dc7e849a907a807c5097918ff49a92fd0b76583533998a8,87c0cf2e0f6e4cf5cf1ed4a0f6eb27af0115a73f61e811e17185afa0d20e738e
d83a5c8ba6bc761e,late,proof:d83a5c8ba6bc761e:59876e5489df618306458bcc,30,simple_fork,WinningThreat,edge,60,897e41795fa2ff26e0355378cf8a5167b375d14ef03f185ae2be39fb7c1c6286,0.04907439645840494,0.05,0.05495088723923819,-0.0009256035415950645,-0.00587649078083325,0.048149286454048944,0.4010654490106545,0.0,12,incoming_final_layer_mean_head_attention_mass,6367ae71ae48c46c09a68a3d8526f4a1b0b50ff007c54213b63ef55455b3d3df,28c2715fbc9b16a75dc7e849a907a807c5097918ff49a92fd0b76583533998a8,87c0cf2e0f6e4cf5cf1ed4a0f6eb27af0115a73f61e811e17185afa0d20e738e
d83a5c8ba6bc761e,late,proof:d83a5c8ba6bc761e:59876e5489df618306458bcc,30,simple_fork,TacticalLineWindow,edge,60,897e41795fa2ff26e0355378cf8a5167b375d14ef03f185ae2be39fb7c1c6286,0.04907439645840494,0.05,0.05414792175927072,-0.0009256035415950645,-0.005073525300865779,0.048149286454048944,0.4010654490106545,0.0,12,incoming_final_layer_mean_head_attention_mass,6367ae71ae48c46c09a68a3d8526f4a1b0b50ff007c54213b63ef55455b3d3df,28c2715fbc9b16a75dc7e849a907a807c5097918ff49a92fd0b76583533998a8,87c0cf2e0f6e4cf5cf1ed4a0f6eb27af0115a73f61e811e17185afa0d20e738e
d83a5c8ba6bc761e,late,proof:d83a5c8ba6bc761e:59876e5489df618306458bcc,30,simple_fork,CompletionCell,node,60,897e41795fa2ff26e0355378cf8a5167b375d14ef03f185ae2be39fb7c1c6286,0.05714285755720065,0.05714285714285714,0.056249999992516155,4.143435108905358e-10,0.0008928575646844975,0.6666666666666666,0.9285714285714286,0.5,2,incoming_final_layer_mean_head_attention_mass,6367ae71ae48c46c09a68a3d8526f4a1b0b50ff007c54213b63ef55455b3d3df,28c2715fbc9b16a75dc7e849a907a807c5097918ff49a92fd0b76583533998a8,87c0cf2e0f6e4cf5cf1ed4a0f6eb27af0115a73f61e811e17185afa0d20e738e
d83a5c8ba6bc761e,late,proof:d83a5c8ba6bc761e:59876e5489df618306458bcc,30,simple_fork,ProofSupportedGeometry,edge,60,897e41795fa2ff26e0355378cf8a5167b375d14ef03f185ae2be39fb7c1c6286,0.04907439645840494,0.05,0.054836081188846586,-0.0009256035415950645,-0.005761684730441648,0.048149286454048944,0.4010654490106545,0.0,12,incoming_final_layer_mean_head_attention_mass,6367ae71ae48c46c09a68a3d8526f4a1b0b50ff007c54213b63ef55455b3d3df,28c2715fbc9b16a75dc7e849a907a807c5097918ff49a92fd0b76583533998a8,87c0cf2e0f6e4cf5cf1ed4a0f6eb27af0115a73f61e811e17185afa0d20e738e
d83a5c8ba6bc761e,late,proof:d83a5c8ba6bc761e:6164ae5ab536c1a3ea8d3b46,23,simple_fork,WinningThreat,edge,60,897e41795fa2ff26e0355378cf8a5167b375d14ef03f185ae2be39fb7c1c6286,0.04907439645840494,0.05,0.05489657514685593,-0.0009256035415950645,-0.005822178688450995,0.048149286454048944,0.4010654490106545,0.0,12,incoming_final_layer_mean_head_attention_mass,55db6d1f9bea732dd2b372fbf67f8773be0215ea7853111c05cc5ef9370a72be,28c2715fbc9b16a75dc7e849a907a807c5097918ff49a92fd0b76583533998a8,87c0cf2e0f6e4cf5cf1ed4a0f6eb27af0115a73f61e811e17185afa0d20e738e
d83a5c8ba6bc761e,late,proof:d83a5c8ba6bc761e:6164ae5ab536c1a3ea8d3b46,23,simple_fork,TacticalLineWindow,edge,60,897e41795fa2ff26e0355378cf8a5167b375d14ef03f185ae2be39fb7c1c6286,0.04907439645840494,0.05,0.05340415109720337,-0.0009256035415950645,-0.004329754638798429,0.048149286454048944,0.4010654490106545,0.0,12,incoming_final_layer_mean_head_attention_mass,55db6d1f9bea732dd2b372fbf67f8773be0215ea7853111c05cc5ef9370a72be,28c2715fbc9b16a75dc7e849a907a807c5097918ff49a92fd0b76583533998a8,87c0cf2e0f6e4cf5cf1ed4a0f6eb27af0115a73f61e811e17185afa0d20e738e
d83a5c8ba6bc761e,late,proof:d83a5c8ba6bc761e:6164ae5ab536c1a3ea8d3b46,23,simple_fork,CompletionCell,node,60,897e41795fa2ff26e0355378cf8a5167b375d14ef03f185ae2be39fb7c1c6286,0.05714285755720065,0.05714285714285714,0.05535714290347141,4.143435108905358e-10,0.001785714653729245,0.6666666666666666,0.9285714285714286,0.5,2,incoming_final_layer_mean_head_attention_mass,55db6d1f9bea732dd2b372fbf67f8773be0215ea7853111c05cc5ef9370a72be,28c2715fbc9b16a75dc7e849a907a807c5097918ff49a92fd0b76583533998a8,87c0cf2e0f6e4cf5cf1ed4a0f6eb27af0115a73f61e811e17185afa0d20e738e
d83a5c8ba6bc761e,late,proof:d83a5c8ba6bc761e:6164ae5ab536c1a3ea8d3b46,23,simple_fork,ProofSupportedGeometry,edge,60,897e41795fa2ff26e0355378cf8a5167b375d14ef03f185ae2be39fb7c1c6286,0.04907439645840494,0.05,0.053437725236082104,-0.0009256035415950645,-0.004363328777677165,0.048149286454048944,0.4010654490106545,0.0,12,incoming_final_layer_mean_head_attention_mass,55db6d1f9bea732dd2b372fbf67f8773be0215ea7853111c05cc5ef9370a72be,28c2715fbc9b16a75dc7e849a907a807c5097918ff49a92fd0b76583533998a8,87c0cf2e0f6e4cf5cf1ed4a0f6eb27af0115a73f61e811e17185afa0d20e738e
d83a5c8ba6bc761e,late,proof:d83a5c8ba6bc761e:8fb093a6fecfc39bcfb98371,22,simple_fork,WinningThreat,edge,60,897e41795fa2ff26e0355378cf8a5167b375d14ef03f185ae2be39fb7c1c6286,0.04907439645840494,0.05,0.05337083488894305,-0.0009256035415950645,-0.004296438430538112,0.048149286454048944,0.4010654490106545,0.0,12,incoming_final_layer_mean_head_attention_mass,30fe9b63dc9c78882b3fcd1935400c85021f0c115bb64e655fe218bf049a2bb9,28c2715fbc9b16a75dc7e849a907a807c5097918ff49a92fd0b76583533998a8,87c0cf2e0f6e4cf5cf1ed4a0f6eb27af0115a73f61e811e17185afa0d20e738e
d83a5c8ba6bc761e,late,proof:d83a5c8ba6bc761e:8fb093a6fecfc39bcfb98371,22,simple_fork,TacticalLineWindow,edge,60,897e41795fa2ff26e0355378cf8a5167b375d14ef03f185ae2be39fb7c1c6286,0.04907439645840494,0.05,0.053985630002248215,-0.0009256035415950645,-0.004911233543843277,0.048149286454048944,0.4010654490106545,0.0,12,incoming_final_layer_mean_head_attention_mass,30fe9b63dc9c78882b3fcd1935400c85021f0c115bb64e655fe218bf049a2bb9,28c2715fbc9b16a75dc7e849a907a807c5097918ff49a92fd0b76583533998a8,87c0cf2e0f6e4cf5cf1ed4a0f6eb27af0115a73f61e811e17185afa0d20e738e
d83a5c8ba6bc761e,late,proof:d83a5c8ba6bc761e:8fb093a6fecfc39bcfb98371,22,simple_fork,CompletionCell,node,60,897e41795fa2ff26e0355378cf8a5167b375d14ef03f185ae2be39fb7c1c6286,0.05714285755720065,0.05714285714285714,0.05602678572773881,4.143435108905358e-10,0.0011160718294618427,0.6666666666666666,0.9285714285714286,0.5,2,incoming_final_layer_mean_head_attention_mass,30fe9b63dc9c78882b3fcd1935400c85021f0c115bb64e655fe218bf049a2bb9,28c2715fbc9b16a75dc7e849a907a807c5097918ff49a92fd0b76583533998a8,87c0cf2e0f6e4cf5cf1ed4a0f6eb27af0115a73f61e811e17185afa0d20e738e
d83a5c8ba6bc761e,late,proof:d83a5c8ba6bc761e:8fb093a6fecfc39bcfb98371,22,simple_fork,ProofSupportedGeometry,edge,60,897e41795fa2ff26e0355378cf8a5167b375d14ef03f185ae2be39fb7c1c6286,0.04907439645840494,0.05,0.053519419224121595,-0.0009256035415950645,-0.004445022765716657,0.048149286454048944,0.4010654490106545,0.0,12,incoming_final_layer_mean_head_attention_mass,30fe9b63dc9c78882b3fcd1935400c85021f0c115bb64e655fe218bf049a2bb9,28c2715fbc9b16a75dc7e849a907a807c5097918ff49a92fd0b76583533998a8,87c0cf2e0f6e4cf5cf1ed4a0f6eb27af0115a73f61e811e17185afa0d20e738e
d83a5c8ba6bc761e,late,proof:d83a5c8ba6bc761e:9a98eaedab0ae3c0c00b019a,13,simple_fork,WinningThreat,edge,60,897e41795fa2ff26e0355378cf8a5167b375d14ef03f185ae2be39fb7c1c6286,0.04907439645840494,0.05,0.05317847878111495,-0.0009256035415950645,-0.0041040823227100134,0.048149286454048944,0.4010654490106545,0.0,12,incoming_final_layer_mean_head_attention_mass,110d4027d6fc6c212fa0ce682243844edf5a51ef5df2168b5034bffb6e6a28e8,28c2715fbc9b16a75dc7e849a907a807c5097918ff49a92fd0b76583533998a8,87c0cf2e0f6e4cf5cf1ed4a0f6eb27af0115a73f61e811e17185afa0d20e738e
d83a5c8ba6bc761e,late,proof:d83a5c8ba6bc761e:9a98eaedab0ae3c0c00b019a,13,simple_fork,TacticalLineWindow,edge,60,897e41795fa2ff26e0355378cf8a5167b375d14ef03f185ae2be39fb7c1c6286,0.04907439645840494,0.05,0.05424643385473743,-0.0009256035415950645,-0.005172037396332492,0.048149286454048944,0.4010654490106545,0.0,12,incoming_final_layer_mean_head_attention_mass,110d4027d6fc6c212fa0ce682243844edf5a51ef5df2168b5034bffb6e6a28e8,28c2715fbc9b16a75dc7e849a907a807c5097918ff49a92fd0b76583533998a8,87c0cf2e0f6e4cf5cf1ed4a0f6eb27af0115a73f61e811e17185afa0d20e738e
d83a5c8ba6bc761e,late,proof:d83a5c8ba6bc761e:9a98eaedab0ae3c0c00b019a,13,simple_fork,CompletionCell,node,60,897e41795fa2ff26e0355378cf8a5167b375d14ef03f185ae2be39fb7c1c6286,0.05714285755720065,0.05714285714285714,0.05535714286272604,4.143435108905358e-10,0.0017857146944746105,0.6666666666666666,0.9285714285714286,0.5,2,incoming_final_layer_mean_head_attention_mass,110d4027d6fc6c212fa0ce682243844edf5a51ef5df2168b5034bffb6e6a28e8,28c2715fbc9b16a75dc7e849a907a807c5097918ff49a92fd0b76583533998a8,87c0cf2e0f6e4cf5cf1ed4a0f6eb27af0115a73f61e811e17185afa0d20e738e
d83a5c8ba6bc761e,late,proof:d83a5c8ba6bc761e:9a98eaedab0ae3c0c00b019a,13,simple_fork,ProofSupportedGeometry,edge,60,897e41795fa2ff26e0355378cf8a5167b375d14ef03f185ae2be39fb7c1c6286,0.04907439645840494,0.05,0.05510801532065761,-0.0009256035415950645,-0.00603361886225267,0.048149286454048944,0.4010654490106545,0.0,12,incoming_final_layer_mean_head_attention_mass,110d4027d6fc6c212fa0ce682243844edf5a51ef5df2168b5034bffb6e6a28e8,28c2715fbc9b16a75dc7e849a907a807c5097918ff49a92fd0b76583533998a8,87c0cf2e0f6e4cf5cf1ed4a0f6eb27af0115a73f61e811e17185afa0d20e738e
d83a5c8ba6bc761e,late,proof:d83a5c8ba6bc761e:9d7e9d88c964371d3a1a40a6,12,simple_fork,WinningThreat,edge,60,897e41795fa2ff26e0355378cf8a5167b375d14ef03f185ae2be39fb7c1c6286,0.04907439645840494,0.05,0.05482251673167005,-0.0009256035415950645,-0.005748120273265114,0.048149286454048944,0.4010654490106545,0.0,12,incoming_final_layer_mean_head_attention_mass,052a73b7a66c657d28b28854875ab85800a16d14967875b984c078d7605bf021,28c2715fbc9b16a75dc7e849a907a807c5097918ff49a92fd0b76583533998a8,87c0cf2e0f6e4cf5cf1ed4a0f6eb27af0115a73f61e811e17185afa0d20e738e
d83a5c8ba6bc761e,late,proof:d83a5c8ba6bc761e:9d7e9d88c964371d3a1a40a6,12,simple_fork,TacticalLineWindow,edge,60,897e41795fa2ff26e0355378cf8a5167b375d14ef03f185ae2be39fb7c1c6286,0.04907439645840494,0.05,0.05619511046683342,-0.0009256035415950645,-0.00712071400842848,0.048149286454048944,0.4010654490106545,0.0,12,incoming_final_layer_mean_head_attention_mass,052a73b7a66c657d28b28854875ab85800a16d14967875b984c078d7605bf021,28c2715fbc9b16a75dc7e849a907a807c5097918ff49a92fd0b76583533998a8,87c0cf2e0f6e4cf5cf1ed4a0f6eb27af0115a73f61e811e17185afa0d20e738e
d83a5c8ba6bc761e,late,proof:d83a5c8ba6bc761e:9d7e9d88c964371d3a1a40a6,12,simple_fork,CompletionCell,node,60,897e41795fa2ff26e0355378cf8a5167b375d14ef03f185ae2be39fb7c1c6286,0.05714285755720065,0.05714285714285714,0.05446428567472826,4.143435108905358e-10,0.0026785718824723914,0.6666666666666666,0.9285714285714286,0.5,2,incoming_final_layer_mean_head_attention_mass,052a73b7a66c657d28b28854875ab85800a16d14967875b984c078d7605bf021,28c2715fbc9b16a75dc7e849a907a807c5097918ff49a92fd0b76583533998a8,87c0cf2e0f6e4cf5cf1ed4a0f6eb27af0115a73f61e811e17185afa0d20e738e
d83a5c8ba6bc761e,late,proof:d83a5c8ba6bc761e:9d7e9d88c964371d3a1a40a6,12,simple_fork,ProofSupportedGeometry,edge,60,897e41795fa2ff26e0355378cf8a5167b375d14ef03f185ae2be39fb7c1c6286,0.04907439645840494,0.05,0.05414938296697011,-0.0009256035415950645,-0.005074986508565173,0.048149286454048944,0.4010654490106545,0.0,12,incoming_final_layer_mean_head_attention_mass,052a73b7a66c657d28b28854875ab85800a16d14967875b984c078d7605bf021,28c2715fbc9b16a75dc7e849a907a807c5097918ff49a92fd0b76583533998a8,87c0cf2e0f6e4cf5cf1ed4a0f6eb27af0115a73f61e811e17185afa0d20e738e
d83a5c8ba6bc761e,late,proof:d83a5c8ba6bc761e:a129f81df7eb7bd0a95f50ae,35,simple_fork,WinningThreat,edge,60,897e41795fa2ff26e0355378cf8a5167b375d14ef03f185ae2be39fb7c1c6286,0.04907439645840494,0.05,0.054367018881442145,-0.0009256035415950645,-0.005292622423037206,0.048149286454048944,0.4010654490106545,0.0,12,incoming_final_layer_mean_head_attention_mass,e8268bea025b9f1278624bc9fdb805a9c94d751ce989f0191b166f89a030b458,28c2715fbc9b16a75dc7e849a907a807c5097918ff49a92fd0b76583533998a8,87c0cf2e0f6e4cf5cf1ed4a0f6eb27af0115a73f61e811e17185afa0d20e738e
d83a5c8ba6bc761e,late,proof:d83a5c8ba6bc761e:a129f81df7eb7bd0a95f50ae,35,simple_fork,TacticalLineWindow,edge,60,897e41795fa2ff26e0355378cf8a5167b375d14ef03f185ae2be39fb7c1c6286,0.04907439645840494,0.05,0.05431101449777837,-0.0009256035415950645,-0.0052366180393734335,0.048149286454048944,0.4010654490106545,0.0,12,incoming_final_layer_mean_head_attention_mass,e8268bea025b9f1278624bc9fdb805a9c94d751ce989f0191b166f89a030b458,28c2715fbc9b16a75dc7e849a907a807c5097918ff49a92fd0b76583533998a8,87c0cf2e0f6e4cf5cf1ed4a0f6eb27af0115a73f61e811e17185afa0d20e738e
d83a5c8ba6bc761e,late,proof:d83a5c8ba6bc761e:a129f81df7eb7bd0a95f50ae,35,simple_fork,CompletionCell,node,60,897e41795fa2ff26e0355378cf8a5167b375d14ef03f185ae2be39fb7c1c6286,0.05714285755720065,0.05714285714285714,0.05625000002494614,4.143435108905358e-10,0.0008928575322545151,0.6666666666666666,0.9285714285714286,0.5,2,incoming_final_layer_mean_head_attention_mass,e8268bea025b9f1278624bc9fdb805a9c94d751ce989f0191b166f89a030b458,28c2715fbc9b16a75dc7e849a907a807c5097918ff49a92fd0b76583533998a8,87c0cf2e0f6e4cf5cf1ed4a0f6eb27af0115a73f61e811e17185afa0d20e738e
d83a5c8ba6bc761e,late,proof:d83a5c8ba6bc761e:a129f81df7eb7bd0a95f50ae,35,simple_fork,ProofSupportedGeometry,edge,60,897e41795fa2ff26e0355378cf8a5167b375d14ef03f185ae2be39fb7c1c6286,0.04907439645840494,0.05,0.055237308692395085,-0.0009256035415950645,-0.006162912233990146,0.048149286454048944,0.4010654490106545,0.0,12,incoming_final_layer_mean_head_attention_mass,e8268bea025b9f1278624bc9fdb805a9c94d751ce989f0191b166f89a030b458,28c2715fbc9b16a75dc7e849a907a807c5097918ff49a92fd0b76583533998a8,87c0cf2e0f6e4cf5cf1ed4a0f6eb27af0115a73f61e811e17185afa0d20e738e
d83a5c8ba6bc761e,late,proof:d83a5c8ba6bc761e:a3775f8b59607d93fae75fb0,33,simple_fork,WinningThreat,edge,60,897e41795fa2ff26e0355378cf8a5167b375d14ef03f185ae2be39fb7c1c6286,0.04907439645840494,0.05,0.05271975804421668,-0.0009256035415950645,-0.003645361585811739,0.048149286454048944,0.4010654490106545,0.0,12,incoming_final_layer_mean_head_attention_mass,880f4f9b4283a0117aff6ba0eddb833d196aa244a318a82caed87cb80a2f8071,28c2715fbc9b16a75dc7e849a907a807c5097918ff49a92fd0b76583533998a8,87c0cf2e0f6e4cf5cf1ed4a0f6eb27af0115a73f61e811e17185afa0d20e738e
d83a5c8ba6bc761e,late,proof:d83a5c8ba6bc761e:a3775f8b59607d93fae75fb0,33,simple_fork,TacticalLineWindow,edge,60,897e41795fa2ff26e0355378cf8a5167b375d14ef03f185ae2be39fb7c1c6286,0.04907439645840494,0.05,0.05491055668104802,-0.0009256035415950645,-0.0058361602226430845,0.048149286454048944,0.4010654490106545,0.0,12,incoming_final_layer_mean_head_attention_mass,880f4f9b4283a0117aff6ba0eddb833d196aa244a318a82caed87cb80a2f8071,28c2715fbc9b16a75dc7e849a907a807c5097918ff49a92fd0b76583533998a8,87c0cf2e0f6e4cf5cf1ed4a0f6eb27af0115a73f61e811e17185afa0d20e738e
d83a5c8ba6bc761e,late,proof:d83a5c8ba6bc761e:a3775f8b59607d93fae75fb0,33,simple_fork,CompletionCell,node,60,897e41795fa2ff26e0355378cf8a5167b375d14ef03f185ae2be39fb7c1c6286,0.05714285755720065,0.05714285714285714,0.0542410714598432,4.143435108905358e-10,0.002901786097357452,0.6666666666666666,0.9285714285714286,0.5,2,incoming_final_layer_mean_head_attention_mass,880f4f9b4283a0117aff6ba0eddb833d196aa244a318a82caed87cb80a2f8071,28c2715fbc9b16a75dc7e849a907a807c5097918ff49a92fd0b76583533998a8,87c0cf2e0f6e4cf5cf1ed4a0f6eb27af0115a73f61e811e17185afa0d20e738e
d83a5c8ba6bc761e,late,proof:d83a5c8ba6bc761e:a3775f8b59607d93fae75fb0,33,simple_fork,ProofSupportedGeometry,edge,60,897e41795fa2ff26e0355378cf8a5167b375d14ef03f185ae2be39fb7c1c6286,0.04907439645840494,0.05,0.0544920963147109,-0.0009256035415950645,-0.005417699856305962,0.048149286454048944,0.4010654490106545,0.0,12,incoming_final_layer_mean_head_attention_mass,880f4f9b4283a0117aff6ba0eddb833d196aa244a318a82caed87cb80a2f8071,28c2715fbc9b16a75dc7e849a907a807c5097918ff49a92fd0b76583533998a8,87c0cf2e0f6e4cf5cf1ed4a0f6eb27af0115a73f61e811e17185afa0d20e738e
d83a5c8ba6bc761e,late,proof:d83a5c8ba6bc761e:ad3ced880f726836098ef226,6,simple_fork,WinningThreat,edge,60,897e41795fa2ff26e0355378cf8a5167b375d14ef03f185ae2be39fb7c1c6286,0.04907439645840494,0.05,0.05593589965990086,-0.0009256035415950645,-0.006861503201495922,0.048149286454048944,0.4010654490106545,0.0,12,incoming_final_layer_mean_head_attention_mass,4a095bea05448f9de4a05614b5b42702d5bde34d47c369ca01275dbdae0769ae,28c2715fbc9b16a75dc7e849a907a807c5097918ff49a92fd0b76583533998a8,87c0cf2e0f6e4cf5cf1ed4a0f6eb27af0115a73f61e811e17185afa0d20e738e
d83a5c8ba6bc761e,late,proof:d83a5c8ba6bc761e:ad3ced880f726836098ef226,6,simple_fork,TacticalLineWindow,edge,60,897e41795fa2ff26e0355378cf8a5167b375d14ef03f185ae2be39fb7c1c6286,0.04907439645840494,0.05,0.05502086929210537,-0.0009256035415950645,-0.005946472833700429,0.048149286454048944,0.4010654490106545,0.0,12,incoming_final_layer_mean_head_attention_mass,4a095bea05448f9de4a05614b5b42702d5bde34d47c369ca01275dbdae0769ae,28c2715fbc9b16a75dc7e849a907a807c5097918ff49a92fd0b76583533998a8,87c0cf2e0f6e4cf5cf1ed4a0f6eb27af0115a73f61e811e17185afa0d20e738e
d83a5c8ba6bc761e,late,proof:d83a5c8ba6bc761e:ad3ced880f726836098ef226,6,simple_fork,CompletionCell,node,60,897e41795fa2ff26e0355378cf8a5167b375d14ef03f185ae2be39fb7c1c6286,0.05714285755720065,0.05714285714285714,0.056249999957591564,4.143435108905358e-10,0.0008928575996090884,0.6666666666666666,0.9285714285714286,0.5,2,incoming_final_layer_mean_head_attention_mass,4a095bea05448f9de4a05614b5b42702d5bde34d47c369ca01275dbdae0769ae,28c2715fbc9b16a75dc7e849a907a807c5097918ff49a92fd0b76583533998a8,87c0cf2e0f6e4cf5cf1ed4a0f6eb27af0115a73f61e811e17185afa0d20e738e
d83a5c8ba6bc761e,late,proof:d83a5c8ba6bc761e:ad3ced880f726836098ef226,6,simple_fork,ProofSupportedGeometry,edge,60,897e41795fa2ff26e0355378cf8a5167b375d14ef03f185ae2be39fb7c1c6286,0.04907439645840494,0.05,0.05393180769323916,-0.0009256035415950645,-0.0048574112348342205,0.048149286454048944,0.4010654490106545,0.0,12,incoming_final_layer_mean_head_attention_mass,4a095bea05448f9de4a05614b5b42702d5bde34d47c369ca01275dbdae0769ae,28c2715fbc9b16a75dc7e849a907a807c5097918ff49a92fd0b76583533998a8,87c0cf2e0f6e4cf5cf1ed4a0f6eb27af0115a73f61e811e17185afa0d20e738e
d83a5c8ba6bc761e,late,proof:d83a5c8ba6bc761e:bb79a1ce4307bd5b53c2f1c4,27,simple_fork,WinningThreat,edge,60,897e41795fa2ff26e0355378cf8a5167b375d14ef03f185ae2be39fb7c1c6286,0.056462517981775026,0.05714285714285714,0.063143686270412,-0.000680339161082115,-0.006681168288636977,0.055779724124888574,0.41748206131767773,0.0,14,incoming_final_layer_mean_head_attention_mass,b0c3422f2caed2d256490d0397eac8cb21a73b56aa58bc9d84b70ede87b03d15,28c2715fbc9b16a75dc7e849a907a807c5097918ff49a92fd0b76583533998a8,87c0cf2e0f6e4cf5cf1ed4a0f6eb27af0115a73f61e811e17185afa0d20e738e
d83a5c8ba6bc761e,late,proof:d83a5c8ba6bc761e:bb79a1ce4307bd5b53c2f1c4,27,simple_fork,TacticalLineWindow,edge,60,897e41795fa2ff26e0355378cf8a5167b375d14ef03f185ae2be39fb7c1c6286,0.056462517981775026,0.05714285714285714,0.06306637842004162,-0.000680339161082115,-0.006603860438266593,0.055779724124888574,0.41748206131767773,0.0,14,incoming_final_layer_mean_head_attention_mass,b0c3422f2caed2d256490d0397eac8cb21a73b56aa58bc9d84b70ede87b03d15,28c2715fbc9b16a75dc7e849a907a807c5097918ff49a92fd0b76583533998a8,87c0cf2e0f6e4cf5cf1ed4a0f6eb27af0115a73f61e811e17185afa0d20e738e
d83a5c8ba6bc761e,late,proof:d83a5c8ba6bc761e:bb79a1ce4307bd5b53c2f1c4,27,simple_fork,CompletionCell,node,60,897e41795fa2ff26e0355378cf8a5167b375d14ef03f185ae2be39fb7c1c6286,0.05714285755720065,0.05714285714285714,0.0558035714571407,4.143435108905358e-10,0.0013392861000599554,0.6666666666666666,0.9285714285714286,0.5,2,incoming_final_layer_mean_head_attention_mass,b0c3422f2caed2d256490d0397eac8cb21a73b56aa58bc9d84b70ede87b03d15,28c2715fbc9b16a75dc7e849a907a807c5097918ff49a92fd0b76583533998a8,87c0cf2e0f6e4cf5cf1ed4a0f6eb27af0115a73f61e811e17185afa0d20e738e
d83a5c8ba6bc761e,late,proof:d83a5c8ba6bc761e:bb79a1ce4307bd5b53c2f1c4,27,simple_fork,ProofSupportedGeometry,edge,60,897e41795fa2ff26e0355378cf8a5167b375d14ef03f185ae2be39fb7c1c6286,0.056462517981775026,0.05714285714285714,0.06408723257792234,-0.000680339161082115,-0.007624714596147317,0.055779724124888574,0.41748206131767773,0.0,14,incoming_final_layer_mean_head_attention_mass,b0c3422f2caed2d256490d0397eac8cb21a73b56aa58bc9d84b70ede87b03d15,28c2715fbc9b16a75dc7e849a907a807c5097918ff49a92fd0b76583533998a8,87c0cf2e0f6e4cf5cf1ed4a0f6eb27af0115a73f61e811e17185afa0d20e738e
d83a5c8ba6bc761e,late,proof:d83a5c8ba6bc761e:c2eed58f1c5ff56ad28524cc,28,simple_fork,WinningThreat,edge,60,897e41795fa2ff26e0355378cf8a5167b375d14ef03f185ae2be39fb7c1c6286,0.04907439645840494,0.05,0.05482201916510105,-0.0009256035415950645,-0.005747622706696112,0.048149286454048944,0.4010654490106545,0.0,12,incoming_final_layer_mean_head_attention_mass,26c22491905730ce1a8a9b6a9adfb2722722e3a51c0cec89ac725481cc2780db,28c2715fbc9b16a75dc7e849a907a807c5097918ff49a92fd0b76583533998a8,87c0cf2e0f6e4cf5cf1ed4a0f6eb27af0115a73f61e811e17185afa0d20e738e
d83a5c8ba6bc761e,late,proof:d83a5c8ba6bc761e:c2eed58f1c5ff56ad28524cc,28,simple_fork,TacticalLineWindow,edge,60,897e41795fa2ff26e0355378cf8a5167b375d14ef03f185ae2be39fb7c1c6286,0.04907439645840494,0.05,0.05302756906900982,-0.0009256035415950645,-0.003953172610604884,0.048149286454048944,0.4010654490106545,0.0,12,incoming_final_layer_mean_head_attention_mass,26c22491905730ce1a8a9b6a9adfb2722722e3a51c0cec89ac725481cc2780db,28c2715fbc9b16a75dc7e849a907a807c5097918ff49a92fd0b76583533998a8,87c0cf2e0f6e4cf5cf1ed4a0f6eb27af0115a73f61e811e17185afa0d20e738e
d83a5c8ba6bc761e,late,proof:d83a5c8ba6bc761e:c2eed58f1c5ff56ad28524cc,28,simple_fork,CompletionCell,node,60,897e41795fa2ff26e0355378cf8a5167b375d14ef03f185ae2be39fb7c1c6286,0.05714285755720065,0.05714285714285714,0.054687500014344026,4.143435108905358e-10,0.002455357542856626,0.6666666666666666,0.9285714285714286,0.5,2,incoming_final_layer_mean_head_attention_mass,26c22491905730ce1a8a9b6a9adfb2722722e3a51c0cec89ac725481cc2780db,28c2715fbc9b16a75dc7e849a907a807c5097918ff49a92fd0b76583533998a8,87c0cf2e0f6e4cf5cf1ed4a0f6eb27af0115a73f61e811e17185afa0d20e738e
d83a5c8ba6bc761e,late,proof:d83a5c8ba6bc761e:c2eed58f1c5ff56ad28524cc,28,simple_fork,ProofSupportedGeometry,edge,60,897e41795fa2ff26e0355378cf8a5167b375d14ef03f185ae2be39fb7c1c6286,0.04907439645840494,0.05,0.05497185681599202,-0.0009256035415950645,-0.005897460357587085,0.048149286454048944,0.4010654490106545,0.0,12,incoming_final_layer_mean_head_attention_mass,26c22491905730ce1a8a9b6a9adfb2722722e3a51c0cec89ac725481cc2780db,28c2715fbc9b16a75dc7e849a907a807c5097918ff49a92fd0b76583533998a8,87c0cf2e0f6e4cf5cf1ed4a0f6eb27af0115a73f61e811e17185afa0d20e738e
d83a5c8ba6bc761e,late,proof:d83a5c8ba6bc761e:d03b85ecc9ba0348015d5578,0,simple_fork,WinningThreat,edge,60,897e41795fa2ff26e0355378cf8a5167b375d14ef03f185ae2be39fb7c1c6286,0.04907439645840494,0.05,0.05303841107904884,-0.0009256035415950645,-0.003964014620643899,0.048149286454048944,0.4010654490106545,0.0,12,incoming_final_layer_mean_head_attention_mass,75f3ea1d1074a5457200d0d8ef743fe46b978ce2489698246a159919845a87ef,28c2715fbc9b16a75dc7e849a907a807c5097918ff49a92fd0b76583533998a8,87c0cf2e0f6e4cf5cf1ed4a0f6eb27af0115a73f61e811e17185afa0d20e738e
d83a5c8ba6bc761e,late,proof:d83a5c8ba6bc761e:d03b85ecc9ba0348015d5578,0,simple_fork,TacticalLineWindow,edge,60,897e41795fa2ff26e0355378cf8a5167b375d14ef03f185ae2be39fb7c1c6286,0.04907439645840494,0.05,0.053315457393471516,-0.0009256035415950645,-0.004241060935066578,0.048149286454048944,0.4010654490106545,0.0,12,incoming_final_layer_mean_head_attention_mass,75f3ea1d1074a5457200d0d8ef743fe46b978ce2489698246a159919845a87ef,28c2715fbc9b16a75dc7e849a907a807c5097918ff49a92fd0b76583533998a8,87c0cf2e0f6e4cf5cf1ed4a0f6eb27af0115a73f61e811e17185afa0d20e738e
d83a5c8ba6bc761e,late,proof:d83a5c8ba6bc761e:d03b85ecc9ba0348015d5578,0,simple_fork,CompletionCell,node,60,897e41795fa2ff26e0355378cf8a5167b375d14ef03f185ae2be39fb7c1c6286,0.05714285755720065,0.05714285714285714,0.05624999999501077,4.143435108905358e-10,0.0008928575621898818,0.6666666666666666,0.9285714285714286,0.5,2,incoming_final_layer_mean_head_attention_mass,75f3ea1d1074a5457200d0d8ef743fe46b978ce2489698246a159919845a87ef,28c2715fbc9b16a75dc7e849a907a807c5097918ff49a92fd0b76583533998a8,87c0cf2e0f6e4cf5cf1ed4a0f6eb27af0115a73f61e811e17185afa0d20e738e
d83a5c8ba6bc761e,late,proof:d83a5c8ba6bc761e:d03b85ecc9ba0348015d5578,0,simple_fork,ProofSupportedGeometry,edge,60,897e41795fa2ff26e0355378cf8a5167b375d14ef03f185ae2be39fb7c1c6286,0.04907439645840494,0.05,0.05445047854981353,-0.0009256035415950645,-0.005376082091408593,0.048149286454048944,0.4010654490106545,0.0,12,incoming_final_layer_mean_head_attention_mass,75f3ea1d1074a5457200d0d8ef743fe46b978ce2489698246a159919845a87ef,28c2715fbc9b16a75dc7e849a907a807c5097918ff49a92fd0b76583533998a8,87c0cf2e0f6e4cf5cf1ed4a0f6eb27af0115a73f61e811e17185afa0d20e738e
d83a5c8ba6bc761e,late,proof:d83a5c8ba6bc761e:d33bec23f4f864224132d29c,31,simple_fork,WinningThreat,edge,60,897e41795fa2ff26e0355378cf8a5167b375d14ef03f185ae2be39fb7c1c6286,0.04907439645840494,0.05,0.054101719136581544,-0.0009256035415950645,-0.005027322678176606,0.048149286454048944,0.4010654490106545,0.0,12,incoming_final_layer_mean_head_attention_mass,a763b236344c85a70b2f9434b6c6a5cc961b3c755eb7f9de620a6d658860ca90,28c2715fbc9b16a75dc7e849a907a807c5097918ff49a92fd0b76583533998a8,87c0cf2e0f6e4cf5cf1ed4a0f6eb27af0115a73f61e811e17185afa0d20e738e
d83a5c8ba6bc761e,late,proof:d83a5c8ba6bc761e:d33bec23f4f864224132d29c,31,simple_fork,TacticalLineWindow,edge,60,897e41795fa2ff26e0355378cf8a5167b375d14ef03f185ae2be39fb7c1c6286,0.04907439645840494,0.05,0.05509146010064689,-0.0009256035415950645,-0.00601706364224195,0.048149286454048944,0.4010654490106545,0.0,12,incoming_final_layer_mean_head_attention_mass,a763b236344c85a70b2f9434b6c6a5cc961b3c755eb7f9de620a6d658860ca90,28c2715fbc9b16a75dc7e849a907a807c5097918ff49a92fd0b76583533998a8,87c0cf2e0f6e4cf5cf1ed4a0f6eb27af0115a73f61e811e17185afa0d20e738e
d83a5c8ba6bc761e,late,proof:d83a5c8ba6bc761e:d33bec23f4f864224132d29c,31,simple_fork,CompletionCell,node,60,897e41795fa2ff26e0355378cf8a5167b375d14ef03f185ae2be39fb7c1c6286,0.05714285755720065,0.05714285714285714,0.054017857096944365,4.143435108905358e-10,0.0031250004602562872,0.6666666666666666,0.9285714285714286,0.5,2,incoming_final_layer_mean_head_attention_mass,a763b236344c85a70b2f9434b6c6a5cc961b3c755eb7f9de620a6d658860ca90,28c2715fbc9b16a75dc7e849a907a807c5097918ff49a92fd0b76583533998a8,87c0cf2e0f6e4cf5cf1ed4a0f6eb27af0115a73f61e811e17185afa0d20e738e
d83a5c8ba6bc761e,late,proof:d83a5c8ba6bc761e:d33bec23f4f864224132d29c,31,simple_fork,ProofSupportedGeometry,edge,60,897e41795fa2ff26e0355378cf8a5167b375d14ef03f185ae2be39fb7c1c6286,0.04907439645840494,0.05,0.05426901247251312,-0.0009256035415950645,-0.005194616014108179,0.048149286454048944,0.4010654490106545,0.0,12,incoming_final_layer_mean_head_attention_mass,a763b236344c85a70b2f9434b6c6a5cc961b3c755eb7f9de620a6d658860ca90,28c2715fbc9b16a75dc7e849a907a807c5097918ff49a92fd0b76583533998a8,87c0cf2e0f6e4cf5cf1ed4a0f6eb27af0115a73f61e811e17185afa0d20e738e
d83a5c8ba6bc761e,late,proof:d83a5c8ba6bc761e:e63668ecdf1f97d9a849076e,29,simple_fork,WinningThreat,edge,60,897e41795fa2ff26e0355378cf8a5167b375d14ef03f185ae2be39fb7c1c6286,0.04907439645840494,0.05,0.05482972031137924,-0.0009256035415950645,-0.005755323852974302,0.048149286454048944,0.4010654490106545,0.0,12,incoming_final_layer_mean_head_attention_mass,056037917061b9e37c878fb7206fea8374c46c1a1afa00e4756f214b559636ee,28c2715fbc9b16a75dc7e849a907a807c5097918ff49a92fd0b76583533998a8,87c0cf2e0f6e4cf5cf1ed4a0f6eb27af0115a73f61e811e17185afa0d20e738e
d83a5c8ba6bc761e,late,proof:d83a5c8ba6bc761e:e63668ecdf1f97d9a849076e,29,simple_fork,TacticalLineWindow,edge,60,897e41795fa2ff26e0355378cf8a5167b375d14ef03f185ae2be39fb7c1c6286,0.04907439645840494,0.05,0.05475748501917115,-0.0009256035415950645,-0.005683088560766214,0.048149286454048944,0.4010654490106545,0.0,12,incoming_final_layer_mean_head_attention_mass,056037917061b9e37c878fb7206fea8374c46c1a1afa00e4756f214b559636ee,28c2715fbc9b16a75dc7e849a907a807c5097918ff49a92fd0b76583533998a8,87c0cf2e0f6e4cf5cf1ed4a0f6eb27af0115a73f61e811e17185afa0d20e738e
d83a5c8ba6bc761e,late,proof:d83a5c8ba6bc761e:e63668ecdf1f97d9a849076e,29,simple_fork,CompletionCell,node,60,897e41795fa2ff26e0355378cf8a5167b375d14ef03f185ae2be39fb7c1c6286,0.05714285755720065,0.05714285714285714,0.05580357148208684,4.143435108905358e-10,0.001339286075113813,0.6666666666666666,0.9285714285714286,0.5,2,incoming_final_layer_mean_head_attention_mass,056037917061b9e37c878fb7206fea8374c46c1a1afa00e4756f214b559636ee,28c2715fbc9b16a75dc7e849a907a807c5097918ff49a92fd0b76583533998a8,87c0cf2e0f6e4cf5cf1ed4a0f6eb27af0115a73f61e811e17185afa0d20e738e
d83a5c8ba6bc761e,late,proof:d83a5c8ba6bc761e:e63668ecdf1f97d9a849076e,29,simple_fork,ProofSupportedGeometry,edge,60,897e41795fa2ff26e0355378cf8a5167b375d14ef03f185ae2be39fb7c1c6286,0.04907439645840494,0.05,0.05272701555914444,-0.0009256035415950645,-0.003652619100739503,0.048149286454048944,0.4010654490106545,0.0,12,incoming_final_layer_mean_head_attention_mass,056037917061b9e37c878fb7206fea8374c46c1a1afa00e4756f214b559636ee,28c2715fbc9b16a75dc7e849a907a807c5097918ff49a92fd0b76583533998a8,87c0cf2e0f6e4cf5cf1ed4a0f6eb27af0115a73f61e811e17185afa0d20e738e
d83a5c8ba6bc761e,late,proof:d83a5c8ba6bc761e:e861e6d93548a689d7a91b4e,25,simple_fork,WinningThreat,edge,60,897e41795fa2ff26e0355378cf8a5167b375d14ef03f185ae2be39fb7c1c6286,0.056527332764300296,0.05714285714285714,0.0637649977421621,-0.0006155243785568448,-0.007237664977861803,0.05474311826927984,0.39791258969341164,0.0,14,incoming_final_layer_mean_head_attention_mass,101d0f8192227020be86229966a0efd8dd09bc933e201f6d71ff9bb9a28cd6e5,28c2715fbc9b16a75dc7e849a907a807c5097918ff49a92fd0b76583533998a8,87c0cf2e0f6e4cf5cf1ed4a0f6eb27af0115a73f61e811e17185afa0d20e738e
d83a5c8ba6bc761e,late,proof:d83a5c8ba6bc761e:e861e6d93548a689d7a91b4e,25,simple_fork,TacticalLineWindow,edge,60,897e41795fa2ff26e0355378cf8a5167b375d14ef03f185ae2be39fb7c1c6286,0.056527332764300296,0.05714285714285714,0.06426445588551696,-0.0006155243785568448,-0.007737123121216667,0.05474311826927984,0.39791258969341164,0.0,14,incoming_final_layer_mean_head_attention_mass,101d0f8192227020be86229966a0efd8dd09bc933e201f6d71ff9bb9a28cd6e5,28c2715fbc9b16a75dc7e849a907a807c5097918ff49a92fd0b76583533998a8,87c0cf2e0f6e4cf5cf1ed4a0f6eb27af0115a73f61e811e17185afa0d20e738e
d83a5c8ba6bc761e,late,proof:d83a5c8ba6bc761e:e861e6d93548a689d7a91b4e,25,simple_fork,CompletionCell,node,60,897e41795fa2ff26e0355378cf8a5167b375d14ef03f185ae2be39fb7c1c6286,0.05714285755720065,0.05714285714285714,0.05669642857861544,4.143435108905358e-10,0.0004464289785852116,0.6666666666666666,0.9285714285714286,0.5,2,incoming_final_layer_mean_head_attention_mass,101d0f8192227020be86229966a0efd8dd09bc933e201f6d71ff9bb9a28cd6e5,28c2715fbc9b16a75dc7e849a907a807c5097918ff49a92fd0b76583533998a8,87c0cf2e0f6e4cf5cf1ed4a0f6eb27af0115a73f61e811e17185afa0d20e738e
d83a5c8ba6bc761e,late,proof:d83a5c8ba6bc761e:e861e6d93548a689d7a91b4e,25,simple_fork,ProofSupportedGeometry,edge,60,897e41795fa2ff26e0355378cf8a5167b375d14ef03f185ae2be39fb7c1c6286,0.056527332764300296,0.05714285714285714,0.06456974103127491,-0.0006155243785568448,-0.008042408266974617,0.05474311826927984,0.39791258969341164,0.0,14,incoming_final_layer_mean_head_attention_mass,101d0f8192227020be86229966a0efd8dd09bc933e201f6d71ff9bb9a28cd6e5,28c2715fbc9b16a75dc7e849a907a807c5097918ff49a92fd0b76583533998a8,87c0cf2e0f6e4cf5cf1ed4a0f6eb27af0115a73f61e811e17185afa0d20e738e
d83a5c8ba6bc761e,late,proof:d83a5c8ba6bc761e:f06431b5179509e9d040f70d,24,simple_fork,WinningThreat,edge,60,897e41795fa2ff26e0355378cf8a5167b375d14ef03f185ae2be39fb7c1c6286,0.04907439645840494,0.05,0.05437480818322274,-0.0009256035415950645,-0.005300411724817801,0.048149286454048944,0.4010654490106545,0.0,12,incoming_final_layer_mean_head_attention_mass,2eaf1e1eb584ec08ac7d25dfb356a167cd0faa4c65100c936bcc3a1cfd797aa4,28c2715fbc9b16a75dc7e849a907a807c5097918ff49a92fd0b76583533998a8,87c0cf2e0f6e4cf5cf1ed4a0f6eb27af0115a73f61e811e17185afa0d20e738e
d83a5c8ba6bc761e,late,proof:d83a5c8ba6bc761e:f06431b5179509e9d040f70d,24,simple_fork,TacticalLineWindow,edge,60,897e41795fa2ff26e0355378cf8a5167b375d14ef03f185ae2be39fb7c1c6286,0.04907439645840494,0.05,0.053831089551539896,-0.0009256035415950645,-0.004756693093134957,0.048149286454048944,0.4010654490106545,0.0,12,incoming_final_layer_mean_head_attention_mass,2eaf1e1eb584ec08ac7d25dfb356a167cd0faa4c65100c936bcc3a1cfd797aa4,28c2715fbc9b16a75dc7e849a907a807c5097918ff49a92fd0b76583533998a8,87c0cf2e0f6e4cf5cf1ed4a0f6eb27af0115a73f61e811e17185afa0d20e738e
d83a5c8ba6bc761e,late,proof:d83a5c8ba6bc761e:f06431b5179509e9d040f70d,24,simple_fork,CompletionCell,node,60,897e41795fa2ff26e0355378cf8a5167b375d14ef03f185ae2be39fb7c1c6286,0.05714285755720065,0.05714285714285714,0.05580357144383609,4.143435108905358e-10,0.0013392861133645628,0.6666666666666666,0.9285714285714286,0.5,2,incoming_final_layer_mean_head_attention_mass,2eaf1e1eb584ec08ac7d25dfb356a167cd0faa4c65100c936bcc3a1cfd797aa4,28c2715fbc9b16a75dc7e849a907a807c5097918ff49a92fd0b76583533998a8,87c0cf2e0f6e4cf5cf1ed4a0f6eb27af0115a73f61e811e17185afa0d20e738e
d83a5c8ba6bc761e,late,proof:d83a5c8ba6bc761e:f06431b5179509e9d040f70d,24,simple_fork,ProofSupportedGeometry,edge,60,897e41795fa2ff26e0355378cf8a5167b375d14ef03f185ae2be39fb7c1c6286,0.04907439645840494,0.05,0.056043039230002464,-0.0009256035415950645,-0.006968642771597526,0.048149286454048944,0.4010654490106545,0.0,12,incoming_final_layer_mean_head_attention_mass,2eaf1e1eb584ec08ac7d25dfb356a167cd0faa4c65100c936bcc3a1cfd797aa4,28c2715fbc9b16a75dc7e849a907a807c5097918ff49a92fd0b76583533998a8,87c0cf2e0f6e4cf5cf1ed4a0f6eb27af0115a73f61e811e17185afa0d20e738e
f1046a806aadfbe0,late,proof:f1046a806aadfbe0:0262ef99f03f774954bbd031,34,simple_fork,WinningThreat,edge,60,897e41795fa2ff26e0355378cf8a5167b375d14ef03f185ae2be39fb7c1c6286,0.04907439645056995,0.05,0.05403982962547576,-0.0009256035494300541,-0.00496543317490581,0.04799082003794483,0.4037290715372907,0.0,12,incoming_final_layer_mean_head_attention_mass,3300a4edbc4019b001f87170551717d090f0d8dea4ff9fcfa3ca77eac1641ef0,28c2715fbc9b16a75dc7e849a907a807c5097918ff49a92fd0b76583533998a8,87c0cf2e0f6e4cf5cf1ed4a0f6eb27af0115a73f61e811e17185afa0d20e738e
f1046a806aadfbe0,late,proof:f1046a806aadfbe0:0262ef99f03f774954bbd031,34,simple_fork,TacticalLineWindow,edge,60,897e41795fa2ff26e0355378cf8a5167b375d14ef03f185ae2be39fb7c1c6286,0.04907439645056995,0.05,0.05447890000148155,-0.0009256035494300541,-0.005404503550911599,0.04799082003794483,0.4037290715372907,0.0,12,incoming_final_layer_mean_head_attention_mass,3300a4edbc4019b001f87170551717d090f0d8dea4ff9fcfa3ca77eac1641ef0,28c2715fbc9b16a75dc7e849a907a807c5097918ff49a92fd0b76583533998a8,87c0cf2e0f6e4cf5cf1ed4a0f6eb27af0115a73f61e811e17185afa0d20e738e
f1046a806aadfbe0,late,proof:f1046a806aadfbe0:0262ef99f03f774954bbd031,34,simple_fork,CompletionCell,node,60,897e41795fa2ff26e0355378cf8a5167b375d14ef03f185ae2be39fb7c1c6286,0.0571428572287669,0.05714285714285714,0.05535714285305644,8.590975847377891e-11,0.0017857143757104565,0.11805555555555555,0.6571428571428571,0.0,2,incoming_final_layer_mean_head_attention_mass,3300a4edbc4019b001f87170551717d090f0d8dea4ff9fcfa3ca77eac1641ef0,28c2715fbc9b16a75dc7e849a907a807c5097918ff49a92fd0b76583533998a8,87c0cf2e0f6e4cf5cf1ed4a0f6eb27af0115a73f61e811e17185afa0d20e738e
f1046a806aadfbe0,late,proof:f1046a806aadfbe0:0262ef99f03f774954bbd031,34,simple_fork,ProofSupportedGeometry,edge,60,897e41795fa2ff26e0355378cf8a5167b375d14ef03f185ae2be39fb7c1c6286,0.04907439645056995,0.05,0.05522848398808302,-0.0009256035494300541,-0.006154087537513071,0.04799082003794483,0.4037290715372907,0.0,12,incoming_final_layer_mean_head_attention_mass,3300a4edbc4019b001f87170551717d090f0d8dea4ff9fcfa3ca77eac1641ef0,28c2715fbc9b16a75dc7e849a907a807c5097918ff49a92fd0b76583533998a8,87c0cf2e0f6e4cf5cf1ed4a0f6eb27af0115a73f61e811e17185afa0d20e738e
f1046a806aadfbe0,late,proof:f1046a806aadfbe0:0ea340a51fc01f4b8e85df7b,20,immediate_win|winning_line,WinningThreat,edge,60,897e41795fa2ff26e0355378cf8a5167b375d14ef03f185ae2be39fb7c1c6286,0.024162713897306894,0.025,0.02808877788911169,-0.0008372861026931071,-0.003926063991804795,0.031042366537642644,0.4025875190258752,0.0,6,incoming_final_layer_mean_head_attention_mass,213821ca3035a05e5cc40313e42019b0c33193c40d45ef35ffa28afff4090f83,28c2715fbc9b16a75dc7e849a907a807c5097918ff49a92fd0b76583533998a8,87c0cf2e0f6e4cf5cf1ed4a0f6eb27af0115a73f61e811e17185afa0d20e738e
f1046a806aadfbe0,late,proof:f1046a806aadfbe0:0ea340a51fc01f4b8e85df7b,20,immediate_win|winning_line,TacticalLineWindow,edge,60,897e41795fa2ff26e0355378cf8a5167b375d14ef03f185ae2be39fb7c1c6286,0.024162713897306894,0.025,0.027732376433717256,-0.0008372861026931071,-0.003569662536410362,0.031042366537642644,0.4025875190258752,0.0,6,incoming_final_layer_mean_head_attention_mass,213821ca3035a05e5cc40313e42019b0c33193c40d45ef35ffa28afff4090f83,28c2715fbc9b16a75dc7e849a907a807c5097918ff49a92fd0b76583533998a8,87c0cf2e0f6e4cf5cf1ed4a0f6eb27af0115a73f61e811e17185afa0d20e738e
f1046a806aadfbe0,late,proof:f1046a806aadfbe0:0ea340a51fc01f4b8e85df7b,20,immediate_win|winning_line,CompletionCell,node,60,897e41795fa2ff26e0355378cf8a5167b375d14ef03f185ae2be39fb7c1c6286,0.02857142854786041,0.02857142857142857,0.02790178567796532,-2.356816131143802e-11,0.0006696428698950881,0.05555555555555555,0.5142857142857142,0.0,1,incoming_final_layer_mean_head_attention_mass,213821ca3035a05e5cc40313e42019b0c33193c40d45ef35ffa28afff4090f83,28c2715fbc9b16a75dc7e849a907a807c5097918ff49a92fd0b76583533998a8,87c0cf2e0f6e4cf5cf1ed4a0f6eb27af0115a73f61e811e17185afa0d20e738e
f1046a806aadfbe0,late,proof:f1046a806aadfbe0:0ea340a51fc01f4b8e85df7b,20,immediate_win|winning_line,ProofSupportedGeometry,edge,60,897e41795fa2ff26e0355378cf8a5167b375d14ef03f185ae2be39fb7c1c6286,0.024162713897306894,0.025,0.02594698791862847,-0.0008372861026931071,-0.0017842740213215753,0.031042366537642644,0.4025875190258752,0.0,6,incoming_final_layer_mean_head_attention_mass,213821ca3035a05e5cc40313e42019b0c33193c40d45ef35ffa28afff4090f83,28c2715fbc9b16a75dc7e849a907a807c5097918ff49a92fd0b76583533998a8,87c0cf2e0f6e4cf5cf1ed4a0f6eb27af0115a73f61e811e17185afa0d20e738e
f1046a806aadfbe0,late,proof:f1046a806aadfbe0:0fce4db0ab419547fe5da31c,18,simple_fork,WinningThreat,edge,60,897e41795fa2ff26e0355378cf8a5167b375d14ef03f185ae2be39fb7c1c6286,0.04907439645056995,0.05,0.054910345640406796,-0.0009256035494300541,-0.005835949189836848,0.04799082003794483,0.4037290715372907,0.0,12,incoming_final_layer_mean_head_attention_mass,fdaeca8b320ce92856b17db175e5da67560908c3ec4698861ab56dae263d0993,28c2715fbc9b16a75dc7e849a907a807c5097918ff49a92fd0b76583533998a8,87c0cf2e0f6e4cf5cf1ed4a0f6eb27af0115a73f61e811e17185afa0d20e738e
f1046a806aadfbe0,late,proof:f1046a806aadfbe0:0fce4db0ab419547fe5da31c,18,simple_fork,TacticalLineWindow,edge,60,897e41795fa2ff26e0355378cf8a5167b375d14ef03f185ae2be39fb7c1c6286,0.04907439645056995,0.05,0.05530326881573931,-0.0009256035494300541,-0.006228872365169363,0.04799082003794483,0.4037290715372907,0.0,12,incoming_final_layer_mean_head_attention_mass,fdaeca8b320ce92856b17db175e5da67560908c3ec4698861ab56dae263d0993,28c2715fbc9b16a75dc7e849a907a807c5097918ff49a92fd0b76583533998a8,87c0cf2e0f6e4cf5cf1ed4a0f6eb27af0115a73f61e811e17185afa0d20e738e
f1046a806aadfbe0,late,proof:f1046a806aadfbe0:0fce4db0ab419547fe5da31c,18,simple_fork,CompletionCell,node,60,897e41795fa2ff26e0355378cf8a5167b375d14ef03f185ae2be39fb7c1c6286,0.0571428572287669,0.05714285714285714,0.05625000002677552,8.590975847377891e-11,0.0008928572019913789,0.11805555555555555,0.6571428571428571,0.0,2,incoming_final_layer_mean_head_attention_mass,fdaeca8b320ce92856b17db175e5da67560908c3ec4698861ab56dae263d0993,28c2715fbc9b16a75dc7e849a907a807c5097918ff49a92fd0b76583533998a8,87c0cf2e0f6e4cf5cf1ed4a0f6eb27af0115a73f61e811e17185afa0d20e738e
f1046a806aadfbe0,late,proof:f1046a806aadfbe0:0fce4db0ab419547fe5da31c,18,simple_fork,ProofSupportedGeometry,edge,60,897e41795fa2ff26e0355378cf8a5167b375d14ef03f185ae2be39fb7c1c6286,0.04907439645056995,0.05,0.055445962789233645,-0.0009256035494300541,-0.006371566338663696,0.04799082003794483,0.4037290715372907,0.0,12,incoming_final_layer_mean_head_attention_mass,fdaeca8b320ce92856b17db175e5da67560908c3ec4698861ab56dae263d0993,28c2715fbc9b16a75dc7e849a907a807c5097918ff49a92fd0b76583533998a8,87c0cf2e0f6e4cf5cf1ed4a0f6eb27af0115a73f61e811e17185afa0d20e738e
f1046a806aadfbe0,late,proof:f1046a806aadfbe0:20a5a6149819c14950a4baaf,19,simple_fork,WinningThreat,edge,60,897e41795fa2ff26e0355378cf8a5167b375d14ef03f185ae2be39fb7c1c6286,0.04907439645056995,0.05,0.05436244942253892,-0.0009256035494300541,-0.005288052971968972,0.04799082003794483,0.4037290715372907,0.0,12,incoming_final_layer_mean_head_attention_mass,bd8a9e41cdaee5c2e1827c3b33179b994acf1fb8d2233761115e3535523a6e91,28c2715fbc9b16a75dc7e849a907a807c5097918ff49a92fd0b76583533998a8,87c0cf2e0f6e4cf5cf1ed4a0f6eb27af0115a73f61e811e17185afa0d20e738e
f1046a806aadfbe0,late,proof:f1046a806aadfbe0:20a5a6149819c14950a4baaf,19,simple_fork,TacticalLineWindow,edge,60,897e41795fa2ff26e0355378cf8a5167b375d14ef03f185ae2be39fb7c1c6286,0.04907439645056995,0.05,0.05630478209611832,-0.0009256035494300541,-0.007230385645548371,0.04799082003794483,0.4037290715372907,0.0,12,incoming_final_layer_mean_head_attention_mass,bd8a9e41cdaee5c2e1827c3b33179b994acf1fb8d2233761115e3535523a6e91,28c2715fbc9b16a75dc7e849a907a807c5097918ff49a92fd0b76583533998a8,87c0cf2e0f6e4cf5cf1ed4a0f6eb27af0115a73f61e811e17185afa0d20e738e
f1046a806aadfbe0,late,proof:f1046a806aadfbe0:20a5a6149819c14950a4baaf,19,simple_fork,CompletionCell,node,60,897e41795fa2ff26e0355378cf8a5167b375d14ef03f185ae2be39fb7c1c6286,0.0571428572287669,0.05714285714285714,0.054910714322741486,8.590975847377891e-11,0.002232142906025414,0.11805555555555555,0.6571428571428571,0.0,2,incoming_final_layer_mean_head_attention_mass,bd8a9e41cdaee5c2e1827c3b33179b994acf1fb8d2233761115e3535523a6e91,28c2715fbc9b16a75dc7e849a907a807c5097918ff49a92fd0b76583533998a8,87c0cf2e0f6e4cf5cf1ed4a0f6eb27af0115a73f61e811e17185afa0d20e738e
f1046a806aadfbe0,late,proof:f1046a806aadfbe0:20a5a6149819c14950a4baaf,19,simple_fork,ProofSupportedGeometry,edge,60,897e41795fa2ff26e0355378cf8a5167b375d14ef03f185ae2be39fb7c1c6286,0.04907439645056995,0.05,0.05469545672592949,-0.0009256035494300541,-0.005621060275359538,0.04799082003794483,0.4037290715372907,0.0,12,incoming_final_layer_mean_head_attention_mass,bd8a9e41cdaee5c2e1827c3b33179b994acf1fb8d2233761115e3535523a6e91,28c2715fbc9b16a75dc7e849a907a807c5097918ff49a92fd0b76583533998a8,87c0cf2e0f6e4cf5cf1ed4a0f6eb27af0115a73f61e811e17185afa0d20e738e
f1046a806aadfbe0,late,proof:f1046a806aadfbe0:26a5c8fd3e461ce948cdf98c,32,simple_fork,WinningThreat,edge,60,897e41795fa2ff26e0355378cf8a5167b375d14ef03f185ae2be39fb7c1c6286,0.04907439645056995,0.05,0.055130600454710195,-0.0009256035494300541,-0.006056204004140246,0.04799082003794483,0.4037290715372907,0.0,12,incoming_final_layer_mean_head_attention_mass,8cb19862cc5358ad1ec5ddf78ebee8aa178241927c3792e484baf324cfe48822,28c2715fbc9b16a75dc7e849a907a807c5097918ff49a92fd0b76583533998a8,87c0cf2e0f6e4cf5cf1ed4a0f6eb27af0115a73f61e811e17185afa0d20e738e
f1046a806aadfbe0,late,proof:f1046a806aadfbe0:26a5c8fd3e461ce948cdf98c,32,simple_fork,TacticalLineWindow,edge,60,897e41795fa2ff26e0355378cf8a5167b375d14ef03f185ae2be39fb7c1c6286,0.04907439645056995,0.05,0.055197058323076024,-0.0009256035494300541,-0.006122661872506076,0.04799082003794483,0.4037290715372907,0.0,12,incoming_final_layer_mean_head_attention_mass,8cb19862cc5358ad1ec5ddf78ebee8aa178241927c3792e484baf324cfe48822,28c2715fbc9b16a75dc7e849a907a807c5097918ff49a92fd0b76583533998a8,87c0cf2e0f6e4cf5cf1ed4a0f6eb27af0115a73f61e811e17185afa0d20e738e
f1046a806aadfbe0,late,proof:f1046a806aadfbe0:26a5c8fd3e461ce948cdf98c,32,simple_fork,CompletionCell,node,60,897e41795fa2ff26e0355378cf8a5167b375d14ef03f185ae2be39fb7c1c6286,0.0571428572287669,0.05714285714285714,0.055803571431600606,8.590975847377891e-11,0.0013392857971662939,0.11805555555555555,0.6571428571428571,0.0,2,incoming_final_layer_mean_head_attention_mass,8cb19862cc5358ad1ec5ddf78ebee8aa178241927c3792e484baf324cfe48822,28c2715fbc9b16a75dc7e849a907a807c5097918ff49a92fd0b76583533998a8,87c0cf2e0f6e4cf5cf1ed4a0f6eb27af0115a73f61e811e17185afa0d20e738e
f1046a806aadfbe0,late,proof:f1046a806aadfbe0:26a5c8fd3e461ce948cdf98c,32,simple_fork,ProofSupportedGeometry,edge,60,897e41795fa2ff26e0355378cf8a5167b375d14ef03f185ae2be39fb7c1c6286,0.04907439645056995,0.05,0.05400774355048474,-0.0009256035494300541,-0.004933347099914789,0.04799082003794483,0.4037290715372907,0.0,12,incoming_final_layer_mean_head_attention_mass,8cb19862cc5358ad1ec5ddf78ebee8aa178241927c3792e484baf324cfe48822,28c2715fbc9b16a75dc7e849a907a807c5097918ff49a92fd0b76583533998a8,87c0cf2e0f6e4cf5cf1ed4a0f6eb27af0115a73f61e811e17185afa0d20e738e
f1046a806aadfbe0,late,proof:f1046a806aadfbe0:276609e0d405152ebf141687,26,simple_fork,WinningThreat,edge,60,897e41795fa2ff26e0355378cf8a5167b375d14ef03f185ae2be39fb7c1c6286,0.04907439645056995,0.05,0.05548719932138645,-0.0009256035494300541,-0.006412802870816504,0.04799082003794483,0.4037290715372907,0.0,12,incoming_final_layer_mean_head_attention_mass,89fce29dc97adf943b023ddc8e049a7bdc42275ef64a15c19263f5409b0046fb,28c2715fbc9b16a75dc7e849a907a807c5097918ff49a92fd0b76583533998a8,87c0cf2e0f6e4cf5cf1ed4a0f6eb27af0115a73f61e811e17185afa0d20e738e
f1046a806aadfbe0,late,proof:f1046a806aadfbe0:276609e0d405152ebf141687,26,simple_fork,TacticalLineWindow,edge,60,897e41795fa2ff26e0355378cf8a5167b375d14ef03f185ae2be39fb7c1c6286,0.04907439645056995,0.05,0.05567742684404365,-0.0009256035494300541,-0.006603030393473701,0.04799082003794483,0.4037290715372907,0.0,12,incoming_final_layer_mean_head_attention_mass,89fce29dc97adf943b023ddc8e049a7bdc42275ef64a15c19263f5409b0046fb,28c2715fbc9b16a75dc7e849a907a807c5097918ff49a92fd0b76583533998a8,87c0cf2e0f6e4cf5cf1ed4a0f6eb27af0115a73f61e811e17185afa0d20e738e
f1046a806aadfbe0,late,proof:f1046a806aadfbe0:276609e0d405152ebf141687,26,simple_fork,CompletionCell,node,60,897e41795fa2ff26e0355378cf8a5167b375d14ef03f185ae2be39fb7c1c6286,0.0571428572287669,0.05714285714285714,0.056026785736256135,8.590975847377891e-11,0.0011160714925107645,0.11805555555555555,0.6571428571428571,0.0,2,incoming_final_layer_mean_head_attention_mass,89fce29dc97adf943b023ddc8e049a7bdc42275ef64a15c19263f5409b0046fb,28c2715fbc9b16a75dc7e849a907a807c5097918ff49a92fd0b76583533998a8,87c0cf2e0f6e4cf5cf1ed4a0f6eb27af0115a73f61e811e17185afa0d20e738e
f1046a806aadfbe0,late,proof:f1046a806aadfbe0:276609e0d405152ebf141687,26,simple_fork,ProofSupportedGeometry,edge,60,897e41795fa2ff26e0355378cf8a5167b375d14ef03f185ae2be39fb7c1c6286,0.04907439645056995,0.05,0.0547644146989779,-0.0009256035494300541,-0.005690018248407952,0.04799082003794483,0.4037290715372907,0.0,12,incoming_final_layer_mean_head_attention_mass,89fce29dc97adf943b023ddc8e049a7bdc42275ef64a15c19263f5409b0046fb,28c2715fbc9b16a75dc7e849a907a807c5097918ff49a92fd0b76583533998a8,87c0cf2e0f6e4cf5cf1ed4a0f6eb27af0115a73f61e811e17185afa0d20e738e
f1046a806aadfbe0,late,proof:f1046a806aadfbe0:42dfb5f53670ebbc41bae98a,21,immediate_win|winning_line,WinningThreat,edge,60,897e41795fa2ff26e0355378cf8a5167b375d14ef03f185ae2be39fb7c1c6286,0.024911682553263058,0.025,0.027469767273994087,-8.831744673694353e-05,-0.002558084720731029,0.025068476515797845,0.40487062404870616,0.0,6,incoming_final_layer_mean_head_attention_mass,c504212a04492b36a34588a3d21ef6d7c59c55e3959d299ad3640811654aa177,28c2715fbc9b16a75dc7e849a907a807c5097918ff49a92fd0b76583533998a8,87c0cf2e0f6e4cf5cf1ed4a0f6eb27af0115a73f61e811e17185afa0d20e738e
f1046a806aadfbe0,late,proof:f1046a806aadfbe0:42dfb5f53670ebbc41bae98a,21,immediate_win|winning_line,TacticalLineWindow,edge,60,897e41795fa2ff26e0355378cf8a5167b375d14ef03f185ae2be39fb7c1c6286,0.024911682553263058,0.025,0.02631540539848678,-8.831744673694353e-05,-0.0014037228452237205,0.025068476515797845,0.40487062404870616,0.0,6,incoming_final_layer_mean_head_attention_mass,c504212a04492b36a34588a3d21ef6d7c59c55e3959d299ad3640811654aa177,28c2715fbc9b16a75dc7e849a907a807c5097918ff49a92fd0b76583533998a8,87c0cf2e0f6e4cf5cf1ed4a0f6eb27af0115a73f61e811e17185afa0d20e738e
f1046a806aadfbe0,late,proof:f1046a806aadfbe0:42dfb5f53670ebbc41bae98a,21,immediate_win|winning_line,CompletionCell,node,60,897e41795fa2ff26e0355378cf8a5167b375d14ef03f185ae2be39fb7c1c6286,0.02857142868090649,0.02857142857142857,0.02812499999509393,1.0947791978521693e-10,0.0004464286858125617,0.125,0.8,0.0,1,incoming_final_layer_mean_head_attention_mass,c504212a04492b36a34588a3d21ef6d7c59c55e3959d299ad3640811654aa177,28c2715fbc9b16a75dc7e849a907a807c5097918ff49a92fd0b76583533998a8,87c0cf2e0f6e4cf5cf1ed4a0f6eb27af0115a73f61e811e17185afa0d20e738e
f1046a806aadfbe0,late,proof:f1046a806aadfbe0:42dfb5f53670ebbc41bae98a,21,immediate_win|winning_line,ProofSupportedGeometry,edge,60,897e41795fa2ff26e0355378cf8a5167b375d14ef03f185ae2be39fb7c1c6286,0.024911682553263058,0.025,0.02800777640261578,-8.831744673694353e-05,-0.0030960938493527213,0.025068476515797845,0.40487062404870616,0.0,6,incoming_final_layer_mean_head_attention_mass,c504212a04492b36a34588a3d21ef6d7c59c55e3959d299ad3640811654aa177,28c2715fbc9b16a75dc7e849a907a807c5097918ff49a92fd0b76583533998a8,87c0cf2e0f6e4cf5cf1ed4a0f6eb27af0115a73f61e811e17185afa0d20e738e
f1046a806aadfbe0,late,proof:f1046a806aadfbe0:49e013840a768901ae56c881,14,simple_fork,WinningThreat,edge,60,897e41795fa2ff26e0355378cf8a5167b375d14ef03f185ae2be39fb7c1c6286,0.04907439645056995,0.05,0.053730487256127404,-0.0009256035494300541,-0.004656090805557456,0.04799082003794483,0.4037290715372907,0.0,12,incoming_final_layer_mean_head_attention_mass,dda19be4f3b51f4ca2542ac8963eb0a08490a64fb0b3a6ecf6f45c439d8f1b19,28c2715fbc9b16a75dc7e849a907a807c5097918ff49a92fd0b76583533998a8,87c0cf2e0f6e4cf5cf1ed4a0f6eb27af0115a73f61e811e17185afa0d20e738e
f1046a806aadfbe0,late,proof:f1046a806aadfbe0:49e013840a768901ae56c881,14,simple_fork,TacticalLineWindow,edge,60,897e41795fa2ff26e0355378cf8a5167b375d14ef03f185ae2be39fb7c1c6286,0.04907439645056995,0.05,0.05352417254130624,-0.0009256035494300541,-0.004449776090736289,0.04799082003794483,0.4037290715372907,0.0,12,incoming_final_layer_mean_head_attention_mass,dda19be4f3b51f4ca2542ac8963eb0a08490a64fb0b3a6ecf6f45c439d8f1b19,28c2715fbc9b16a75dc7e849a907a807c5097918ff49a92fd0b76583533998a8,87c0cf2e0f6e4cf5cf1ed4a0f6eb27af0115a73f61e811e17185afa0d20e738e
f1046a806aadfbe0,late,proof:f1046a806aadfbe0:49e013840a768901ae56c881,14,simple_fork,CompletionCell,node,60,897e41795fa2ff26e0355378cf8a5167b375d14ef03f185ae2be39fb7c1c6286,0.0571428572287669,0.05714285714285714,0.05558035708952586,8.590975847377891e-11,0.0015625001392410368,0.11805555555555555,0.6571428571428571,0.0,2,incoming_final_layer_mean_head_attention_mass,dda19be4f3b51f4ca2542ac8963eb0a08490a64fb0b3a6ecf6f45c439d8f1b19,28c2715fbc9b16a75dc7e849a907a807c5097918ff49a92fd0b76583533998a8,87c0cf2e0f6e4cf5cf1ed4a0f6eb27af0115a73f61e811e17185afa0d20e738e
f1046a806aadfbe0,late,proof:f1046a806aadfbe0:49e013840a768901ae56c881,14,simple_fork,ProofSupportedGeometry,edge,60,897e41795fa2ff26e0355378cf8a5167b375d14ef03f185ae2be39fb7c1c6286,0.04907439645056995,0.05,0.05574812007144781,-0.0009256035494300541,-0.0066737236208778625,0.04799082003794483,0.4037290715372907,0.0,12,incoming_final_layer_mean_head_attention_mass,dda19be4f3b51f4ca2542ac8963eb0a08490a64fb0b3a6ecf6f45c439d8f1b19,28c2715fbc9b16a75dc7e849a907a807c5097918ff49a92fd0b76583533998a8,87c0cf2e0f6e4cf5cf1ed4a0f6eb27af0115a73f61e811e17185afa0d20e738e
f1046a806aadfbe0,late,proof:f1046a806aadfbe0:59876e5489df618306458bcc,30,simple_fork,WinningThreat,edge,60,897e41795fa2ff26e0355378cf8a5167b375d14ef03f185ae2be39fb7c1c6286,0.04907439645056995,0.05,0.05617721235967657,-0.0009256035494300541,-0.007102815909106622,0.04799082003794483,0.4037290715372907,0.0,12,incoming_final_layer_mean_head_attention_mass,5c5e9bde9d50d0bad2d6285920be5c30d82733b1697534ce09a29ce28c102bc1,28c2715fbc9b16a75dc7e849a907a807c5097918ff49a92fd0b76583533998a8,87c0cf2e0f6e4cf5cf1ed4a0f6eb27af0115a73f61e811e17185afa0d20e738e
f1046a806aadfbe0,late,proof:f1046a806aadfbe0:59876e5489df618306458bcc,30,simple_fork,TacticalLineWindow,edge,60,897e41795fa2ff26e0355378cf8a5167b375d14ef03f185ae2be39fb7c1c6286,0.04907439645056995,0.05,0.054101264472062593,-0.0009256035494300541,-0.005026868021492645,0.04799082003794483,0.4037290715372907,0.0,12,incoming_final_layer_mean_head_attention_mass,5c5e9bde9d50d0bad2d6285920be5c30d82733b1697534ce09a29ce28c102bc1,28c2715fbc9b16a75dc7e849a907a807c5097918ff49a92fd0b76583533998a8,87c0cf2e0f6e4cf5cf1ed4a0f6eb27af0115a73f61e811e17185afa0d20e738e
f1046a806aadfbe0,late,proof:f1046a806aadfbe0:59876e5489df618306458bcc,30,simple_fork,CompletionCell,node,60,897e41795fa2ff26e0355378cf8a5167b375d14ef03f185ae2be39fb7c1c6286,0.0571428572287669,0.05714285714285714,0.05580357142162215,8.590975847377891e-11,0.0013392858071447494,0.11805555555555555,0.6571428571428571,0.0,2,incoming_final_layer_mean_head_attention_mass,5c5e9bde9d50d0bad2d6285920be5c30d82733b1697534ce09a29ce28c102bc1,28c2715fbc9b16a75dc7e849a907a807c5097918ff49a92fd0b76583533998a8,87c0cf2e0f6e4cf5cf1ed4a0f6eb27af0115a73f61e811e17185afa0d20e738e
f1046a806aadfbe0,late,proof:f1046a806aadfbe0:59876e5489df618306458bcc,30,simple_fork,ProofSupportedGeometry,edge,60,897e41795fa2ff26e0355378cf8a5167b375d14ef03f185ae2be39fb7c1c6286,0.04907439645056995,0.05,0.053547731623885625,-0.0009256035494300541,-0.004473335173315676,0.04799082003794483,0.4037290715372907,0.0,12,incoming_final_layer_mean_head_attention_mass,5c5e9bde9d50d0bad2d6285920be5c30d82733b1697534ce09a29ce28c102bc1,28c2715fbc9b16a75dc7e849a907a807c5097918ff49a92fd0b76583533998a8,87c0cf2e0f6e4cf5cf1ed4a0f6eb27af0115a73f61e811e17185afa0d20e738e
f1046a806aadfbe0,late,proof:f1046a806aadfbe0:6164ae5ab536c1a3ea8d3b46,23,simple_fork,WinningThreat,edge,60,897e41795fa2ff26e0355378cf8a5167b375d14ef03f185ae2be39fb7c1c6286,0.04907439645056995,0.05,0.05566552838408704,-0.0009256035494300541,-0.00659113193351709,0.04799082003794483,0.4037290715372907,0.0,12,incoming_final_layer_mean_head_attention_mass,5bbcbbd85dd70d06e555b0dfcba95fa449aa7176454e07c327eee44ebb212ae2,28c2715fbc9b16a75dc7e849a907a807c5097918ff49a92fd0b76583533998a8,87c0cf2e0f6e4cf5cf1ed4a0f6eb27af0115a73f61e811e17185afa0d20e738e
f1046a806aadfbe0,late,proof:f1046a806aadfbe0:6164ae5ab536c1a3ea8d3b46,23,simple_fork,TacticalLineWindow,edge,60,897e41795fa2ff26e0355378cf8a5167b375d14ef03f185ae2be39fb7c1c6286,0.04907439645056995,0.05,0.05425996211804293,-0.0009256035494300541,-0.005185565667472983,0.04799082003794483,0.4037290715372907,0.0,12,incoming_final_layer_mean_head_attention_mass,5bbcbbd85dd70d06e555b0dfcba95fa449aa7176454e07c327eee44ebb212ae2,28c2715fbc9b16a75dc7e849a907a807c5097918ff49a92fd0b76583533998a8,87c0cf2e0f6e4cf5cf1ed4a0f6eb27af0115a73f61e811e17185afa0d20e738e
f1046a806aadfbe0,late,proof:f1046a806aadfbe0:6164ae5ab536c1a3ea8d3b46,23,simple_fork,CompletionCell,node,60,897e41795fa2ff26e0355378cf8a5167b375d14ef03f185ae2be39fb7c1c6286,0.0571428572287669,0.05714285714285714,0.05580357143658983,8.590975847377891e-11,0.0013392857921770696,0.11805555555555555,0.6571428571428571,0.0,2,incoming_final_layer_mean_head_attention_mass,5bbcbbd85dd70d06e555b0dfcba95fa449aa7176454e07c327eee44ebb212ae2,28c2715fbc9b16a75dc7e849a907a807c5097918ff49a92fd0b76583533998a8,87c0cf2e0f6e4cf5cf1ed4a0f6eb27af0115a73f61e811e17185afa0d20e738e
f1046a806aadfbe0,late,proof:f1046a806aadfbe0:6164ae5ab536c1a3ea8d3b46,23,simple_fork,ProofSupportedGeometry,edge,60,897e41795fa2ff26e0355378cf8a5167b375d14ef03f185ae2be39fb7c1c6286,0.04907439645056995,0.05,0.05512984253275806,-0.0009256035494300541,-0.0060554460821881095,0.04799082003794483,0.4037290715372907,0.0,12,incoming_final_layer_mean_head_attention_mass,5bbcbbd85dd70d06e555b0dfcba95fa449aa7176454e07c327eee44ebb212ae2,28c2715fbc9b16a75dc7e849a907a807c5097918ff49a92fd0b76583533998a8,87c0cf2e0f6e4cf5cf1ed4a0f6eb27af0115a73f61e811e17185afa0d20e738e
f1046a806aadfbe0,late,proof:f1046a806aadfbe0:8fb093a6fecfc39bcfb98371,22,simple_fork,WinningThreat,edge,60,897e41795fa2ff26e0355378cf8a5167b375d14ef03f185ae2be39fb7c1c6286,0.04907439645056995,0.05,0.052869298007699836,-0.0009256035494300541,-0.003794901557129887,0.04799082003794483,0.4037290715372907,0.0,12,incoming_final_layer_mean_head_attention_mass,7220bfa374b3d2cb7998502e327b998d42f8d1fbfe32d428e97dacba4bcaa672,28c2715fbc9b16a75dc7e849a907a807c5097918ff49a92fd0b76583533998a8,87c0cf2e0f6e4cf5cf1ed4a0f6eb27af0115a73f61e811e17185afa0d20e738e
f1046a806aadfbe0,late,proof:f1046a806aadfbe0:8fb093a6fecfc39bcfb98371,22,simple_fork,TacticalLineWindow,edge,60,897e41795fa2ff26e0355378cf8a5167b375d14ef03f185ae2be39fb7c1c6286,0.04907439645056995,0.05,0.05372106911440637,-0.0009256035494300541,-0.004646672663836421,0.04799082003794483,0.4037290715372907,0.0,12,incoming_final_layer_mean_head_attention_mass,7220bfa374b3d2cb7998502e327b998d42f8d1fbfe32d428e97dacba4bcaa672,28c2715fbc9b16a75dc7e849a907a807c5097918ff49a92fd0b76583533998a8,87c0cf2e0f6e4cf5cf1ed4a0f6eb27af0115a73f61e811e17185afa0d20e738e
f1046a806aadfbe0,late,proof:f1046a806aadfbe0:8fb093a6fecfc39bcfb98371,22,simple_fork,CompletionCell,node,60,897e41795fa2ff26e0355378cf8a5167b375d14ef03f185ae2be39fb7c1c6286,0.0571428572287669,0.05714285714285714,0.05580357139584447,8.590975847377891e-11,0.001339285832922428,0.11805555555555555,0.6571428571428571,0.0,2,incoming_final_layer_mean_head_attention_mass,7220bfa374b3d2cb7998502e327b998d42f8d1fbfe32d428e97dacba4bcaa672,28c2715fbc9b16a75dc7e849a907a807c5097918ff49a92fd0b76583533998a8,87c0cf2e0f6e4cf5cf1ed4a0f6eb27af0115a73f61e811e17185afa0d20e738e
f1046a806aadfbe0,late,proof:f1046a806aadfbe0:8fb093a6fecfc39bcfb98371,22,simple_fork,ProofSupportedGeometry,edge,60,897e41795fa2ff26e0355378cf8a5167b375d14ef03f185ae2be39fb7c1c6286,0.04907439645056995,0.05,0.05367552980627089,-0.0009256035494300541,-0.004601133355700941,0.04799082003794483,0.4037290715372907,0.0,12,incoming_final_layer_mean_head_attention_mass,7220bfa374b3d2cb7998502e327b998d42f8d1fbfe32d428e97dacba4bcaa672,28c2715fbc9b16a75dc7e849a907a807c5097918ff49a92fd0b76583533998a8,87c0cf2e0f6e4cf5cf1ed4a0f6eb27af0115a73f61e811e17185afa0d20e738e
f1046a806aadfbe0,late,proof:f1046a806aadfbe0:9a98eaedab0ae3c0c00b019a,13,simple_fork,WinningThreat,edge,60,897e41795fa2ff26e0355378cf8a5167b375d14ef03f185ae2be39fb7c1c6286,0.04907439645056995,0.05,0.054813651093302475,-0.0009256035494300541,-0.005739254642732526,0.04799082003794483,0.4037290715372907,0.0,12,incoming_final_layer_mean_head_attention_mass,b6770698f5d1216ae6555ca53ab47d0cdee3cd05b573ee8c5a1defb9d1006acc,28c2715fbc9b16a75dc7e849a907a807c5097918ff49a92fd0b76583533998a8,87c0cf2e0f6e4cf5cf1ed4a0f6eb27af0115a73f61e811e17185afa0d20e738e
f1046a806aadfbe0,late,proof:f1046a806aadfbe0:9a98eaedab0ae3c0c00b019a,13,simple_fork,TacticalLineWindow,edge,60,897e41795fa2ff26e0355378cf8a5167b375d14ef03f185ae2be39fb7c1c6286,0.04907439645056995,0.05,0.053716109059180284,-0.0009256035494300541,-0.004641712608610335,0.04799082003794483,0.4037290715372907,0.0,12,incoming_final_layer_mean_head_attention_mass,b6770698f5d1216ae6555ca53ab47d0cdee3cd05b573ee8c5a1defb9d1006acc,28c2715fbc9b16a75dc7e849a907a807c5097918ff49a92fd0b76583533998a8,87c0cf2e0f6e4cf5cf1ed4a0f6eb27af0115a73f61e811e17185afa0d20e738e
f1046a806aadfbe0,late,proof:f1046a806aadfbe0:9a98eaedab0ae3c0c00b019a,13,simple_fork,CompletionCell,node,60,897e41795fa2ff26e0355378cf8a5167b375d14ef03f185ae2be39fb7c1c6286,0.0571428572287669,0.05714285714285714,0.05558035709784124,8.590975847377891e-11,0.0015625001309256606,0.11805555555555555,0.6571428571428571,0.0,2,incoming_final_layer_mean_head_attention_mass,b6770698f5d1216ae6555ca53ab47d0cdee3cd05b573ee8c5a1defb9d1006acc,28c2715fbc9b16a75dc7e849a907a807c5097918ff49a92fd0b76583533998a8,87c0cf2e0f6e4cf5cf1ed4a0f6eb27af0115a73f61e811e17185afa0d20e738e
f1046a806aadfbe0,late,proof:f1046a806aadfbe0:9a98eaedab0ae3c0c00b019a,13,simple_fork,ProofSupportedGeometry,edge,60,897e41795fa2ff26e0355378cf8a5167b375d14ef03f185ae2be39fb7c1c6286,0.04907439645056995,0.05,0.05366850195216485,-0.0009256035494300541,-0.004594105501594899,0.04799082003794483,0.4037290715372907,0.0,12,incoming_final_layer_mean_head_attention_mass,b6770698f5d1216ae6555ca53ab47d0cdee3cd05b573ee8c5a1defb9d1006acc,28c2715fbc9b16a75dc7e849a907a807c5097918ff49a92fd0b76583533998a8,87c0cf2e0f6e4cf5cf1ed4a0f6eb27af0115a73f61e811e17185afa0d20e738e
f1046a806aadfbe0,late,proof:f1046a806aadfbe0:9d7e9d88c964371d3a1a40a6,12,simple_fork,WinningThreat,edge,60,897e41795fa2ff26e0355378cf8a5167b375d14ef03f185ae2be39fb7c1c6286,0.04907439645056995,0.05,0.05446613694072966,-0.0009256035494300541,-0.0053917404901597105,0.04799082003794483,0.4037290715372907,0.0,12,incoming_final_layer_mean_head_attention_mass,552620a0d731ab1dac0e2c896dba0f0dead01a44ba4a055de14279a8f019122e,28c2715fbc9b16a75dc7e849a907a807c5097918ff49a92fd0b76583533998a8,87c0cf2e0f6e4cf5cf1ed4a0f6eb27af0115a73f61e811e17185afa0d20e738e
f1046a806aadfbe0,late,proof:f1046a806aadfbe0:9d7e9d88c964371d3a1a40a6,12,simple_fork,TacticalLineWindow,edge,60,897e41795fa2ff26e0355378cf8a5167b375d14ef03f185ae2be39fb7c1c6286,0.04907439645056995,0.05,0.05466415514635085,-0.0009256035494300541,-0.005589758695780898,0.04799082003794483,0.4037290715372907,0.0,12,incoming_final_layer_mean_head_attention_mass,552620a0d731ab1dac0e2c896dba0f0dead01a44ba4a055de14279a8f019122e,28c2715fbc9b16a75dc7e849a907a807c5097918ff49a92fd0b76583533998a8,87c0cf2e0f6e4cf5cf1ed4a0f6eb27af0115a73f61e811e17185afa0d20e738e
f1046a806aadfbe0,late,proof:f1046a806aadfbe0:9d7e9d88c964371d3a1a40a6,12,simple_fork,CompletionCell,node,60,897e41795fa2ff26e0355378cf8a5167b375d14ef03f185ae2be39fb7c1c6286,0.0571428572287669,0.05714285714285714,0.055133928566694745,8.590975847377891e-11,0.002008928662072154,0.11805555555555555,0.6571428571428571,0.0,2,incoming_final_layer_mean_head_attention_mass,552620a0d731ab1dac0e2c896dba0f0dead01a44ba4a055de14279a8f019122e,28c2715fbc9b16a75dc7e849a907a807c5097918ff49a92fd0b76583533998a8,87c0cf2e0f6e4cf5cf1ed4a0f6eb27af0115a73f61e811e17185afa0d20e738e
f1046a806aadfbe0,late,proof:f1046a806aadfbe0:9d7e9d88c964371d3a1a40a6,12,simple_fork,ProofSupportedGeometry,edge,60,897e41795fa2ff26e0355378cf8a5167b375d14ef03f185ae2be39fb7c1c6286,0.04907439645056995,0.05,0.055297876847196524,-0.0009256035494300541,-0.006223480396626575,0.04799082003794483,0.4037290715372907,0.0,12,incoming_final_layer_mean_head_attention_mass,552620a0d731ab1dac0e2c896dba0f0dead01a44ba4a055de14279a8f019122e,28c2715fbc9b16a75dc7e849a907a807c5097918ff49a92fd0b76583533998a8,87c0cf2e0f6e4cf5cf1ed4a0f6eb27af0115a73f61e811e17185afa0d20e738e
f1046a806aadfbe0,late,proof:f1046a806aadfbe0:a129f81df7eb7bd0a95f50ae,35,simple_fork,WinningThreat,edge,60,897e41795fa2ff26e0355378cf8a5167b375d14ef03f185ae2be39fb7c1c6286,0.04907439645056995,0.05,0.05185337589401873,-0.0009256035494300541,-0.0027789794434487786,0.04799082003794483,0.4037290715372907,0.0,12,incoming_final_layer_mean_head_attention_mass,cf1526ee5e47a1d046cdfa9fce01c8ea44756cab307cffcf268c66e242ec3568,28c2715fbc9b16a75dc7e849a907a807c5097918ff49a92fd0b76583533998a8,87c0cf2e0f6e4cf5cf1ed4a0f6eb27af0115a73f61e811e17185afa0d20e738e
f1046a806aadfbe0,late,proof:f1046a806aadfbe0:a129f81df7eb7bd0a95f50ae,35,simple_fork,TacticalLineWindow,edge,60,897e41795fa2ff26e0355378cf8a5167b375d14ef03f185ae2be39fb7c1c6286,0.04907439645056995,0.05,0.05385115816405879,-0.0009256035494300541,-0.004776761713488842,0.04799082003794483,0.4037290715372907,0.0,12,incoming_final_layer_mean_head_attention_mass,cf1526ee5e47a1d046cdfa9fce01c8ea44756cab307cffcf268c66e242ec3568,28c2715fbc9b16a75dc7e849a907a807c5097918ff49a92fd0b76583533998a8,87c0cf2e0f6e4cf5cf1ed4a0f6eb27af0115a73f61e811e17185afa0d20e738e
f1046a806aadfbe0,late,proof:f1046a806aadfbe0:a129f81df7eb7bd0a95f50ae,35,simple_fork,CompletionCell,node,60,897e41795fa2ff26e0355378cf8a5167b375d14ef03f185ae2be39fb7c1c6286,0.0571428572287669,0.05714285714285714,0.056026785756213046,8.590975847377891e-11,0.0011160714725538534,0.11805555555555555,0.6571428571428571,0.0,2,incoming_final_layer_mean_head_attention_mass,cf1526ee5e47a1d046cdfa9fce01c8ea44756cab307cffcf268c66e242ec3568,28c2715fbc9b16a75dc7e849a907a807c5097918ff49a92fd0b76583533998a8,87c0cf2e0f6e4cf5cf1ed4a0f6eb27af0115a73f61e811e17185afa0d20e738e
f1046a806aadfbe0,late,proof:f1046a806aadfbe0:a129f81df7eb7bd0a95f50ae,35,simple_fork,ProofSupportedGeometry,edge,60,897e41795fa2ff26e0355378cf8a5167b375d14ef03f185ae2be39fb7c1c6286,0.04907439645056995,0.05,0.053792106576927665,-0.0009256035494300541,-0.004717710126357716,0.04799082003794483,0.4037290715372907,0.0,12,incoming_final_layer_mean_head_attention_mass,cf1526ee5e47a1d046cdfa9fce01c8ea44756cab307cffcf268c66e242ec3568,28c2715fbc9b16a75dc7e849a907a807c5097918ff49a92fd0b76583533998a8,87c0cf2e0f6e4cf5cf1ed4a0f6eb27af0115a73f61e811e17185afa0d20e738e
f1046a806aadfbe0,late,proof:f1046a806aadfbe0:a3775f8b59607d93fae75fb0,33,simple_fork,WinningThreat,edge,60,897e41795fa2ff26e0355378cf8a5167b375d14ef03f185ae2be39fb7c1c6286,0.04907439645056995,0.05,0.054571271824837814,-0.0009256035494300541,-0.005496875374267865,0.04799082003794483,0.4037290715372907,0.0,12,incoming_final_layer_mean_head_attention_mass,c909b6bfc97b7df2d2bc96ad143cacd86744bab85e983162ca9a907536f677f9,28c2715fbc9b16a75dc7e849a907a807c5097918ff49a92fd0b76583533998a8,87c0cf2e0f6e4cf5cf1ed4a0f6eb27af0115a73f61e811e17185afa0d20e738e
f1046a806aadfbe0,late,proof:f1046a806aadfbe0:a3775f8b59607d93fae75fb0,33,simple_fork,TacticalLineWindow,edge,60,897e41795fa2ff26e0355378cf8a5167b375d14ef03f185ae2be39fb7c1c6286,0.04907439645056995,0.05,0.0536421454343504,-0.0009256035494300541,-0.004567748983780449,0.04799082003794483,0.4037290715372907,0.0,12,incoming_final_layer_mean_head_attention_mass,c909b6bfc97b7df2d2bc96ad143cacd86744bab85e983162ca9a907536f677f9,28c2715fbc9b16a75dc7e849a907a807c5097918ff49a92fd0b76583533998a8,87c0cf2e0f6e4cf5cf1ed4a0f6eb27af0115a73f61e811e17185afa0d20e738e
f1046a806aadfbe0,late,proof:f1046a806aadfbe0:a3775f8b59607d93fae75fb0,33,simple_fork,CompletionCell,node,60,897e41795fa2ff26e0355378cf8a5167b375d14ef03f185ae2be39fb7c1c6286,0.0571428572287669,0.05714285714285714,0.05468750001891749,8.590975847377891e-11,0.002455357209849407,0.11805555555555555,0.6571428571428571,0.0,2,incoming_final_layer_mean_head_attention_mass,c909b6bfc97b7df2d2bc96ad143cacd86744bab85e983162ca9a907536f677f9,28c2715fbc9b16a75dc7e849a907a807c5097918ff49a92fd0b76583533998a8,87c0cf2e0f6e4cf5cf1ed4a0f6eb27af0115a73f61e811e17185afa0d20e738e
f1046a806aadfbe0,late,proof:f1046a806aadfbe0:a3775f8b59607d93fae75fb0,33,simple_fork,ProofSupportedGeometry,edge,60,897e41795fa2ff26e0355378cf8a5167b375d14ef03f185ae2be39fb7c1c6286,0.04907439645056995,0.05,0.05581098508275671,-0.0009256035494300541,-0.006736588632186763,0.04799082003794483,0.4037290715372907,0.0,12,incoming_final_layer_mean_head_attention_mass,c909b6bfc97b7df2d2bc96ad143cacd86744bab85e983162ca9a907536f677f9,28c2715fbc9b16a75dc7e849a907a807c5097918ff49a92fd0b76583533998a8,87c0cf2e0f6e4cf5cf1ed4a0f6eb27af0115a73f61e811e17185afa0d20e738e
f1046a806aadfbe0,late,proof:f1046a806aadfbe0:ad3ced880f726836098ef226,6,simple_fork,WinningThreat,edge,60,897e41795fa2ff26e0355378cf8a5167b375d14ef03f185ae2be39fb7c1c6286,0.04907439645056995,0.05,0.055301166141323584,-0.0009256035494300541,-0.006226769690753635,0.04799082003794483,0.4037290715372907,0.0,12,incoming_final_layer_mean_head_attention_mass,fa7171840fe899b6f20b6c392fd29f42cbea7f61f052000c9cce8edf29fcf3ed,28c2715fbc9b16a75dc7e849a907a807c5097918ff49a92fd0b76583533998a8,87c0cf2e0f6e4cf5cf1ed4a0f6eb27af0115a73f61e811e17185afa0d20e738e
f1046a806aadfbe0,late,proof:f1046a806aadfbe0:ad3ced880f726836098ef226,6,simple_fork,TacticalLineWindow,edge,60,897e41795fa2ff26e0355378cf8a5167b375d14ef03f185ae2be39fb7c1c6286,0.04907439645056995,0.05,0.05521106682820131,-0.0009256035494300541,-0.0061366703776313605,0.04799082003794483,0.4037290715372907,0.0,12,incoming_final_layer_mean_head_attention_mass,fa7171840fe899b6f20b6c392fd29f42cbea7f61f052000c9cce8edf29fcf3ed,28c2715fbc9b16a75dc7e849a907a807c5097918ff49a92fd0b76583533998a8,87c0cf2e0f6e4cf5cf1ed4a0f6eb27af0115a73f61e811e17185afa0d20e738e
f1046a806aadfbe0,late,proof:f1046a806aadfbe0:ad3ced880f726836098ef226,6,simple_fork,CompletionCell,node,60,897e41795fa2ff26e0355378cf8a5167b375d14ef03f185ae2be39fb7c1c6286,0.0571428572287669,0.05714285714285714,0.05558035711530354,8.590975847377891e-11,0.0015625001134633582,0.11805555555555555,0.6571428571428571,0.0,2,incoming_final_layer_mean_head_attention_mass,fa7171840fe899b6f20b6c392fd29f42cbea7f61f052000c9cce8edf29fcf3ed,28c2715fbc9b16a75dc7e849a907a807c5097918ff49a92fd0b76583533998a8,87c0cf2e0f6e4cf5cf1ed4a0f6eb27af0115a73f61e811e17185afa0d20e738e
f1046a806aadfbe0,late,proof:f1046a806aadfbe0:ad3ced880f726836098ef226,6,simple_fork,ProofSupportedGeometry,edge,60,897e41795fa2ff26e0355378cf8a5167b375d14ef03f185ae2be39fb7c1c6286,0.04907439645056995,0.05,0.0532481684550525,-0.0009256035494300541,-0.004173772004482552,0.04799082003794483,0.4037290715372907,0.0,12,incoming_final_layer_mean_head_attention_mass,fa7171840fe899b6f20b6c392fd29f42cbea7f61f052000c9cce8edf29fcf3ed,28c2715fbc9b16a75dc7e849a907a807c5097918ff49a92fd0b76583533998a8,87c0cf2e0f6e4cf5cf1ed4a0f6eb27af0115a73f61e811e17185afa0d20e738e
f1046a806aadfbe0,late,proof:f1046a806aadfbe0:bb79a1ce4307bd5b53c2f1c4,27,simple_fork,WinningThreat,edge,60,897e41795fa2ff26e0355378cf8a5167b375d14ef03f185ae2be39fb7c1c6286,0.05646251797276049,0.05714285714285714,0.06454887951006408,-0.0006803391700966541,-0.00808636153730359,0.055416703721062395,0.41748206131767773,0.0,14,incoming_final_layer_mean_head_attention_mass,15851bae84bab3eab11945be914ba78c2a89fd94bbaef8ce6cd3d9097656303b,28c2715fbc9b16a75dc7e849a907a807c5097918ff49a92fd0b76583533998a8,87c0cf2e0f6e4cf5cf1ed4a0f6eb27af0115a73f61e811e17185afa0d20e738e
f1046a806aadfbe0,late,proof:f1046a806aadfbe0:bb79a1ce4307bd5b53c2f1c4,27,simple_fork,TacticalLineWindow,edge,60,897e41795fa2ff26e0355378cf8a5167b375d14ef03f185ae2be39fb7c1c6286,0.05646251797276049,0.05714285714285714,0.06224500118842361,-0.0006803391700966541,-0.005782483215663124,0.055416703721062395,0.41748206131767773,0.0,14,incoming_final_layer_mean_head_attention_mass,15851bae84bab3eab11945be914ba78c2a89fd94bbaef8ce6cd3d9097656303b,28c2715fbc9b16a75dc7e849a907a807c5097918ff49a92fd0b76583533998a8,87c0cf2e0f6e4cf5cf1ed4a0f6eb27af0115a73f61e811e17185afa0d20e738e
f1046a806aadfbe0,late,proof:f1046a806aadfbe0:bb79a1ce4307bd5b53c2f1c4,27,simple_fork,CompletionCell,node,60,897e41795fa2ff26e0355378cf8a5167b375d14ef03f185ae2be39fb7c1c6286,0.0571428572287669,0.05714285714285714,0.05513392857750474,8.590975847377891e-11,0.0020089286512621624,0.11805555555555555,0.6571428571428571,0.0,2,incoming_final_layer_mean_head_attention_mass,15851bae84bab3eab11945be914ba78c2a89fd94bbaef8ce6cd3d9097656303b,28c2715fbc9b16a75dc7e849a907a807c5097918ff49a92fd0b76583533998a8,87c0cf2e0f6e4cf5cf1ed4a0f6eb27af0115a73f61e811e17185afa0d20e738e
f1046a806aadfbe0,late,proof:f1046a806aadfbe0:bb79a1ce4307bd5b53c2f1c4,27,simple_fork,ProofSupportedGeometry,edge,60,897e41795fa2ff26e0355378cf8a5167b375d14ef03f185ae2be39fb7c1c6286,0.05646251797276049,0.05714285714285714,0.06295426825406476,-0.0006803391700966541,-0.006491750281304276,0.055416703721062395,0.41748206131767773,0.0,14,incoming_final_layer_mean_head_attention_mass,15851bae84bab3eab11945be914ba78c2a89fd94bbaef8ce6cd3d9097656303b,28c2715fbc9b16a75dc7e849a907a807c5097918ff49a92fd0b76583533998a8,87c0cf2e0f6e4cf5cf1ed4a0f6eb27af0115a73f61e811e17185afa0d20e738e
f1046a806aadfbe0,late,proof:f1046a806aadfbe0:c2eed58f1c5ff56ad28524cc,28,simple_fork,WinningThreat,edge,60,897e41795fa2ff26e0355378cf8a5167b375d14ef03f185ae2be39fb7c1c6286,0.04907439645056995,0.05,0.05477445708044251,-0.0009256035494300541,-0.005700060629872564,0.04799082003794483,0.4037290715372907,0.0,12,incoming_final_layer_mean_head_attention_mass,b6231a2ab45203511becbeb02cdcc91b6908f287e76141626cd8bd70b496fa2c,28c2715fbc9b16a75dc7e849a907a807c5097918ff49a92fd0b76583533998a8,87c0cf2e0f6e4cf5cf1ed4a0f6eb27af0115a73f61e811e17185afa0d20e738e
f1046a806aadfbe0,late,proof:f1046a806aadfbe0:c2eed58f1c5ff56ad28524cc,28,simple_fork,TacticalLineWindow,edge,60,897e41795fa2ff26e0355378cf8a5167b375d14ef03f185ae2be39fb7c1c6286,0.04907439645056995,0.05,0.053406967792310994,-0.0009256035494300541,-0.0043325713417410455,0.04799082003794483,0.4037290715372907,0.0,12,incoming_final_layer_mean_head_attention_mass,b6231a2ab45203511becbeb02cdcc91b6908f287e76141626cd8bd70b496fa2c,28c2715fbc9b16a75dc7e849a907a807c5097918ff49a92fd0b76583533998a8,87c0cf2e0f6e4cf5cf1ed4a0f6eb27af0115a73f61e811e17185afa0d20e738e
f1046a806aadfbe0,late,proof:f1046a806aadfbe0:c2eed58f1c5ff56ad28524cc,28,simple_fork,CompletionCell,node,60,897e41795fa2ff26e0355378cf8a5167b375d14ef03f185ae2be39fb7c1c6286,0.0571428572287669,0.05714285714285714,0.05558035714357583,8.590975847377891e-11,0.0015625000851910709,0.11805555555555555,0.6571428571428571,0.0,2,incoming_final_layer_mean_head_attention_mass,b6231a2ab45203511becbeb02cdcc91b6908f287e76141626cd8bd70b496fa2c,28c2715fbc9b16a75dc7e849a907a807c5097918ff49a92fd0b76583533998a8,87c0cf2e0f6e4cf5cf1ed4a0f6eb27af0115a73f61e811e17185afa0d20e738e
f1046a806aadfbe0,late,proof:f1046a806aadfbe0:c2eed58f1c5ff56ad28524cc,28,simple_fork,ProofSupportedGeometry,edge,60,897e41795fa2ff26e0355378cf8a5167b375d14ef03f185ae2be39fb7c1c6286,0.04907439645056995,0.05,0.053869038758368626,-0.0009256035494300541,-0.004794642307798677,0.04799082003794483,0.4037290715372907,0.0,12,incoming_final_layer_mean_head_attention_mass,b6231a2ab45203511becbeb02cdcc91b6908f287e76141626cd8bd70b496fa2c,28c2715fbc9b16a75dc7e849a907a807c5097918ff49a92fd0b76583533998a8,87c0cf2e0f6e4cf5cf1ed4a0f6eb27af0115a73f61e811e17185afa0d20e738e
f1046a806aadfbe0,late,proof:f1046a806aadfbe0:d33bec23f4f864224132d29c,31,simple_fork,WinningThreat,edge,60,897e41795fa2ff26e0355378cf8a5167b375d14ef03f185ae2be39fb7c1c6286,0.04907439645056995,0.05,0.053831904589895986,-0.0009256035494300541,-0.004757508139326037,0.04799082003794483,0.4037290715372907,0.0,12,incoming_final_layer_mean_head_attention_mass,5c816ecffc6736753704332a1d5e1fb5eb927bee59414bdc5e212891f0580b96,28c2715fbc9b16a75dc7e849a907a807c5097918ff49a92fd0b76583533998a8,87c0cf2e0f6e4cf5cf1ed4a0f6eb27af0115a73f61e811e17185afa0d20e738e
f1046a806aadfbe0,late,proof:f1046a806aadfbe0:d33bec23f4f864224132d29c,31,simple_fork,TacticalLineWindow,edge,60,897e41795fa2ff26e0355378cf8a5167b375d14ef03f185ae2be39fb7c1c6286,0.04907439645056995,0.05,0.05548491639447578,-0.0009256035494300541,-0.006410519943905832,0.04799082003794483,0.4037290715372907,0.0,12,incoming_final_layer_mean_head_attention_mass,5c816ecffc6736753704332a1d5e1fb5eb927bee59414bdc5e212891f0580b96,28c2715fbc9b16a75dc7e849a907a807c5097918ff49a92fd0b76583533998a8,87c0cf2e0f6e4cf5cf1ed4a0f6eb27af0115a73f61e811e17185afa0d20e738e
f1046a806aadfbe0,late,proof:f1046a806aadfbe0:d33bec23f4f864224132d29c,31,simple_fork,CompletionCell,node,60,897e41795fa2ff26e0355378cf8a5167b375d14ef03f185ae2be39fb7c1c6286,0.0571428572287669,0.05714285714285714,0.05491071427118613,8.590975847377891e-11,0.002232142957580771,0.11805555555555555,0.6571428571428571,0.0,2,incoming_final_layer_mean_head_attention_mass,5c816ecffc6736753704332a1d5e1fb5eb927bee59414bdc5e212891f0580b96,28c2715fbc9b16a75dc7e849a907a807c5097918ff49a92fd0b76583533998a8,87c0cf2e0f6e4cf5cf1ed4a0f6eb27af0115a73f61e811e17185afa0d20e738e
f1046a806aadfbe0,late,proof:f1046a806aadfbe0:d33bec23f4f864224132d29c,31,simple_fork,ProofSupportedGeometry,edge,60,897e41795fa2ff26e0355378cf8a5167b375d14ef03f185ae2be39fb7c1c6286,0.04907439645056995,0.05,0.05398200043331587,-0.0009256035494300541,-0.004907603982745923,0.04799082003794483,0.4037290715372907,0.0,12,incoming_final_layer_mean_head_attention_mass,5c816ecffc6736753704332a1d5e1fb5eb927bee59414bdc5e212891f0580b96,28c2715fbc9b16a75dc7e849a907a807c5097918ff49a92fd0b76583533998a8,87c0cf2e0f6e4cf5cf1ed4a0f6eb27af0115a73f61e811e17185afa0d20e738e
f1046a806aadfbe0,late,proof:f1046a806aadfbe0:e63668ecdf1f97d9a849076e,29,simple_fork,WinningThreat,edge,60,897e41795fa2ff26e0355378cf8a5167b375d14ef03f185ae2be39fb7c1c6286,0.04907439645056995,0.05,0.054507884601004836,-0.0009256035494300541,-0.005433488150434887,0.04799082003794483,0.4037290715372907,0.0,12,incoming_final_layer_mean_head_attention_mass,f140f724a3561cfda2ce78d3196702727c63937f5baa9f5f817e2ef7811130ef,28c2715fbc9b16a75dc7e849a907a807c5097918ff49a92fd0b76583533998a8,87c0cf2e0f6e4cf5cf1ed4a0f6eb27af0115a73f61e811e17185afa0d20e738e
f1046a806aadfbe0,late,proof:f1046a806aadfbe0:e63668ecdf1f97d9a849076e,29,simple_fork,TacticalLineWindow,edge,60,897e41795fa2ff26e0355378cf8a5167b375d14ef03f185ae2be39fb7c1c6286,0.04907439645056995,0.05,0.0555673285552743,-0.0009256035494300541,-0.006492932104704349,0.04799082003794483,0.4037290715372907,0.0,12,incoming_final_layer_mean_head_attention_mass,f140f724a3561cfda2ce78d3196702727c63937f5baa9f5f817e2ef7811130ef,28c2715fbc9b16a75dc7e849a907a807c5097918ff49a92fd0b76583533998a8,87c0cf2e0f6e4cf5cf1ed4a0f6eb27af0115a73f61e811e17185afa0d20e738e
f1046a806aadfbe0,late,proof:f1046a806aadfbe0:e63668ecdf1f97d9a849076e,29,simple_fork,CompletionCell,node,60,897e41795fa2ff26e0355378cf8a5167b375d14ef03f185ae2be39fb7c1c6286,0.0571428572287669,0.05714285714285714,0.05558035713941814,8.590975847377891e-11,0.001562500089348759,0.11805555555555555,0.6571428571428571,0.0,2,incoming_final_layer_mean_head_attention_mass,f140f724a3561cfda2ce78d3196702727c63937f5baa9f5f817e2ef7811130ef,28c2715fbc9b16a75dc7e849a907a807c5097918ff49a92fd0b76583533998a8,87c0cf2e0f6e4cf5cf1ed4a0f6eb27af0115a73f61e811e17185afa0d20e738e
f1046a806aadfbe0,late,proof:f1046a806aadfbe0:e63668ecdf1f97d9a849076e,29,simple_fork,ProofSupportedGeometry,edge,60,897e41795fa2ff26e0355378cf8a5167b375d14ef03f185ae2be39fb7c1c6286,0.04907439645056995,0.05,0.0543793149700386,-0.0009256035494300541,-0.005304918519468654,0.04799082003794483,0.4037290715372907,0.0,12,incoming_final_layer_mean_head_attention_mass,f140f724a3561cfda2ce78d3196702727c63937f5baa9f5f817e2ef7811130ef,28c2715fbc9b16a75dc7e849a907a807c5097918ff49a92fd0b76583533998a8,87c0cf2e0f6e4cf5cf1ed4a0f6eb27af0115a73f61e811e17185afa0d20e738e
f1046a806aadfbe0,late,proof:f1046a806aadfbe0:e861e6d93548a689d7a91b4e,25,simple_fork,WinningThreat,edge,60,897e41795fa2ff26e0355378cf8a5167b375d14ef03f185ae2be39fb7c1c6286,0.05652733275527541,0.05714285714285714,0.06443892843013212,-0.0006155243875817298,-0.007911595674856706,0.054503722855254844,0.40117416829745595,0.0,14,incoming_final_layer_mean_head_attention_mass,d94d4174e1e1cb9257fa7490922e6c878ff564b108d1c66e86b770e8c85d5eb8,28c2715fbc9b16a75dc7e849a907a807c5097918ff49a92fd0b76583533998a8,87c0cf2e0f6e4cf5cf1ed4a0f6eb27af0115a73f61e811e17185afa0d20e738e
f1046a806aadfbe0,late,proof:f1046a806aadfbe0:e861e6d93548a689d7a91b4e,25,simple_fork,TacticalLineWindow,edge,60,897e41795fa2ff26e0355378cf8a5167b375d14ef03f185ae2be39fb7c1c6286,0.05652733275527541,0.05714285714285714,0.0625375467543513,-0.0006155243875817298,-0.006010213999075892,0.054503722855254844,0.40117416829745595,0.0,14,incoming_final_layer_mean_head_attention_mass,d94d4174e1e1cb9257fa7490922e6c878ff564b108d1c66e86b770e8c85d5eb8,28c2715fbc9b16a75dc7e849a907a807c5097918ff49a92fd0b76583533998a8,87c0cf2e0f6e4cf5cf1ed4a0f6eb27af0115a73f61e811e17185afa0d20e738e
f1046a806aadfbe0,late,proof:f1046a806aadfbe0:e861e6d93548a689d7a91b4e,25,simple_fork,CompletionCell,node,60,897e41795fa2ff26e0355378cf8a5167b375d14ef03f185ae2be39fb7c1c6286,0.0571428572287669,0.05714285714285714,0.0566964285554274,8.590975847377891e-11,0.0004464286733395009,0.11805555555555555,0.6571428571428571,0.0,2,incoming_final_layer_mean_head_attention_mass,d94d4174e1e1cb9257fa7490922e6c878ff564b108d1c66e86b770e8c85d5eb8,28c2715fbc9b16a75dc7e849a907a807c5097918ff49a92fd0b76583533998a8,87c0cf2e0f6e4cf5cf1ed4a0f6eb27af0115a73f61e811e17185afa0d20e738e
f1046a806aadfbe0,late,proof:f1046a806aadfbe0:e861e6d93548a689d7a91b4e,25,simple_fork,ProofSupportedGeometry,edge,60,897e41795fa2ff26e0355378cf8a5167b375d14ef03f185ae2be39fb7c1c6286,0.05652733275527541,0.05714285714285714,0.061123626365164496,-0.0006155243875817298,-0.004596293609889085,0.054503722855254844,0.40117416829745595,0.0,14,incoming_final_layer_mean_head_attention_mass,d94d4174e1e1cb9257fa7490922e6c878ff564b108d1c66e86b770e8c85d5eb8,28c2715fbc9b16a75dc7e849a907a807c5097918ff49a92fd0b76583533998a8,87c0cf2e0f6e4cf5cf1ed4a0f6eb27af0115a73f61e811e17185afa0d20e738e
f1046a806aadfbe0,late,proof:f1046a806aadfbe0:f06431b5179509e9d040f70d,24,simple_fork,WinningThreat,edge,60,897e41795fa2ff26e0355378cf8a5167b375d14ef03f185ae2be39fb7c1c6286,0.04907439645056995,0.05,0.0535660821103478,-0.0009256035494300541,-0.004491685659777853,0.04799082003794483,0.4037290715372907,0.0,12,incoming_final_layer_mean_head_attention_mass,32b59bad859ed3b462c65988177a79247979127ed6d1cf383a8ae7084ed666e3,28c2715fbc9b16a75dc7e849a907a807c5097918ff49a92fd0b76583533998a8,87c0cf2e0f6e4cf5cf1ed4a0f6eb27af0115a73f61e811e17185afa0d20e738e
f1046a806aadfbe0,late,proof:f1046a806aadfbe0:f06431b5179509e9d040f70d,24,simple_fork,TacticalLineWindow,edge,60,897e41795fa2ff26e0355378cf8a5167b375d14ef03f185ae2be39fb7c1c6286,0.04907439645056995,0.05,0.0545620935020057,-0.0009256035494300541,-0.005487697051435751,0.04799082003794483,0.4037290715372907,0.0,12,incoming_final_layer_mean_head_attention_mass,32b59bad859ed3b462c65988177a79247979127ed6d1cf383a8ae7084ed666e3,28c2715fbc9b16a75dc7e849a907a807c5097918ff49a92fd0b76583533998a8,87c0cf2e0f6e4cf5cf1ed4a0f6eb27af0115a73f61e811e17185afa0d20e738e
f1046a806aadfbe0,late,proof:f1046a806aadfbe0:f06431b5179509e9d040f70d,24,simple_fork,CompletionCell,node,60,897e41795fa2ff26e0355378cf8a5167b375d14ef03f185ae2be39fb7c1c6286,0.0571428572287669,0.05714285714285714,0.056473214262413404,8.590975847377891e-11,0.0006696429663534953,0.11805555555555555,0.6571428571428571,0.0,2,incoming_final_layer_mean_head_attention_mass,32b59bad859ed3b462c65988177a79247979127ed6d1cf383a8ae7084ed666e3,28c2715fbc9b16a75dc7e849a907a807c5097918ff49a92fd0b76583533998a8,87c0cf2e0f6e4cf5cf1ed4a0f6eb27af0115a73f61e811e17185afa0d20e738e
f1046a806aadfbe0,late,proof:f1046a806aadfbe0:f06431b5179509e9d040f70d,24,simple_fork,ProofSupportedGeometry,edge,60,897e41795fa2ff26e0355378cf8a5167b375d14ef03f185ae2be39fb7c1c6286,0.04907439645056995,0.05,0.05412865827450826,-0.0009256035494300541,-0.005054261823938311,0.04799082003794483,0.4037290715372907,0.0,12,incoming_final_layer_mean_head_attention_mass,32b59bad859ed3b462c65988177a79247979127ed6d1cf383a8ae7084ed666e3,28c2715fbc9b16a75dc7e849a907a807c5097918ff49a92fd0b76583533998a8,87c0cf2e0f6e4cf5cf1ed4a0f6eb27af0115a73f61e811e17185afa0d20e738e
6fc2092861b32642,late,proof:6fc2092861b32642:0262ef99f03f774954bbd031,34,simple_fork,WinningThreat,edge,60,897e41795fa2ff26e0355378cf8a5167b375d14ef03f185ae2be39fb7c1c6286,0.049066508853903755,0.05,0.05493070261298903,-0.0009334911460962478,-0.0058641937590852775,0.04785787111423048,0.40449010654490114,0.0,12,incoming_final_layer_mean_head_attention_mass,7ab6dc0a1baa45527a69490379a4b99b714de18e72e187f9f832f39a6300f42b,28c2715fbc9b16a75dc7e849a907a807c5097918ff49a92fd0b76583533998a8,87c0cf2e0f6e4cf5cf1ed4a0f6eb27af0115a73f61e811e17185afa0d20e738e
6fc2092861b32642,late,proof:6fc2092861b32642:0262ef99f03f774954bbd031,34,simple_fork,TacticalLineWindow,edge,60,897e41795fa2ff26e0355378cf8a5167b375d14ef03f185ae2be39fb7c1c6286,0.049066508853903755,0.05,0.054562688250615714,-0.0009334911460962478,-0.005496179396711959,0.04785787111423048,0.40449010654490114,0.0,12,incoming_final_layer_mean_head_attention_mass,7ab6dc0a1baa45527a69490379a4b99b714de18e72e187f9f832f39a6300f42b,28c2715fbc9b16a75dc7e849a907a807c5097918ff49a92fd0b76583533998a8,87c0cf2e0f6e4cf5cf1ed4a0f6eb27af0115a73f61e811e17185afa0d20e738e
6fc2092861b32642,late,proof:6fc2092861b32642:0262ef99f03f774954bbd031,34,simple_fork,CompletionCell,node,60,897e41795fa2ff26e0355378cf8a5167b375d14ef03f185ae2be39fb7c1c6286,0.057142857200257025,0.05714285714285714,0.056026785729299436,5.7399883457431855e-11,0.0011160714709575886,0.10096153846153846,0.6142857142857143,0.0,2,incoming_final_layer_mean_head_attention_mass,7ab6dc0a1baa45527a69490379a4b99b714de18e72e187f9f832f39a6300f42b,28c2715fbc9b16a75dc7e849a907a807c5097918ff49a92fd0b76583533998a8,87c0cf2e0f6e4cf5cf1ed4a0f6eb27af0115a73f61e811e17185afa0d20e738e
6fc2092861b32642,late,proof:6fc2092861b32642:0262ef99f03f774954bbd031,34,simple_fork,ProofSupportedGeometry,edge,60,897e41795fa2ff26e0355378cf8a5167b375d14ef03f185ae2be39fb7c1c6286,0.049066508853903755,0.05,0.05516060190607433,-0.0009334911460962478,-0.006094093052170575,0.04785787111423048,0.40449010654490114,0.0,12,incoming_final_layer_mean_head_attention_mass,7ab6dc0a1baa45527a69490379a4b99b714de18e72e187f9f832f39a6300f42b,28c2715fbc9b16a75dc7e849a907a807c5097918ff49a92fd0b76583533998a8,87c0cf2e0f6e4cf5cf1ed4a0f6eb27af0115a73f61e811e17185afa0d20e738e
6fc2092861b32642,late,proof:6fc2092861b32642:0ea340a51fc01f4b8e85df7b,20,immediate_win|winning_line,WinningThreat,edge,60,897e41795fa2ff26e0355378cf8a5167b375d14ef03f185ae2be39fb7c1c6286,0.024154826266668077,0.025,0.027082318647173684,-0.0008451737333319241,-0.0029274923805056065,0.03060237851676494,0.4033485540334855,0.0,6,incoming_final_layer_mean_head_attention_mass,8ed99feedddea71b7b2bbbd15a89a4d5823d176264ab584062bd5deb55f048c0,28c2715fbc9b16a75dc7e849a907a807c5097918ff49a92fd0b76583533998a8,87c0cf2e0f6e4cf5cf1ed4a0f6eb27af0115a73f61e811e17185afa0d20e738e
6fc2092861b32642,late,proof:6fc2092861b32642:0ea340a51fc01f4b8e85df7b,20,immediate_win|winning_line,TacticalLineWindow,edge,60,897e41795fa2ff26e0355378cf8a5167b375d14ef03f185ae2be39fb7c1c6286,0.024154826266668077,0.025,0.026362058938649395,-0.0008451737333319241,-0.0022072326719813178,0.03060237851676494,0.4033485540334855,0.0,6,incoming_final_layer_mean_head_attention_mass,8ed99feedddea71b7b2bbbd15a89a4d5823d176264ab584062bd5deb55f048c0,28c2715fbc9b16a75dc7e849a907a807c5097918ff49a92fd0b76583533998a8,87c0cf2e0f6e4cf5cf1ed4a0f6eb27af0115a73f61e811e17185afa0d20e738e
6fc2092861b32642,late,proof:6fc2092861b32642:0ea340a51fc01f4b8e85df7b,20,immediate_win|winning_line,CompletionCell,node,60,897e41795fa2ff26e0355378cf8a5167b375d14ef03f185ae2be39fb7c1c6286,0.028571428586823905,0.02857142857142857,0.02767857140107722,1.5395334312939823e-11,0.0008928571857466858,0.0625,0.5714285714285714,0.0,1,incoming_final_layer_mean_head_attention_mass,8ed99feedddea71b7b2bbbd15a89a4d5823d176264ab584062bd5deb55f048c0,28c2715fbc9b16a75dc7e849a907a807c5097918ff49a92fd0b76583533998a8,87c0cf2e0f6e4cf5cf1ed4a0f6eb27af0115a73f61e811e17185afa0d20e738e
6fc2092861b32642,late,proof:6fc2092861b32642:0ea340a51fc01f4b8e85df7b,20,immediate_win|winning_line,ProofSupportedGeometry,edge,60,897e41795fa2ff26e0355378cf8a5167b375d14ef03f185ae2be39fb7c1c6286,0.024154826266668077,0.025,0.026902728917304164,-0.0008451737333319241,-0.0027479026506360867,0.03060237851676494,0.4033485540334855,0.0,6,incoming_final_layer_mean_head_attention_mass,8ed99feedddea71b7b2bbbd15a89a4d5823d176264ab584062bd5deb55f048c0,28c2715fbc9b16a75dc7e849a907a807c5097918ff49a92fd0b76583533998a8,87c0cf2e0f6e4cf5cf1ed4a0f6eb27af0115a73f61e811e17185afa0d20e738e
6fc2092861b32642,late,proof:6fc2092861b32642:0fce4db0ab419547fe5da31c,18,simple_fork,WinningThreat,edge,60,897e41795fa2ff26e0355378cf8a5167b375d14ef03f185ae2be39fb7c1c6286,0.049066508853903755,0.05,0.054485133877611426,-0.0009334911460962478,-0.005418625023707671,0.04785787111423048,0.40449010654490114,0.0,12,incoming_final_layer_mean_head_attention_mass,a2a65a06710155865c3751732e0b0e76bd5eb9ecec7a749ee71ee8d8c9da9977,28c2715fbc9b16a75dc7e849a907a807c5097918ff49a92fd0b76583533998a8,87c0cf2e0f6e4cf5cf1ed4a0f6eb27af0115a73f61e811e17185afa0d20e738e
6fc2092861b32642,late,proof:6fc2092861b32642:0fce4db0ab419547fe5da31c,18,simple_fork,TacticalLineWindow,edge,60,897e41795fa2ff26e0355378cf8a5167b375d14ef03f185ae2be39fb7c1c6286,0.049066508853903755,0.05,0.05524533935036659,-0.0009334911460962478,-0.006178830496462832,0.04785787111423048,0.40449010654490114,0.0,12,incoming_final_layer_mean_head_attention_mass,a2a65a06710155865c3751732e0b0e76bd5eb9ecec7a749ee71ee8d8c9da9977,28c2715fbc9b16a75dc7e849a907a807c5097918ff49a92fd0b76583533998a8,87c0cf2e0f6e4cf5cf1ed4a0f6eb27af0115a73f61e811e17185afa0d20e738e
6fc2092861b32642,late,proof:6fc2092861b32642:0fce4db0ab419547fe5da31c,18,simple_fork,CompletionCell,node,60,897e41795fa2ff26e0355378cf8a5167b375d14ef03f185ae2be39fb7c1c6286,0.057142857200257025,0.05714285714285714,0.055580357149314925,5.7399883457431855e-11,0.0015625000509420992,0.10096153846153846,0.6142857142857143,0.0,2,incoming_final_layer_mean_head_attention_mass,a2a65a06710155865c3751732e0b0e76bd5eb9ecec7a749ee71ee8d8c9da9977,28c2715fbc9b16a75dc7e849a907a807c5097918ff49a92fd0b76583533998a8,87c0cf2e0f6e4cf5cf1ed4a0f6eb27af0115a73f61e811e17185afa0d20e738e
6fc2092861b32642,late,proof:6fc2092861b32642:0fce4db0ab419547fe5da31c,18,simple_fork,ProofSupportedGeometry,edge,60,897e41795fa2ff26e0355378cf8a5167b375d14ef03f185ae2be39fb7c1c6286,0.049066508853903755,0.05,0.05288398019559417,-0.0009334911460962478,-0.003817471341690415,0.04785787111423048,0.40449010654490114,0.0,12,incoming_final_layer_mean_head_attention_mass,a2a65a06710155865c3751732e0b0e76bd5eb9ecec7a749ee71ee8d8c9da9977,28c2715fbc9b16a75dc7e849a907a807c5097918ff49a92fd0b76583533998a8,87c0cf2e0f6e4cf5cf1ed4a0f6eb27af0115a73f61e811e17185afa0d20e738e
6fc2092861b32642,late,proof:6fc2092861b32642:20a5a6149819c14950a4baaf,19,simple_fork,WinningThreat,edge,60,897e41795fa2ff26e0355378cf8a5167b375d14ef03f185ae2be39fb7c1c6286,0.049066508853903755,0.05,0.05501785450398919,-0.0009334911460962478,-0.005951345650085434,0.04785787111423048,0.40449010654490114,0.0,12,incoming_final_layer_mean_head_attention_mass,bac8c6984ccb47ccea5ced7ab40956ea8d6dc7132f0a5551bc61fd4fd57d8a35,28c2715fbc9b16a75dc7e849a907a807c5097918ff49a92fd0b76583533998a8,87c0cf2e0f6e4cf5cf1ed4a0f6eb27af0115a73f61e811e17185afa0d20e738e
6fc2092861b32642,late,proof:6fc2092861b32642:20a5a6149819c14950a4baaf,19,simple_fork,TacticalLineWindow,edge,60,897e41795fa2ff26e0355378cf8a5167b375d14ef03f185ae2be39fb7c1c6286,0.049066508853903755,0.05,0.05514323378591533,-0.0009334911460962478,-0.006076724932011578,0.04785787111423048,0.40449010654490114,0.0,12,incoming_final_layer_mean_head_attention_mass,bac8c6984ccb47ccea5ced7ab40956ea8d6dc7132f0a5551bc61fd4fd57d8a35,28c2715fbc9b16a75dc7e849a907a807c5097918ff49a92fd0b76583533998a8,87c0cf2e0f6e4cf5cf1ed4a0f6eb27af0115a73f61e811e17185afa0d20e738e
6fc2092861b32642,late,proof:6fc2092861b32642:20a5a6149819c14950a4baaf,19,simple_fork,CompletionCell,node,60,897e41795fa2ff26e0355378cf8a5167b375d14ef03f185ae2be39fb7c1c6286,0.057142857200257025,0.05714285714285714,0.05602678572763635,5.7399883457431855e-11,0.001116071472620675,0.10096153846153846,0.6142857142857143,0.0,2,incoming_final_layer_mean_head_attention_mass,bac8c6984ccb47ccea5ced7ab40956ea8d6dc7132f0a5551bc61fd4fd57d8a35,28c2715fbc9b16a75dc7e849a907a807c5097918ff49a92fd0b76583533998a8,87c0cf2e0f6e4cf5cf1ed4a0f6eb27af0115a73f61e811e17185afa0d20e738e
6fc2092861b32642,late,proof:6fc2092861b32642:20a5a6149819c14950a4baaf,19,simple_fork,ProofSupportedGeometry,edge,60,897e41795fa2ff26e0355378cf8a5167b375d14ef03f185ae2be39fb7c1c6286,0.049066508853903755,0.05,0.05325199580174047,-0.0009334911460962478,-0.004185486947836714,0.04785787111423048,0.40449010654490114,0.0,12,incoming_final_layer_mean_head_attention_mass,bac8c6984ccb47ccea5ced7ab40956ea8d6dc7132f0a5551bc61fd4fd57d8a35,28c2715fbc9b16a75dc7e849a907a807c5097918ff49a92fd0b76583533998a8,87c0cf2e0f6e4cf5cf1ed4a0f6eb27af0115a73f61e811e17185afa0d20e738e
6fc2092861b32642,late,proof:6fc2092861b32642:26a5c8fd3e461ce948cdf98c,32,simple_fork,WinningThreat,edge,60,897e41795fa2ff26e0355378cf8a5167b375d14ef03f185ae2be39fb7c1c6286,0.049066508853903755,0.05,0.054234902091219735,-0.0009334911460962478,-0.00516839323731598,0.04785787111423048,0.40449010654490114,0.0,12,incoming_final_layer_mean_head_attention_mass,ffcac1fa21a57fecedb0f07fdbccb2f08f3ffab1ba6fc58a5bc3c67e65a808eb,28c2715fbc9b16a75dc7e849a907a807c5097918ff49a92fd0b76583533998a8,87c0cf2e0f6e4cf5cf1ed4a0f6eb27af0115a73f61e811e17185afa0d20e738e
6fc2092861b32642,late,proof:6fc2092861b32642:26a5c8fd3e461ce948cdf98c,32,simple_fork,TacticalLineWindow,edge,60,897e41795fa2ff26e0355378cf8a5167b375d14ef03f185ae2be39fb7c1c6286,0.049066508853903755,0.05,0.05469598781632874,-0.0009334911460962478,-0.005629478962424987,0.04785787111423048,0.40449010654490114,0.0,12,incoming_final_layer_mean_head_attention_mass,ffcac1fa21a57fecedb0f07fdbccb2f08f3ffab1ba6fc58a5bc3c67e65a808eb,28c2715fbc9b16a75dc7e849a907a807c5097918ff49a92fd0b76583533998a8,87c0cf2e0f6e4cf5cf1ed4a0f6eb27af0115a73f61e811e17185afa0d20e738e
6fc2092861b32642,late,proof:6fc2092861b32642:26a5c8fd3e461ce948cdf98c,32,simple_fork,CompletionCell,node,60,897e41795fa2ff26e0355378cf8a5167b375d14ef03f185ae2be39fb7c1c6286,0.057142857200257025,0.05714285714285714,0.05513392853502948,5.7399883457431855e-11,0.0020089286652275468,0.10096153846153846,0.6142857142857143,0.0,2,incoming_final_layer_mean_head_attention_mass,ffcac1fa21a57fecedb0f07fdbccb2f08f3ffab1ba6fc58a5bc3c67e65a808eb,28c2715fbc9b16a75dc7e849a907a807c5097918ff49a92fd0b76583533998a8,87c0cf2e0f6e4cf5cf1ed4a0f6eb27af0115a73f61e811e17185afa0d20e738e
6fc2092861b32642,late,proof:6fc2092861b32642:26a5c8fd3e461ce948cdf98c,32,simple_fork,ProofSupportedGeometry,edge,60,897e41795fa2ff26e0355378cf8a5167b375d14ef03f185ae2be39fb7c1c6286,0.049066508853903755,0.05,0.0549091896774656,-0.0009334911460962478,-0.005842680823561847,0.04785787111423048,0.40449010654490114,0.0,12,incoming_final_layer_mean_head_attention_mass,ffcac1fa21a57fecedb0f07fdbccb2f08f3ffab1ba6fc58a5bc3c67e65a808eb,28c2715fbc9b16a75dc7e849a907a807c5097918ff49a92fd0b76583533998a8,87c0cf2e0f6e4cf5cf1ed4a0f6eb27af0115a73f61e811e17185afa0d20e738e
6fc2092861b32642,late,proof:6fc2092861b32642:276609e0d405152ebf141687,26,simple_fork,WinningThreat,edge,60,897e41795fa2ff26e0355378cf8a5167b375d14ef03f185ae2be39fb7c1c6286,0.049066508853903755,0.05,0.05474149061938389,-0.0009334911460962478,-0.005674981765480133,0.04785787111423048,0.40449010654490114,0.0,12,incoming_final_layer_mean_head_attention_mass,d5cb93fd9e30eb394023b87cd3394f17742f361d19ab6531cc251d697b18abba,28c2715fbc9b16a75dc7e849a907a807c5097918ff49a92fd0b76583533998a8,87c0cf2e0f6e4cf5cf1ed4a0f6eb27af0115a73f61e811e17185afa0d20e738e
6fc2092861b32642,late,proof:6fc2092861b32642:276609e0d405152ebf141687,26,simple_fork,TacticalLineWindow,edge,60,897e41795fa2ff26e0355378cf8a5167b375d14ef03f185ae2be39fb7c1c6286,0.049066508853903755,0.05,0.05518228658246983,-0.0009334911460962478,-0.006115777728566078,0.04785787111423048,0.40449010654490114,0.0,12,incoming_final_layer_mean_head_attention_mass,d5cb93fd9e30eb394023b87cd3394f17742f361d19ab6531cc251d697b18abba,28c2715fbc9b16a75dc7e849a907a807c5097918ff49a92fd0b76583533998a8,87c0cf2e0f6e4cf5cf1ed4a0f6eb27af0115a73f61e811e17185afa0d20e738e
6fc2092861b32642,late,proof:6fc2092861b32642:276609e0d405152ebf141687,26,simple_fork,CompletionCell,node,60,897e41795fa2ff26e0355378cf8a5167b375d14ef03f185ae2be39fb7c1c6286,0.057142857200257025,0.05714285714285714,0.05558035716740088,5.7399883457431855e-11,0.0015625000328561428,0.10096153846153846,0.6142857142857143,0.0,2,incoming_final_layer_mean_head_attention_mass,d5cb93fd9e30eb394023b87cd3394f17742f361d19ab6531cc251d697b18abba,28c2715fbc9b16a75dc7e849a907a807c5097918ff49a92fd0b76583533998a8,87c0cf2e0f6e4cf5cf1ed4a0f6eb27af0115a73f61e811e17185afa0d20e738e
6fc2092861b32642,late,proof:6fc2092861b32642:276609e0d405152ebf141687,26,simple_fork,ProofSupportedGeometry,edge,60,897e41795fa2ff26e0355378cf8a5167b375d14ef03f185ae2be39fb7c1c6286,0.049066508853903755,0.05,0.05315790264218341,-0.0009334911460962478,-0.0040913937882796556,0.04785787111423048,0.40449010654490114,0.0,12,incoming_final_layer_mean_head_attention_mass,d5cb93fd9e30eb394023b87cd3394f17742f361d19ab6531cc251d697b18abba,28c2715fbc9b16a75dc7e849a907a807c5097918ff49a92fd0b76583533998a8,87c0cf2e0f6e4cf5cf1ed4a0f6eb27af0115a73f61e811e17185afa0d20e738e
6fc2092861b32642,late,proof:6fc2092861b32642:42dfb5f53670ebbc41bae98a,21,immediate_win|winning_line,WinningThreat,edge,60,897e41795fa2ff26e0355378cf8a5167b375d14ef03f185ae2be39fb7c1c6286,0.024911682587235674,0.025,0.026580969204514544,-8.831741276432714e-05,-0.0016692866172788694,0.02508615596850891,0.40563165905631654,0.0,6,incoming_final_layer_mean_head_attention_mass,4ec1a40aec2bc6f5f2a2b83e2be4c9d05280dc0c36b9ce42d4f66861a3b5bbbd,28c2715fbc9b16a75dc7e849a907a807c5097918ff49a92fd0b76583533998a8,87c0cf2e0f6e4cf5cf1ed4a0f6eb27af0115a73f61e811e17185afa0d20e738e
6fc2092861b32642,late,proof:6fc2092861b32642:42dfb5f53670ebbc41bae98a,21,immediate_win|winning_line,TacticalLineWindow,edge,60,897e41795fa2ff26e0355378cf8a5167b375d14ef03f185ae2be39fb7c1c6286,0.024911682587235674,0.025,0.02700415590432796,-8.831741276432714e-05,-0.0020924733170922874,0.02508615596850891,0.40563165905631654,0.0,6,incoming_final_layer_mean_head_attention_mass,4ec1a40aec2bc6f5f2a2b83e2be4c9d05280dc0c36b9ce42d4f66861a3b5bbbd,28c2715fbc9b16a75dc7e849a907a807c5097918ff49a92fd0b76583533998a8,87c0cf2e0f6e4cf5cf1ed4a0f6eb27af0115a73f61e811e17185afa0d20e738e
6fc2092861b32642,late,proof:6fc2092861b32642:42dfb5f53670ebbc41bae98a,21,immediate_win|winning_line,CompletionCell,node,60,897e41795fa2ff26e0355378cf8a5167b375d14ef03f185ae2be39fb7c1c6286,0.02857142861343312,0.02857142857142857,0.02812499997170692,4.200454914449203e-11,0.00044642864172619867,0.07692307692307693,0.6571428571428571,0.0,1,incoming_final_layer_mean_head_attention_mass,4ec1a40aec2bc6f5f2a2b83e2be4c9d05280dc0c36b9ce42d4f66861a3b5bbbd,28c2715fbc9b16a75dc7e849a907a807c5097918ff49a92fd0b76583533998a8,87c0cf2e0f6e4cf5cf1ed4a0f6eb27af0115a73f61e811e17185afa0d20e738e
6fc2092861b32642,late,proof:6fc2092861b32642:42dfb5f53670ebbc41bae98a,21,immediate_win|winning_line,ProofSupportedGeometry,edge,60,897e41795fa2ff26e0355378cf8a5167b375d14ef03f185ae2be39fb7c1c6286,0.024911682587235674,0.025,0.02691015398216116,-8.831741276432714e-05,-0.0019984713949254863,0.02508615596850891,0.40563165905631654,0.0,6,incoming_final_layer_mean_head_attention_mass,4ec1a40aec2bc6f5f2a2b83e2be4c9d05280dc0c36b9ce42d4f66861a3b5bbbd,28c2715fbc9b16a75dc7e849a907a807c5097918ff49a92fd0b76583533998a8,87c0cf2e0f6e4cf5cf1ed4a0f6eb27af0115a73f61e811e17185afa0d20e738e
6fc2092861b32642,late,proof:6fc2092861b32642:49e013840a768901ae56c881,14,simple_fork,WinningThreat,edge,60,897e41795fa2ff26e0355378cf8a5167b375d14ef03f185ae2be39fb7c1c6286,0.049066508853903755,0.05,0.05266307949402475,-0.0009334911460962478,-0.003596570640120998,0.04785787111423048,0.40449010654490114,0.0,12,incoming_final_layer_mean_head_attention_mass,3ee4559f5279efca768ffb18639670f1f291b1a72b2b59038811cc412297a8ed,28c2715fbc9b16a75dc7e849a907a807c5097918ff49a92fd0b76583533998a8,87c0cf2e0f6e4cf5cf1ed4a0f6eb27af0115a73f61e811e17185afa0d20e738e
6fc2092861b32642,late,proof:6fc2092861b32642:49e013840a768901ae56c881,14,simple_fork,TacticalLineWindow,edge,60,897e41795fa2ff26e0355378cf8a5167b375d14ef03f185ae2be39fb7c1c6286,0.049066508853903755,0.05,0.055052420705177664,-0.0009334911460962478,-0.005985911851273909,0.04785787111423048,0.40449010654490114,0.0,12,incoming_final_layer_mean_head_attention_mass,3ee4559f5279efca768ffb18639670f1f291b1a72b2b59038811cc412297a8ed,28c2715fbc9b16a75dc7e849a907a807c5097918ff49a92fd0b76583533998a8,87c0cf2e0f6e4cf5cf1ed4a0f6eb27af0115a73f61e811e17185afa0d20e738e
6fc2092861b32642,late,proof:6fc2092861b32642:49e013840a768901ae56c881,14,simple_fork,CompletionCell,node,60,897e41795fa2ff26e0355378cf8a5167b375d14ef03f185ae2be39fb7c1c6286,0.057142857200257025,0.05714285714285714,0.055803571475894855,5.7399883457431855e-11,0.00133928572436217,0.10096153846153846,0.6142857142857143,0.0,2,incoming_final_layer_mean_head_attention_mass,3ee4559f5279efca768ffb18639670f1f291b1a72b2b59038811cc412297a8ed,28c2715fbc9b16a75dc7e849a907a807c5097918ff49a92fd0b76583533998a8,87c0cf2e0f6e4cf5cf1ed4a0f6eb27af0115a73f61e811e17185afa0d20e738e
6fc2092861b32642,late,proof:6fc2092861b32642:49e013840a768901ae56c881,14,simple_fork,ProofSupportedGeometry,edge,60,897e41795fa2ff26e0355378cf8a5167b375d14ef03f185ae2be39fb7c1c6286,0.049066508853903755,0.05,0.054702040586933995,-0.0009334911460962478,-0.00563553173303024,0.04785787111423048,0.40449010654490114,0.0,12,incoming_final_layer_mean_head_attention_mass,3ee4559f5279efca768ffb18639670f1f291b1a72b2b59038811cc412297a8ed,28c2715fbc9b16a75dc7e849a907a807c5097918ff49a92fd0b76583533998a8,87c0cf2e0f6e4cf5cf1ed4a0f6eb27af0115a73f61e811e17185afa0d20e738e
6fc2092861b32642,late,proof:6fc2092861b32642:59876e5489df618306458bcc,30,simple_fork,WinningThreat,edge,60,897e41795fa2ff26e0355378cf8a5167b375d14ef03f185ae2be39fb7c1c6286,0.049066508853903755,0.05,0.0531312789790258,-0.0009334911460962478,-0.004064770125122047,0.04785787111423048,0.40449010654490114,0.0,12,incoming_final_layer_mean_head_attention_mass,30dd872b3d314a46216fbcd8ea03de9967448cb3ed1b176c220bf3693d047119,28c2715fbc9b16a75dc7e849a907a807c5097918ff49a92fd0b76583533998a8,87c0cf2e0f6e4cf5cf1ed4a0f6eb27af0115a73f61e811e17185afa0d20e738e
6fc2092861b32642,late,proof:6fc2092861b32642:59876e5489df618306458bcc,30,simple_fork,TacticalLineWindow,edge,60,897e41795fa2ff26e0355378cf8a5167b375d14ef03f185ae2be39fb7c1c6286,0.049066508853903755,0.05,0.05439678875804207,-0.0009334911460962478,-0.005330279904138313,0.04785787111423048,0.40449010654490114,0.0,12,incoming_final_layer_mean_head_attention_mass,30dd872b3d314a46216fbcd8ea03de9967448cb3ed1b176c220bf3693d047119,28c2715fbc9b16a75dc7e849a907a807c5097918ff49a92fd0b76583533998a8,87c0cf2e0f6e4cf5cf1ed4a0f6eb27af0115a73f61e811e17185afa0d20e738e
6fc2092861b32642,late,proof:6fc2092861b32642:59876e5489df618306458bcc,30,simple_fork,CompletionCell,node,60,897e41795fa2ff26e0355378cf8a5167b375d14ef03f185ae2be39fb7c1c6286,0.057142857200257025,0.05714285714285714,0.05624999998977208,5.7399883457431855e-11,0.0008928572104849458,0.10096153846153846,0.6142857142857143,0.0,2,incoming_final_layer_mean_head_attention_mass,30dd872b3d314a46216fbcd8ea03de9967448cb3ed1b176c220bf3693d047119,28c2715fbc9b16a75dc7e849a907a807c5097918ff49a92fd0b76583533998a8,87c0cf2e0f6e4cf5cf1ed4a0f6eb27af0115a73f61e811e17185afa0d20e738e
6fc2092861b32642,late,proof:6fc2092861b32642:59876e5489df618306458bcc,30,simple_fork,ProofSupportedGeometry,edge,60,897e41795fa2ff26e0355378cf8a5167b375d14ef03f185ae2be39fb7c1c6286,0.049066508853903755,0.05,0.05512105496161089,-0.0009334911460962478,-0.006054546107707136,0.04785787111423048,0.40449010654490114,0.0,12,incoming_final_layer_mean_head_attention_mass,30dd872b3d314a46216fbcd8ea03de9967448cb3ed1b176c220bf3693d047119,28c2715fbc9b16a75dc7e849a907a807c5097918ff49a92fd0b76583533998a8,87c0cf2e0f6e4cf5cf1ed4a0f6eb27af0115a73f61e811e17185afa0d20e738e
6fc2092861b32642,late,proof:6fc2092861b32642:6164ae5ab536c1a3ea8d3b46,23,simple_fork,WinningThreat,edge,60,897e41795fa2ff26e0355378cf8a5167b375d14ef03f185ae2be39fb7c1c6286,0.049066508853903755,0.05,0.05455842257473506,-0.0009334911460962478,-0.005491913720831305,0.04785787111423048,0.40449010654490114,0.0,12,incoming_final_layer_mean_head_attention_mass,fe21fb6f1a94d397c60d50a7145d01c5690d0c08a70e1877f1569bbe037d925f,28c2715fbc9b16a75dc7e849a907a807c5097918ff49a92fd0b76583533998a8,87c0cf2e0f6e4cf5cf1ed4a0f6eb27af0115a73f61e811e17185afa0d20e738e
6fc2092861b32642,late,proof:6fc2092861b32642:6164ae5ab536c1a3ea8d3b46,23,simple_fork,TacticalLineWindow,edge,60,897e41795fa2ff26e0355378cf8a5167b375d14ef03f185ae2be39fb7c1c6286,0.049066508853903755,0.05,0.0540267305687796,-0.0009334911460962478,-0.004960221714875847,0.04785787111423048,0.40449010654490114,0.0,12,incoming_final_layer_mean_head_attention_mass,fe21fb6f1a94d397c60d50a7145d01c5690d0c08a70e1877f1569bbe037d925f,28c2715fbc9b16a75dc7e849a907a807c5097918ff49a92fd0b76583533998a8,87c0cf2e0f6e4cf5cf1ed4a0f6eb27af0115a73f61e811e17185afa0d20e738e
6fc2092861b32642,late,proof:6fc2092861b32642:6164ae5ab536c1a3ea8d3b46,23,simple_fork,CompletionCell,node,60,897e41795fa2ff26e0355378cf8a5167b375d14ef03f185ae2be39fb7c1c6286,0.057142857200257025,0.05714285714285714,0.056473214273319916,5.7399883457431855e-11,0.0006696429269371085,0.10096153846153846,0.6142857142857143,0.0,2,incoming_final_layer_mean_head_attention_mass,fe21fb6f1a94d397c60d50a7145d01c5690d0c08a70e1877f1569bbe037d925f,28c2715fbc9b16a75dc7e849a907a807c5097918ff49a92fd0b76583533998a8,87c0cf2e0f6e4cf5cf1ed4a0f6eb27af0115a73f61e811e17185afa0d20e738e
6fc2092861b32642,late,proof:6fc2092861b32642:6164ae5ab536c1a3ea8d3b46,23,simple_fork,ProofSupportedGeometry,edge,60,897e41795fa2ff26e0355378cf8a5167b375d14ef03f185ae2be39fb7c1c6286,0.049066508853903755,0.05,0.05487510299930338,-0.0009334911460962478,-0.005808594145399623,0.04785787111423048,0.40449010654490114,0.0,12,incoming_final_layer_mean_head_attention_mass,fe21fb6f1a94d397c60d50a7145d01c5690d0c08a70e1877f1569bbe037d925f,28c2715fbc9b16a75dc7e849a907a807c5097918ff49a92fd0b76583533998a8,87c0cf2e0f6e4cf5cf1ed4a0f6eb27af0115a73f61e811e17185afa0d20e738e
6fc2092861b32642,late,proof:6fc2092861b32642:8fb093a6fecfc39bcfb98371,22,simple_fork,WinningThreat,edge,60,897e41795fa2ff26e0355378cf8a5167b375d14ef03f185ae2be39fb7c1c6286,0.049066508853903755,0.05,0.054666207140106796,-0.0009334911460962478,-0.005599698286203041,0.04785787111423048,0.40449010654490114,0.0,12,incoming_final_layer_mean_head_attention_mass,5657ff5b0d8f2a618942b51066f521606f4d1bb71fa5d68a38f25567fa3738b3,28c2715fbc9b16a75dc7e849a907a807c5097918ff49a92fd0b76583533998a8,87c0cf2e0f6e4cf5cf1ed4a0f6eb27af0115a73f61e811e17185afa0d20e738e
6fc2092861b32642,late,proof:6fc2092861b32642:8fb093a6fecfc39bcfb98371,22,simple_fork,TacticalLineWindow,edge,60,897e41795fa2ff26e0355378cf8a5167b375d14ef03f185ae2be39fb7c1c6286,0.049066508853903755,0.05,0.052905458261610416,-0.0009334911460962478,-0.0038389494077066613,0.04785787111423048,0.40449010654490114,0.0,12,incoming_final_layer_mean_head_attention_mass,5657ff5b0d8f2a618942b51066f521606f4d1bb71fa5d68a38f25567fa3738b3,28c2715fbc9b16a75dc7e849a907a807c5097918ff49a92fd0b76583533998a8,87c0cf2e0f6e4cf5cf1ed4a0f6eb27af0115a73f61e811e17185afa0d20e738e
6fc2092861b32642,late,proof:6fc2092861b32642:8fb093a6fecfc39bcfb98371,22,simple_fork,CompletionCell,node,60,897e41795fa2ff26e0355378cf8a5167b375d14ef03f185ae2be39fb7c1c6286,0.057142857200257025,0.05714285714285714,0.05491071427933817,5.7399883457431855e-11,0.0022321429209188545,0.10096153846153846,0.6142857142857143,0.0,2,incoming_final_layer_mean_head_attention_mass,5657ff5b0d8f2a618942b51066f521606f4d1bb71fa5d68a38f25567fa3738b3,28c2715fbc9b16a75dc7e849a907a807c5097918ff49a92fd0b76583533998a8,87c0cf2e0f6e4cf5cf1ed4a0f6eb27af0115a73f61e811e17185afa0d20e738e
6fc2092861b32642,late,proof:6fc2092861b32642:8fb093a6fecfc39bcfb98371,22,simple_fork,ProofSupportedGeometry,edge,60,897e41795fa2ff26e0355378cf8a5167b375d14ef03f185ae2be39fb7c1c6286,0.049066508853903755,0.05,0.05476746209085463,-0.0009334911460962478,-0.005700953236950877,0.04785787111423048,0.40449010654490114,0.0,12,incoming_final_layer_mean_head_attention_mass,5657ff5b0d8f2a618942b51066f521606f4d1bb71fa5d68a38f25567fa3738b3,28c2715fbc9b16a75dc7e849a907a807c5097918ff49a92fd0b76583533998a8,87c0cf2e0f6e4cf5cf1ed4a0f6eb27af0115a73f61e811e17185afa0d20e738e
6fc2092861b32642,late,proof:6fc2092861b32642:9d7e9d88c964371d3a1a40a6,12,simple_fork,WinningThreat,edge,60,897e41795fa2ff26e0355378cf8a5167b375d14ef03f185ae2be39fb7c1c6286,0.049066508853903755,0.05,0.05729265663009939,-0.0009334911460962478,-0.008226147776195632,0.04785787111423048,0.40449010654490114,0.0,12,incoming_final_layer_mean_head_attention_mass,6e74d5cccfb8ed1edb6aefd7b2204fdd47d4c2517f70cfa84b44cc36b1de41b7,28c2715fbc9b16a75dc7e849a907a807c5097918ff49a92fd0b76583533998a8,87c0cf2e0f6e4cf5cf1ed4a0f6eb27af0115a73f61e811e17185afa0d20e738e
6fc2092861b32642,late,proof:6fc2092861b32642:9d7e9d88c964371d3a1a40a6,12,simple_fork,TacticalLineWindow,edge,60,897e41795fa2ff26e0355378cf8a5167b375d14ef03f185ae2be39fb7c1c6286,0.049066508853903755,0.05,0.055462014795663,-0.0009334911460962478,-0.006395505941759243,0.04785787111423048,0.40449010654490114,0.0,12,incoming_final_layer_mean_head_attention_mass,6e74d5cccfb8ed1edb6aefd7b2204fdd47d4c2517f70cfa84b44cc36b1de41b7,28c2715fbc9b16a75dc7e849a907a807c5097918ff49a92fd0b76583533998a8,87c0cf2e0f6e4cf5cf1ed4a0f6eb27af0115a73f61e811e17185afa0d20e738e
6fc2092861b32642,late,proof:6fc2092861b32642:9d7e9d88c964371d3a1a40a6,12,simple_fork,CompletionCell,node,60,897e41795fa2ff26e0355378cf8a5167b375d14ef03f185ae2be39fb7c1c6286,0.057142857200257025,0.05714285714285714,0.05647321424629494,5.7399883457431855e-11,0.000669642953962088,0.10096153846153846,0.6142857142857143,0.0,2,incoming_final_layer_mean_head_attention_mass,6e74d5cccfb8ed1edb6aefd7b2204fdd47d4c2517f70cfa84b44cc36b1de41b7,28c2715fbc9b16a75dc7e849a907a807c5097918ff49a92fd0b76583533998a8,87c0cf2e0f6e4cf5cf1ed4a0f6eb27af0115a73f61e811e17185afa0d20e738e
6fc2092861b32642,late,proof:6fc2092861b32642:9d7e9d88c964371d3a1a40a6,12,simple_fork,ProofSupportedGeometry,edge,60,897e41795fa2ff26e0355378cf8a5167b375d14ef03f185ae2be39fb7c1c6286,0.049066508853903755,0.05,0.054557795405274334,-0.0009334911460962478,-0.005491286551370579,0.04785787111423048,0.40449010654490114,0.0,12,incoming_final_layer_mean_head_attention_mass,6e74d5cccfb8ed1edb6aefd7b2204fdd47d4c2517f70cfa84b44cc36b1de41b7,28c2715fbc9b16a75dc7e849a907a807c5097918ff49a92fd0b76583533998a8,87c0cf2e0f6e4cf5cf1ed4a0f6eb27af0115a73f61e811e17185afa0d20e738e
6fc2092861b32642,late,proof:6fc2092861b32642:a129f81df7eb7bd0a95f50ae,35,simple_fork,WinningThreat,edge,60,897e41795fa2ff26e0355378cf8a5167b375d14ef03f185ae2be39fb7c1c6286,0.049066508853903755,0.05,0.0540900853652111,-0.0009334911460962478,-0.0050235765113073455,0.04785787111423048,0.40449010654490114,0.0,12,incoming_final_layer_mean_head_attention_mass,b37469bc381a3c552bfb86751582247e1dcc5e79eb9246c277a881f65e93a382,28c2715fbc9b16a75dc7e849a907a807c5097918ff49a92fd0b76583533998a8,87c0cf2e0f6e4cf5cf1ed4a0f6eb27af0115a73f61e811e17185afa0d20e738e
6fc2092861b32642,late,proof:6fc2092861b32642:a129f81df7eb7bd0a95f50ae,35,simple_fork,TacticalLineWindow,edge,60,897e41795fa2ff26e0355378cf8a5167b375d14ef03f185ae2be39fb7c1c6286,0.049066508853903755,0.05,0.05486685589093392,-0.0009334911460962478,-0.005800347037030168,0.04785787111423048,0.40449010654490114,0.0,12,incoming_final_layer_mean_head_attention_mass,b37469bc381a3c552bfb86751582247e1dcc5e79eb9246c277a881f65e93a382,28c2715fbc9b16a75dc7e849a907a807c5097918ff49a92fd0b76583533998a8,87c0cf2e0f6e4cf5cf1ed4a0f6eb27af0115a73f61e811e17185afa0d20e738e
6fc2092861b32642,late,proof:6fc2092861b32642:a129f81df7eb7bd0a95f50ae,35,simple_fork,CompletionCell,node,60,897e41795fa2ff26e0355378cf8a5167b375d14ef03f185ae2be39fb7c1c6286,0.057142857200257025,0.05714285714285714,0.05446428574384095,5.7399883457431855e-11,0.002678571456416076,0.10096153846153846,0.6142857142857143,0.0,2,incoming_final_layer_mean_head_attention_mass,b37469bc381a3c552bfb86751582247e1dcc5e79eb9246c277a881f65e93a382,28c2715fbc9b16a75dc7e849a907a807c5097918ff49a92fd0b76583533998a8,87c0cf2e0f6e4cf5cf1ed4a0f6eb27af0115a73f61e811e17185afa0d20e738e
6fc2092861b32642,late,proof:6fc2092861b32642:a129f81df7eb7bd0a95f50ae,35,simple_fork,ProofSupportedGeometry,edge,60,897e41795fa2ff26e0355378cf8a5167b375d14ef03f185ae2be39fb7c1c6286,0.049066508853903755,0.05,0.05434218688644613,-0.0009334911460962478,-0.0052756780325423774,0.04785787111423048,0.40449010654490114,0.0,12,incoming_final_layer_mean_head_attention_mass,b37469bc381a3c552bfb86751582247e1dcc5e79eb9246c277a881f65e93a382,28c2715fbc9b16a75dc7e849a907a807c5097918ff49a92fd0b76583533998a8,87c0cf2e0f6e4cf5cf1ed4a0f6eb27af0115a73f61e811e17185afa0d20e738e
6fc2092861b32642,late,proof:6fc2092861b32642:a3775f8b59607d93fae75fb0,33,simple_fork,WinningThreat,edge,60,897e41795fa2ff26e0355378cf8a5167b375d14ef03f185ae2be39fb7c1c6286,0.049066508853903755,0.05,0.05457803547520936,-0.0009334911460962478,-0.005511526621305607,0.04785787111423048,0.40449010654490114,0.0,12,incoming_final_layer_mean_head_attention_mass,764a4d9e3a5f0ec1b3dcb1d91fba9fdbaa77094cc4b7139cd382ff5731e7abc6,28c2715fbc9b16a75dc7e849a907a807c5097918ff49a92fd0b76583533998a8,87c0cf2e0f6e4cf5cf1ed4a0f6eb27af0115a73f61e811e17185afa0d20e738e
6fc2092861b32642,late,proof:6fc2092861b32642:a3775f8b59607d93fae75fb0,33,simple_fork,TacticalLineWindow,edge,60,897e41795fa2ff26e0355378cf8a5167b375d14ef03f185ae2be39fb7c1c6286,0.049066508853903755,0.05,0.05291219753357673,-0.0009334911460962478,-0.0038456886796729775,0.04785787111423048,0.40449010654490114,0.0,12,incoming_final_layer_mean_head_attention_mass,764a4d9e3a5f0ec1b3dcb1d91fba9fdbaa77094cc4b7139cd382ff5731e7abc6,28c2715fbc9b16a75dc7e849a907a807c5097918ff49a92fd0b76583533998a8,87c0cf2e0f6e4cf5cf1ed4a0f6eb27af0115a73f61e811e17185afa0d20e738e
6fc2092861b32642,late,proof:6fc2092861b32642:a3775f8b59607d93fae75fb0,33,simple_fork,CompletionCell,node,60,897e41795fa2ff26e0355378cf8a5167b375d14ef03f185ae2be39fb7c1c6286,0.057142857200257025,0.05714285714285714,0.05468750003217013,5.7399883457431855e-11,0.002455357168086897,0.10096153846153846,0.6142857142857143,0.0,2,incoming_final_layer_mean_head_attention_mass,764a4d9e3a5f0ec1b3dcb1d91fba9fdbaa77094cc4b7139cd382ff5731e7abc6,28c2715fbc9b16a75dc7e849a907a807c5097918ff49a92fd0b76583533998a8,87c0cf2e0f6e4cf5cf1ed4a0f6eb27af0115a73f61e811e17185afa0d20e738e
6fc2092861b32642,late,proof:6fc2092861b32642:a3775f8b59607d93fae75fb0,33,simple_fork,ProofSupportedGeometry,edge,60,897e41795fa2ff26e0355378cf8a5167b375d14ef03f185ae2be39fb7c1c6286,0.049066508853903755,0.05,0.05513810564317266,-0.0009334911460962478,-0.006071596789268906,0.04785787111423048,0.40449010654490114,0.0,12,incoming_final_layer_mean_head_attention_mass,764a4d9e3a5f0ec1b3dcb1d91fba9fdbaa77094cc4b7139cd382ff5731e7abc6,28c2715fbc9b16a75dc7e849a907a807c5097918ff49a92fd0b76583533998a8,87c0cf2e0f6e4cf5cf1ed4a0f6eb27af0115a73f61e811e17185afa0d20e738e
6fc2092861b32642,late,proof:6fc2092861b32642:bb79a1ce4307bd5b53c2f1c4,27,simple_fork,WinningThreat,edge,60,897e41795fa2ff26e0355378cf8a5167b375d14ef03f185ae2be39fb7c1c6286,0.05645463038616964,0.05714285714285714,0.061740269513399684,-0.0006882267566875044,-0.005285639127230048,0.05522670104255134,0.4171559034572733,0.0,14,incoming_final_layer_mean_head_attention_mass,af6c5855ffb40ab3b245bb0a2e923436e82c3fbea95e16b294b1145ba4e9ad52,28c2715fbc9b16a75dc7e849a907a807c5097918ff49a92fd0b76583533998a8,87c0cf2e0f6e4cf5cf1ed4a0f6eb27af0115a73f61e811e17185afa0d20e738e
6fc2092861b32642,late,proof:6fc2092861b32642:bb79a1ce4307bd5b53c2f1c4,27,simple_fork,TacticalLineWindow,edge,60,897e41795fa2ff26e0355378cf8a5167b375d14ef03f185ae2be39fb7c1c6286,0.05645463038616964,0.05714285714285714,0.06285869704483146,-0.0006882267566875044,-0.006404066658661826,0.05522670104255134,0.4171559034572733,0.0,14,incoming_final_layer_mean_head_attention_mass,af6c5855ffb40ab3b245bb0a2e923436e82c3fbea95e16b294b1145ba4e9ad52,28c2715fbc9b16a75dc7e849a907a807c5097918ff49a92fd0b76583533998a8,87c0cf2e0f6e4cf5cf1ed4a0f6eb27af0115a73f61e811e17185afa0d20e738e
6fc2092861b32642,late,proof:6fc2092861b32642:bb79a1ce4307bd5b53c2f1c4,27,simple_fork,CompletionCell,node,60,897e41795fa2ff26e0355378cf8a5167b375d14ef03f185ae2be39fb7c1c6286,0.057142857200257025,0.05714285714285714,0.056473214329656615,5.7399883457431855e-11,0.0006696428706004093,0.10096153846153846,0.6142857142857143,0.0,2,incoming_final_layer_mean_head_attention_mass,af6c5855ffb40ab3b245bb0a2e923436e82c3fbea95e16b294b1145ba4e9ad52,28c2715fbc9b16a75dc7e849a907a807c5097918ff49a92fd0b76583533998a8,87c0cf2e0f6e4cf5cf1ed4a0f6eb27af0115a73f61e811e17185afa0d20e738e
6fc2092861b32642,late,proof:6fc2092861b32642:bb79a1ce4307bd5b53c2f1c4,27,simple_fork,ProofSupportedGeometry,edge,60,897e41795fa2ff26e0355378cf8a5167b375d14ef03f185ae2be39fb7c1c6286,0.05645463038616964,0.05714285714285714,0.06598396456206485,-0.0006882267566875044,-0.009529334175895209,0.05522670104255134,0.4171559034572733,0.0,14,incoming_final_layer_mean_head_attention_mass,af6c5855ffb40ab3b245bb0a2e923436e82c3fbea95e16b294b1145ba4e9ad52,28c2715fbc9b16a75dc7e849a907a807c5097918ff49a92fd0b76583533998a8,87c0cf2e0f6e4cf5cf1ed4a0f6eb27af0115a73f61e811e17185afa0d20e738e
6fc2092861b32642,late,proof:6fc2092861b32642:c2eed58f1c5ff56ad28524cc,28,simple_fork,WinningThreat,edge,60,897e41795fa2ff26e0355378cf8a5167b375d14ef03f185ae2be39fb7c1c6286,0.049066508853903755,0.05,0.05493480883688213,-0.0009334911460962478,-0.005868299982978373,0.04785787111423048,0.40449010654490114,0.0,12,incoming_final_layer_mean_head_attention_mass,d6657670046614907fbf26cee8a413f2d26e3cacd33139a83a65f2e555568c02,28c2715fbc9b16a75dc7e849a907a807c5097918ff49a92fd0b76583533998a8,87c0cf2e0f6e4cf5cf1ed4a0f6eb27af0115a73f61e811e17185afa0d20e738e
6fc2092861b32642,late,proof:6fc2092861b32642:c2eed58f1c5ff56ad28524cc,28,simple_fork,TacticalLineWindow,edge,60,897e41795fa2ff26e0355378cf8a5167b375d14ef03f185ae2be39fb7c1c6286,0.049066508853903755,0.05,0.054970478710827275,-0.0009334911460962478,-0.00590396985692352,0.04785787111423048,0.40449010654490114,0.0,12,incoming_final_layer_mean_head_attention_mass,d6657670046614907fbf26cee8a413f2d26e3cacd33139a83a65f2e555568c02,28c2715fbc9b16a75dc7e849a907a807c5097918ff49a92fd0b76583533998a8,87c0cf2e0f6e4cf5cf1ed4a0f6eb27af0115a73f61e811e17185afa0d20e738e
6fc2092861b32642,late,proof:6fc2092861b32642:c2eed58f1c5ff56ad28524cc,28,simple_fork,CompletionCell,node,60,897e41795fa2ff26e0355378cf8a5167b375d14ef03f185ae2be39fb7c1c6286,0.057142857200257025,0.05714285714285714,0.05558035709214669,5.7399883457431855e-11,0.0015625001081103346,0.10096153846153846,0.6142857142857143,0.0,2,incoming_final_layer_mean_head_attention_mass,d6657670046614907fbf26cee8a413f2d26e3cacd33139a83a65f2e555568c02,28c2715fbc9b16a75dc7e849a907a807c5097918ff49a92fd0b76583533998a8,87c0cf2e0f6e4cf5cf1ed4a0f6eb27af0115a73f61e811e17185afa0d20e738e
6fc2092861b32642,late,proof:6fc2092861b32642:c2eed58f1c5ff56ad28524cc,28,simple_fork,ProofSupportedGeometry,edge,60,897e41795fa2ff26e0355378cf8a5167b375d14ef03f185ae2be39fb7c1c6286,0.049066508853903755,0.05,0.054712804667114395,-0.0009334911460962478,-0.00564629581321064,0.04785787111423048,0.40449010654490114,0.0,12,incoming_final_layer_mean_head_attention_mass,d6657670046614907fbf26cee8a413f2d26e3cacd33139a83a65f2e555568c02,28c2715fbc9b16a75dc7e849a907a807c5097918ff49a92fd0b76583533998a8,87c0cf2e0f6e4cf5cf1ed4a0f6eb27af0115a73f61e811e17185afa0d20e738e
6fc2092861b32642,late,proof:6fc2092861b32642:d33bec23f4f864224132d29c,31,simple_fork,WinningThreat,edge,60,897e41795fa2ff26e0355378cf8a5167b375d14ef03f185ae2be39fb7c1c6286,0.049066508853903755,0.05,0.0539610293356791,-0.0009334911460962478,-0.004894520481775348,0.04785787111423048,0.40449010654490114,0.0,12,incoming_final_layer_mean_head_attention_mass,a5270cf148226e757ab3588da9fc178ed333a4a11fc6039e0f2e596adc5a953d,28c2715fbc9b16a75dc7e849a907a807c5097918ff49a92fd0b76583533998a8,87c0cf2e0f6e4cf5cf1ed4a0f6eb27af0115a73f61e811e17185afa0d20e738e
6fc2092861b32642,late,proof:6fc2092861b32642:d33bec23f4f864224132d29c,31,simple_fork,TacticalLineWindow,edge,60,897e41795fa2ff26e0355378cf8a5167b375d14ef03f185ae2be39fb7c1c6286,0.049066508853903755,0.05,0.0530413150705204,-0.0009334911460962478,-0.003974806216616646,0.04785787111423048,0.40449010654490114,0.0,12,incoming_final_layer_mean_head_attention_mass,a5270cf148226e757ab3588da9fc178ed333a4a11fc6039e0f2e596adc5a953d,28c2715fbc9b16a75dc7e849a907a807c5097918ff49a92fd0b76583533998a8,87c0cf2e0f6e4cf5cf1ed4a0f6eb27af0115a73f61e811e17185afa0d20e738e
6fc2092861b32642,late,proof:6fc2092861b32642:d33bec23f4f864224132d29c,31,simple_fork,CompletionCell,node,60,897e41795fa2ff26e0355378cf8a5167b375d14ef03f185ae2be39fb7c1c6286,0.057142857200257025,0.05714285714285714,0.054687500001403225,5.7399883457431855e-11,0.0024553571988537998,0.10096153846153846,0.6142857142857143,0.0,2,incoming_final_layer_mean_head_attention_mass,a5270cf148226e757ab3588da9fc178ed333a4a11fc6039e0f2e596adc5a953d,28c2715fbc9b16a75dc7e849a907a807c5097918ff49a92fd0b76583533998a8,87c0cf2e0f6e4cf5cf1ed4a0f6eb27af0115a73f61e811e17185afa0d20e738e
6fc2092861b32642,late,proof:6fc2092861b32642:d33bec23f4f864224132d29c,31,simple_fork,ProofSupportedGeometry,edge,60,897e41795fa2ff26e0355378cf8a5167b375d14ef03f185ae2be39fb7c1c6286,0.049066508853903755,0.05,0.05467831802519633,-0.0009334911460962478,-0.005611809171292573,0.04785787111423048,0.40449010654490114,0.0,12,incoming_final_layer_mean_head_attention_mass,a5270cf148226e757ab3588da9fc178ed333a4a11fc6039e0f2e596adc5a953d,28c2715fbc9b16a75dc7e849a907a807c5097918ff49a92fd0b76583533998a8,87c0cf2e0f6e4cf5cf1ed4a0f6eb27af0115a73f61e811e17185afa0d20e738e
6fc2092861b32642,late,proof:6fc2092861b32642:e63668ecdf1f97d9a849076e,29,simple_fork,WinningThreat,edge,60,897e41795fa2ff26e0355378cf8a5167b375d14ef03f185ae2be39fb7c1c6286,0.049066508853903755,0.05,0.052658674915539716,-0.0009334911460962478,-0.003592166061635961,0.04785787111423048,0.40449010654490114,0.0,12,incoming_final_layer_mean_head_attention_mass,b1852cbd59df9e01e455e0fdb9d8fa2fd6447528f5cc84b12a55a904cab15603,28c2715fbc9b16a75dc7e849a907a807c5097918ff49a92fd0b76583533998a8,87c0cf2e0f6e4cf5cf1ed4a0f6eb27af0115a73f61e811e17185afa0d20e738e
6fc2092861b32642,late,proof:6fc2092861b32642:e63668ecdf1f97d9a849076e,29,simple_fork,TacticalLineWindow,edge,60,897e41795fa2ff26e0355378cf8a5167b375d14ef03f185ae2be39fb7c1c6286,0.049066508853903755,0.05,0.05413075643805848,-0.0009334911460962478,-0.0050642475841547255,0.04785787111423048,0.40449010654490114,0.0,12,incoming_final_layer_mean_head_attention_mass,b1852cbd59df9e01e455e0fdb9d8fa2fd6447528f5cc84b12a55a904cab15603,28c2715fbc9b16a75dc7e849a907a807c5097918ff49a92fd0b76583533998a8,87c0cf2e0f6e4cf5cf1ed4a0f6eb27af0115a73f61e811e17185afa0d20e738e
6fc2092861b32642,late,proof:6fc2092861b32642:e63668ecdf1f97d9a849076e,29,simple_fork,CompletionCell,node,60,897e41795fa2ff26e0355378cf8a5167b375d14ef03f185ae2be39fb7c1c6286,0.057142857200257025,0.05714285714285714,0.05424107143534698,5.7399883457431855e-11,0.002901785764910042,0.10096153846153846,0.6142857142857143,0.0,2,incoming_final_layer_mean_head_attention_mass,b1852cbd59df9e01e455e0fdb9d8fa2fd6447528f5cc84b12a55a904cab15603,28c2715fbc9b16a75dc7e849a907a807c5097918ff49a92fd0b76583533998a8,87c0cf2e0f6e4cf5cf1ed4a0f6eb27af0115a73f61e811e17185afa0d20e738e
6fc2092861b32642,late,proof:6fc2092861b32642:e63668ecdf1f97d9a849076e,29,simple_fork,ProofSupportedGeometry,edge,60,897e41795fa2ff26e0355378cf8a5167b375d14ef03f185ae2be39fb7c1c6286,0.049066508853903755,0.05,0.052162646232257165,-0.0009334911460962478,-0.00309613737835341,0.04785787111423048,0.40449010654490114,0.0,12,incoming_final_layer_mean_head_attention_mass,b1852cbd59df9e01e455e0fdb9d8fa2fd6447528f5cc84b12a55a904cab15603,28c2715fbc9b16a75dc7e849a907a807c5097918ff49a92fd0b76583533998a8,87c0cf2e0f6e4cf5cf1ed4a0f6eb27af0115a73f61e811e17185afa0d20e738e
6fc2092861b32642,late,proof:6fc2092861b32642:e861e6d93548a689d7a91b4e,25,simple_fork,WinningThreat,edge,60,897e41795fa2ff26e0355378cf8a5167b375d14ef03f185ae2be39fb7c1c6286,0.05677346164492791,0.05714285714285714,0.06214051635097467,-0.0003693954979292341,-0.005367054706046766,0.05451397017251634,0.40476190476190477,0.0,14,incoming_final_layer_mean_head_attention_mass,c731986cb43829f64f39f23a22e81a4545daac6196461fd2ea70cf56af03cbf3,28c2715fbc9b16a75dc7e849a907a807c5097918ff49a92fd0b76583533998a8,87c0cf2e0f6e4cf5cf1ed4a0f6eb27af0115a73f61e811e17185afa0d20e738e
6fc2092861b32642,late,proof:6fc2092861b32642:e861e6d93548a689d7a91b4e,25,simple_fork,TacticalLineWindow,edge,60,897e41795fa2ff26e0355378cf8a5167b375d14ef03f185ae2be39fb7c1c6286,0.05677346164492791,0.05714285714285714,0.06297874752786362,-0.0003693954979292341,-0.0062052858829357085,0.05451397017251634,0.40476190476190477,0.0,14,incoming_final_layer_mean_head_attention_mass,c731986cb43829f64f39f23a22e81a4545daac6196461fd2ea70cf56af03cbf3,28c2715fbc9b16a75dc7e849a907a807c5097918ff49a92fd0b76583533998a8,87c0cf2e0f6e4cf5cf1ed4a0f6eb27af0115a73f61e811e17185afa0d20e738e
6fc2092861b32642,late,proof:6fc2092861b32642:e861e6d93548a689d7a91b4e,25,simple_fork,CompletionCell,node,60,897e41795fa2ff26e0355378cf8a5167b375d14ef03f185ae2be39fb7c1c6286,0.057142857200257025,0.05714285714285714,0.056026785722855015,5.7399883457431855e-11,0.00111607147740201,0.10096153846153846,0.6142857142857143,0.0,2,incoming_final_layer_mean_head_attention_mass,c731986cb43829f64f39f23a22e81a4545daac6196461fd2ea70cf56af03cbf3,28c2715fbc9b16a75dc7e849a907a807c5097918ff49a92fd0b76583533998a8,87c0cf2e0f6e4cf5cf1ed4a0f6eb27af0115a73f61e811e17185afa0d20e738e
6fc2092861b32642,late,proof:6fc2092861b32642:e861e6d93548a689d7a91b4e,25,simple_fork,ProofSupportedGeometry,edge,60,897e41795fa2ff26e0355378cf8a5167b375d14ef03f185ae2be39fb7c1c6286,0.05677346164492791,0.05714285714285714,0.06318201873109872,-0.0003693954979292341,-0.006408557086170809,0.05451397017251634,0.40476190476190477,0.0,14,incoming_final_layer_mean_head_attention_mass,c731986cb43829f64f39f23a22e81a4545daac6196461fd2ea70cf56af03cbf3,28c2715fbc9b16a75dc7e849a907a807c5097918ff49a92fd0b76583533998a8,87c0cf2e0f6e4cf5cf1ed4a0f6eb27af0115a73f61e811e17185afa0d20e738e
6fc2092861b32642,late,proof:6fc2092861b32642:f06431b5179509e9d040f70d,24,simple_fork,WinningThreat,edge,60,897e41795fa2ff26e0355378cf8a5167b375d14ef03f185ae2be39fb7c1c6286,0.049066508853903755,0.05,0.05448000842156807,-0.0009334911460962478,-0.0054134995676643136,0.04785787111423048,0.40449010654490114,0.0,12,incoming_final_layer_mean_head_attention_mass,52117e3e87a8d272c49447037f1c9364d09bd4b0a5195444325267264705ded5,28c2715fbc9b16a75dc7e849a907a807c5097918ff49a92fd0b76583533998a8,87c0cf2e0f6e4cf5cf1ed4a0f6eb27af0115a73f61e811e17185afa0d20e738e
6fc2092861b32642,late,proof:6fc2092861b32642:f06431b5179509e9d040f70d,24,simple_fork,TacticalLineWindow,edge,60,897e41795fa2ff26e0355378cf8a5167b375d14ef03f185ae2be39fb7c1c6286,0.049066508853903755,0.05,0.05480888552703143,-0.0009334911460962478,-0.005742376673127672,0.04785787111423048,0.40449010654490114,0.0,12,incoming_final_layer_mean_head_attention_mass,52117e3e87a8d272c49447037f1c9364d09bd4b0a5195444325267264705ded5,28c2715fbc9b16a75dc7e849a907a807c5097918ff49a92fd0b76583533998a8,87c0cf2e0f6e4cf5cf1ed4a0f6eb27af0115a73f61e811e17185afa0d20e738e
6fc2092861b32642,late,proof:6fc2092861b32642:f06431b5179509e9d040f70d,24,simple_fork,CompletionCell,node,60,897e41795fa2ff26e0355378cf8a5167b375d14ef03f185ae2be39fb7c1c6286,0.057142857200257025,0.05714285714285714,0.0564732142693701,5.7399883457431855e-11,0.0006696429308869212,0.10096153846153846,0.6142857142857143,0.0,2,incoming_final_layer_mean_head_attention_mass,52117e3e87a8d272c49447037f1c9364d09bd4b0a5195444325267264705ded5,28c2715fbc9b16a75dc7e849a907a807c5097918ff49a92fd0b76583533998a8,87c0cf2e0f6e4cf5cf1ed4a0f6eb27af0115a73f61e811e17185afa0d20e738e
6fc2092861b32642,late,proof:6fc2092861b32642:f06431b5179509e9d040f70d,24,simple_fork,ProofSupportedGeometry,edge,60,897e41795fa2ff26e0355378cf8a5167b375d14ef03f185ae2be39fb7c1c6286,0.049066508853903755,0.05,0.053964122383929086,-0.0009334911460962478,-0.004897613530025331,0.04785787111423048,0.40449010654490114,0.0,12,incoming_final_layer_mean_head_attention_mass,52117e3e87a8d272c49447037f1c9364d09bd4b0a5195444325267264705ded5,28c2715fbc9b16a75dc7e849a907a807c5097918ff49a92fd0b76583533998a8,87c0cf2e0f6e4cf5cf1ed4a0f6eb27af0115a73f61e811e17185afa0d20e738e
776d096fbd7a62b8,late,proof:776d096fbd7a62b8:708c7d162c6ab539184ec2a1,7,mandatory_block,WinningThreat,edge,60,897e41795fa2ff26e0355378cf8a5167b375d14ef03f185ae2be39fb7c1c6286,0.02166013096955324,0.02142857142857143,0.02767826650866603,0.00023155954098181067,-0.00601813553911279,0.025691098142056234,0.4140030441400304,0.0,6,incoming_final_layer_mean_head_attention_mass,4b8d348e20c139da83c11528bc21c098a3a75a656abe27f36c5febf09e6af063,28c2715fbc9b16a75dc7e849a907a807c5097918ff49a92fd0b76583533998a8,87c0cf2e0f6e4cf5cf1ed4a0f6eb27af0115a73f61e811e17185afa0d20e738e
776d096fbd7a62b8,late,proof:776d096fbd7a62b8:708c7d162c6ab539184ec2a1,7,mandatory_block,TacticalLineWindow,edge,60,897e41795fa2ff26e0355378cf8a5167b375d14ef03f185ae2be39fb7c1c6286,0.02166013096955324,0.02142857142857143,0.02740088920176509,0.00023155954098181067,-0.005740758232211849,0.025691098142056234,0.4140030441400304,0.0,6,incoming_final_layer_mean_head_attention_mass,4b8d348e20c139da83c11528bc21c098a3a75a656abe27f36c5febf09e6af063,28c2715fbc9b16a75dc7e849a907a807c5097918ff49a92fd0b76583533998a8,87c0cf2e0f6e4cf5cf1ed4a0f6eb27af0115a73f61e811e17185afa0d20e738e
776d096fbd7a62b8,late,proof:776d096fbd7a62b8:708c7d162c6ab539184ec2a1,7,mandatory_block,CompletionCell,node,60,897e41795fa2ff26e0355378cf8a5167b375d14ef03f185ae2be39fb7c1c6286,0.028571428597277525,0.02857142857142857,0.027901785666353488,2.5848954920970613e-11,0.0006696429309240373,0.09090909090909091,0.7142857142857143,0.0,1,incoming_final_layer_mean_head_attention_mass,4b8d348e20c139da83c11528bc21c098a3a75a656abe27f36c5febf09e6af063,28c2715fbc9b16a75dc7e849a907a807c5097918ff49a92fd0b76583533998a8,87c0cf2e0f6e4cf5cf1ed4a0f6eb27af0115a73f61e811e17185afa0d20e738e
776d096fbd7a62b8,late,proof:776d096fbd7a62b8:708c7d162c6ab539184ec2a1,7,mandatory_block,ForcedResponse,node,60,897e41795fa2ff26e0355378cf8a5167b375d14ef03f185ae2be39fb7c1c6286,0.028571428597277525,0.02857142857142857,0.027901785700446546,2.5848954920970613e-11,0.0006696428968309791,0.09090909090909091,0.7142857142857143,0.0,1,incoming_final_layer_mean_head_attention_mass,4b8d348e20c139da83c11528bc21c098a3a75a656abe27f36c5febf09e6af063,28c2715fbc9b16a75dc7e849a907a807c5097918ff49a92fd0b76583533998a8,87c0cf2e0f6e4cf5cf1ed4a0f6eb27af0115a73f61e811e17185afa0d20e738e
776d096fbd7a62b8,late,proof:776d096fbd7a62b8:708c7d162c6ab539184ec2a1,7,mandatory_block,BlockingMove,node,60,897e41795fa2ff26e0355378cf8a5167b375d14ef03f185ae2be39fb7c1c6286,0.028571428597277525,0.02857142857142857,0.02767857137960572,2.5848954920970613e-11,0.0008928572176718046,0.09090909090909091,0.7142857142857143,0.0,1,incoming_final_layer_mean_head_attention_mass,4b8d348e20c139da83c11528bc21c098a3a75a656abe27f36c5febf09e6af063,28c2715fbc9b16a75dc7e849a907a807c5097918ff49a92fd0b76583533998a8,87c0cf2e0f6e4cf5cf1ed4a0f6eb27af0115a73f61e811e17185afa0d20e738e
776d096fbd7a62b8,late,proof:776d096fbd7a62b8:708c7d162c6ab539184ec2a1,7,mandatory_block,ProofSupportedGeometry,edge,60,897e41795fa2ff26e0355378cf8a5167b375d14ef03f185ae2be39fb7c1c6286,0.02166013096955324,0.02142857142857143,0.028116903740606,0.00023155954098181067,-0.006456772771052759,0.025691098142056234,0.4140030441400304,0.0,6,incoming_final_layer_mean_head_attention_mass,4b8d348e20c139da83c11528bc21c098a3a75a656abe27f36c5febf09e6af063,28c2715fbc9b16a75dc7e849a907a807c5097918ff49a92fd0b76583533998a8,87c0cf2e0f6e4cf5cf1ed4a0f6eb27af0115a73f61e811e17185afa0d20e738e
460752ddf653e004,late,proof:460752ddf653e004:14456de8421d112d4c41706a,22,immediate_win|winning_line,WinningThreat,edge,60,897e41795fa2ff26e0355378cf8a5167b375d14ef03f185ae2be39fb7c1c6286,0.024885018940676316,0.025,0.026921633781289873,-0.00011498105932368496,-0.002036614840613557,0.025274882444955543,0.40563165905631654,0.0,6,incoming_final_layer_mean_head_attention_mass,fbd95b21ec5c1fb57be17998e1d1c58b4e219ff36ce7717655c47ade8689bbec,28c2715fbc9b16a75dc7e849a907a807c5097918ff49a92fd0b76583533998a8,87c0cf2e0f6e4cf5cf1ed4a0f6eb27af0115a73f61e811e17185afa0d20e738e
460752ddf653e004,late,proof:460752ddf653e004:14456de8421d112d4c41706a,22,immediate_win|winning_line,TacticalLineWindow,edge,60,897e41795fa2ff26e0355378cf8a5167b375d14ef03f185ae2be39fb7c1c6286,0.024885018940676316,0.025,0.02760855679835645,-0.00011498105932368496,-0.0027235378576801333,0.025274882444955543,0.40563165905631654,0.0,6,incoming_final_layer_mean_head_attention_mass,fbd95b21ec5c1fb57be17998e1d1c58b4e219ff36ce7717655c47ade8689bbec,28c2715fbc9b16a75dc7e849a907a807c5097918ff49a92fd0b76583533998a8,87c0cf2e0f6e4cf5cf1ed4a0f6eb27af0115a73f61e811e17185afa0d20e738e
460752ddf653e004,late,proof:460752ddf653e004:14456de8421d112d4c41706a,22,immediate_win|winning_line,CompletionCell,node,60,897e41795fa2ff26e0355378cf8a5167b375d14ef03f185ae2be39fb7c1c6286,0.028571428646314508,0.02857142857142857,0.027008928598979208,7.48859377286415e-11,0.0015625000473353003,0.125,0.8,0.0,1,incoming_final_layer_mean_head_attention_mass,fbd95b21ec5c1fb57be17998e1d1c58b4e219ff36ce7717655c47ade8689bbec,28c2715fbc9b16a75dc7e849a907a807c5097918ff49a92fd0b76583533998a8,87c0cf2e0f6e4cf5cf1ed4a0f6eb27af0115a73f61e811e17185afa0d20e738e
460752ddf653e004,late,proof:460752ddf653e004:14456de8421d112d4c41706a,22,immediate_win|winning_line,ProofSupportedGeometry,edge,60,897e41795fa2ff26e0355378cf8a5167b375d14ef03f185ae2be39fb7c1c6286,0.024885018940676316,0.025,0.02654194188757625,-0.00011498105932368496,-0.001656922946899935,0.025274882444955543,0.40563165905631654,0.0,6,incoming_final_layer_mean_head_attention_mass,fbd95b21ec5c1fb57be17998e1d1c58b4e219ff36ce7717655c47ade8689bbec,28c2715fbc9b16a75dc7e849a907a807c5097918ff49a92fd0b76583533998a8,87c0cf2e0f6e4cf5cf1ed4a0f6eb27af0115a73f61e811e17185afa0d20e738e
460752ddf653e004,late,proof:460752ddf653e004:4a991a9cef470cb306910280,21,simple_fork,WinningThreat,edge,60,897e41795fa2ff26e0355378cf8a5167b375d14ef03f185ae2be39fb7c1c6286,0.0741087201164367,0.075,0.08064428307773311,-0.0008912798835633007,-0.006535562961296412,0.0671853142773489,0.40106544901065444,0.0,18,incoming_final_layer_mean_head_attention_mass,e69476c7cf5284fa0297ff668e43006c05e98f22f2e7f65011111ea993255e13,28c2715fbc9b16a75dc7e849a907a807c5097918ff49a92fd0b76583533998a8,87c0cf2e0f6e4cf5cf1ed4a0f6eb27af0115a73f61e811e17185afa0d20e738e
460752ddf653e004,late,proof:460752ddf653e004:4a991a9cef470cb306910280,21,simple_fork,TacticalLineWindow,edge,60,897e41795fa2ff26e0355378cf8a5167b375d14ef03f185ae2be39fb7c1c6286,0.049248027693911504,0.05,0.05434838272699799,-0.0007519723060884984,-0.005100355033086486,0.04809026565869695,0.4048706240487063,0.0,12,incoming_final_layer_mean_head_attention_mass,e69476c7cf5284fa0297ff668e43006c05e98f22f2e7f65011111ea993255e13,28c2715fbc9b16a75dc7e849a907a807c5097918ff49a92fd0b76583533998a8,87c0cf2e0f6e4cf5cf1ed4a0f6eb27af0115a73f61e811e17185afa0d20e738e
460752ddf653e004,late,proof:460752ddf653e004:4a991a9cef470cb306910280,21,simple_fork,CompletionCell,node,60,897e41795fa2ff26e0355378cf8a5167b375d14ef03f185ae2be39fb7c1c6286,0.08571428588572509,0.08571428571428572,0.08348214289800107,1.7143937658392616e-10,0.00223214298772402,0.17500000000000002,0.7142857142857143,0.0,3,incoming_final_layer_mean_head_attention_mass,e69476c7cf5284fa0297ff668e43006c05e98f22f2e7f65011111ea993255e13,28c2715fbc9b16a75dc7e849a907a807c5097918ff49a92fd0b76583533998a8,87c0cf2e0f6e4cf5cf1ed4a0f6eb27af0115a73f61e811e17185afa0d20e738e
460752ddf653e004,late,proof:460752ddf653e004:4a991a9cef470cb306910280,21,simple_fork,ForcedResponse,node,60,897e41795fa2ff26e0355378cf8a5167b375d14ef03f185ae2be39fb7c1c6286,0.028571428593096075,0.02857142857142857,0.028125000022160486,2.1667504596090126e-11,0.0004464285709355892,0.06666666666666667,0.6,0.0,1,incoming_final_layer_mean_head_attention_mass,e69476c7cf5284fa0297ff668e43006c05e98f22f2e7f65011111ea993255e13,28c2715fbc9b16a75dc7e849a907a807c5097918ff49a92fd0b76583533998a8,87c0cf2e0f6e4cf5cf1ed4a0f6eb27af0115a73f61e811e17185afa0d20e738e
460752ddf653e004,late,proof:460752ddf653e004:4a991a9cef470cb306910280,21,simple_fork,BlockingMove,node,60,897e41795fa2ff26e0355378cf8a5167b375d14ef03f185ae2be39fb7c1c6286,0.028571428593096075,0.02857142857142857,0.02745535711295444,2.1667504596090126e-11,0.0011160714801416345,0.06666666666666667,0.6,0.0,1,incoming_final_layer_mean_head_attention_mass,e69476c7cf5284fa0297ff668e43006c05e98f22f2e7f65011111ea993255e13,28c2715fbc9b16a75dc7e849a907a807c5097918ff49a92fd0b76583533998a8,87c0cf2e0f6e4cf5cf1ed4a0f6eb27af0115a73f61e811e17185afa0d20e738e
460752ddf653e004,late,proof:460752ddf653e004:4a991a9cef470cb306910280,21,simple_fork,ProofSupportedGeometry,edge,60,897e41795fa2ff26e0355378cf8a5167b375d14ef03f185ae2be39fb7c1c6286,0.049248027693911504,0.05,0.0547890795554767,-0.0007519723060884984,-0.005541051861565192,0.04809026565869695,0.4048706240487063,0.0,12,incoming_final_layer_mean_head_attention_mass,e69476c7cf5284fa0297ff668e43006c05e98f22f2e7f65011111ea993255e13,28c2715fbc9b16a75dc7e849a907a807c5097918ff49a92fd0b76583533998a8,87c0cf2e0f6e4cf5cf1ed4a0f6eb27af0115a73f61e811e17185afa0d20e738e
460752ddf653e004,late,proof:460752ddf653e004:72378bb19909502de241128c,21,mandatory_block,WinningThreat,edge,60,897e41795fa2ff26e0355378cf8a5167b375d14ef03f185ae2be39fb7c1c6286,0.0741087201164367,0.075,0.08339270894087591,-0.0008912798835633007,-0.009283988824439218,0.0671853142773489,0.40106544901065444,0.0,18,incoming_final_layer_mean_head_attention_mass,4239061909f83831e913d33b2e52e3dbb466f712227c16c4ff4cedcfeba18102,28c2715fbc9b16a75dc7e849a907a807c5097918ff49a92fd0b76583533998a8,87c0cf2e0f6e4cf5cf1ed4a0f6eb27af0115a73f61e811e17185afa0d20e738e
460752ddf653e004,late,proof:460752ddf653e004:72378bb19909502de241128c,21,mandatory_block,TacticalLineWindow,edge,60,897e41795fa2ff26e0355378cf8a5167b375d14ef03f185ae2be39fb7c1c6286,0.024860692422525192,0.025,0.028271918216200422,-0.00013930757747480926,-0.00341122579367523,0.024800337860740457,0.39345509893455094,0.0,6,incoming_final_layer_mean_head_attention_mass,4239061909f83831e913d33b2e52e3dbb466f712227c16c4ff4cedcfeba18102,28c2715fbc9b16a75dc7e849a907a807c5097918ff49a92fd0b76583533998a8,87c0cf2e0f6e4cf5cf1ed4a0f6eb27af0115a73f61e811e17185afa0d20e738e
460752ddf653e004,late,proof:460752ddf653e004:72378bb19909502de241128c,21,mandatory_block,CompletionCell,node,60,897e41795fa2ff26e0355378cf8a5167b375d14ef03f185ae2be39fb7c1c6286,0.08571428588572509,0.08571428571428572,0.08437499995463961,1.7143937658392616e-10,0.001339285931085482,0.17500000000000002,0.7142857142857143,0.0,3,incoming_final_layer_mean_head_attention_mass,4239061909f83831e913d33b2e52e3dbb466f712227c16c4ff4cedcfeba18102,28c2715fbc9b16a75dc7e849a907a807c5097918ff49a92fd0b76583533998a8,87c0cf2e0f6e4cf5cf1ed4a0f6eb27af0115a73f61e811e17185afa0d20e738e
460752ddf653e004,late,proof:460752ddf653e004:72378bb19909502de241128c,21,mandatory_block,ForcedResponse,node,60,897e41795fa2ff26e0355378cf8a5167b375d14ef03f185ae2be39fb7c1c6286,0.028571428593096075,0.02857142857142857,0.027455357083434842,2.1667504596090126e-11,0.001116071509661233,0.06666666666666667,0.6,0.0,1,incoming_final_layer_mean_head_attention_mass,4239061909f83831e913d33b2e52e3dbb466f712227c16c4ff4cedcfeba18102,28c2715fbc9b16a75dc7e849a907a807c5097918ff49a92fd0b76583533998a8,87c0cf2e0f6e4cf5cf1ed4a0f6eb27af0115a73f61e811e17185afa0d20e738e
460752ddf653e004,late,proof:460752ddf653e004:72378bb19909502de241128c,21,mandatory_block,BlockingMove,node,60,897e41795fa2ff26e0355378cf8a5167b375d14ef03f185ae2be39fb7c1c6286,0.028571428593096075,0.02857142857142857,0.027678571429604913,2.1667504596090126e-11,0.000892857163491162,0.06666666666666667,0.6,0.0,1,incoming_final_layer_mean_head_attention_mass,4239061909f83831e913d33b2e52e3dbb466f712227c16c4ff4cedcfeba18102,28c2715fbc9b16a75dc7e849a907a807c5097918ff49a92fd0b76583533998a8,87c0cf2e0f6e4cf5cf1ed4a0f6eb27af0115a73f61e811e17185afa0d20e738e
460752ddf653e004,late,proof:460752ddf653e004:72378bb19909502de241128c,21,mandatory_block,ProofSupportedGeometry,edge,60,897e41795fa2ff26e0355378cf8a5167b375d14ef03f185ae2be39fb7c1c6286,0.024860692422525192,0.025,0.027637112311368537,-0.00013930757747480926,-0.002776419888843345,0.024800337860740457,0.39345509893455094,0.0,6,incoming_final_layer_mean_head_attention_mass,4239061909f83831e913d33b2e52e3dbb466f712227c16c4ff4cedcfeba18102,28c2715fbc9b16a75dc7e849a907a807c5097918ff49a92fd0b76583533998a8,87c0cf2e0f6e4cf5cf1ed4a0f6eb27af0115a73f61e811e17185afa0d20e738e
30bcc4667ee54d7c,mid,proof:30bcc4667ee54d7c:33c32818e8f9d80924f80844,28,immediate_win|winning_line,WinningThreat,edge,60,897e41795fa2ff26e0355378cf8a5167b375d14ef03f185ae2be39fb7c1c6286,0.02109549875377362,0.02142857142857143,0.026628350566303666,-0.00033307267479780814,-0.005532851812530045,0.02122850521373562,0.3006088280060883,0.0,6,incoming_final_layer_mean_head_attention_mass,c2ef0cd1bb52dc7d87854dba6504bc08b62fd6761011a17ff0896361de6d0dda,28c2715fbc9b16a75dc7e849a907a807c5097918ff49a92fd0b76583533998a8,87c0cf2e0f6e4cf5cf1ed4a0f6eb27af0115a73f61e811e17185afa0d20e738e
30bcc4667ee54d7c,mid,proof:30bcc4667ee54d7c:33c32818e8f9d80924f80844,28,immediate_win|winning_line,TacticalLineWindow,edge,60,897e41795fa2ff26e0355378cf8a5167b375d14ef03f185ae2be39fb7c1c6286,0.02109549875377362,0.02142857142857143,0.0270122647143678,-0.00033307267479780814,-0.005916765960594178,0.02122850521373562,0.3006088280060883,0.0,6,incoming_final_layer_mean_head_attention_mass,c2ef0cd1bb52dc7d87854dba6504bc08b62fd6761011a17ff0896361de6d0dda,28c2715fbc9b16a75dc7e849a907a807c5097918ff49a92fd0b76583533998a8,87c0cf2e0f6e4cf5cf1ed4a0f6eb27af0115a73f61e811e17185afa0d20e738e
30bcc4667ee54d7c,mid,proof:30bcc4667ee54d7c:33c32818e8f9d80924f80844,28,immediate_win|winning_line,CompletionCell,node,60,897e41795fa2ff26e0355378cf8a5167b375d14ef03f185ae2be39fb7c1c6286,0.028571428353232998,0.02857142857142857,0.02767857143838358,-2.1819557272095835e-10,0.0008928569148494193,0.03225806451612903,0.14285714285714285,0.0,1,incoming_final_layer_mean_head_attention_mass,c2ef0cd1bb52dc7d87854dba6504bc08b62fd6761011a17ff0896361de6d0dda,28c2715fbc9b16a75dc7e849a907a807c5097918ff49a92fd0b76583533998a8,87c0cf2e0f6e4cf5cf1ed4a0f6eb27af0115a73f61e811e17185afa0d20e738e
30bcc4667ee54d7c,mid,proof:30bcc4667ee54d7c:33c32818e8f9d80924f80844,28,immediate_win|winning_line,ProofSupportedGeometry,edge,60,897e41795fa2ff26e0355378cf8a5167b375d14ef03f185ae2be39fb7c1c6286,0.02109549875377362,0.02142857142857143,0.026327646897159954,-0.00033307267479780814,-0.005232148143386333,0.02122850521373562,0.3006088280060883,0.0,6,incoming_final_layer_mean_head_attention_mass,c2ef0cd1bb52dc7d87854dba6504bc08b62fd6761011a17ff0896361de6d0dda,28c2715fbc9b16a75dc7e849a907a807c5097918ff49a92fd0b76583533998a8,87c0cf2e0f6e4cf5cf1ed4a0f6eb27af0115a73f61e811e17185afa0d20e738e
7d4b1fee8b0f3782,late,proof:7d4b1fee8b0f3782:2c9daa79abf6399e87928c04,23,mandatory_block,WinningThreat,edge,60,897e41795fa2ff26e0355378cf8a5167b375d14ef03f185ae2be39fb7c1c6286,0.02452347712506428,0.025,0.02806152710181959,-0.00047652287493572115,-0.00353804997675531,0.025500978403719576,0.3850837138508371,0.0,6,incoming_final_layer_mean_head_attention_mass,f36ca542cc70cfcb29d80126c45e8e8388835d246a7b28f50610802ad7ec472c,28c2715fbc9b16a75dc7e849a907a807c5097918ff49a92fd0b76583533998a8,87c0cf2e0f6e4cf5cf1ed4a0f6eb27af0115a73f61e811e17185afa0d20e738e
7d4b1fee8b0f3782,late,proof:7d4b1fee8b0f3782:2c9daa79abf6399e87928c04,23,mandatory_block,TacticalLineWindow,edge,60,897e41795fa2ff26e0355378cf8a5167b375d14ef03f185ae2be39fb7c1c6286,0.02452347712506428,0.025,0.026381438421684326,-0.00047652287493572115,-0.0018579612966200462,0.025500978403719576,0.3850837138508371,0.0,6,incoming_final_layer_mean_head_attention_mass,f36ca542cc70cfcb29d80126c45e8e8388835d246a7b28f50610802ad7ec472c,28c2715fbc9b16a75dc7e849a907a807c5097918ff49a92fd0b76583533998a8,87c0cf2e0f6e4cf5cf1ed4a0f6eb27af0115a73f61e811e17185afa0d20e738e
7d4b1fee8b0f3782,late,proof:7d4b1fee8b0f3782:2c9daa79abf6399e87928c04,23,mandatory_block,CompletionCell,node,60,897e41795fa2ff26e0355378cf8a5167b375d14ef03f185ae2be39fb7c1c6286,0.028571428542538566,0.02857142857142857,0.028124999961582943,-2.889000497163785e-11,0.0004464285809556226,0.0625,0.5714285714285714,0.0,1,incoming_final_layer_mean_head_attention_mass,f36ca542cc70cfcb29d80126c45e8e8388835d246a7b28f50610802ad7ec472c,28c2715fbc9b16a75dc7e849a907a807c5097918ff49a92fd0b76583533998a8,87c0cf2e0f6e4cf5cf1ed4a0f6eb27af0115a73f61e811e17185afa0d20e738e
7d4b1fee8b0f3782,late,proof:7d4b1fee8b0f3782:2c9daa79abf6399e87928c04,23,mandatory_block,ForcedResponse,node,60,897e41795fa2ff26e0355378cf8a5167b375d14ef03f185ae2be39fb7c1c6286,0.028571428542538566,0.02857142857142857,0.027232142837922448,-2.889000497163785e-11,0.001339285704616118,0.0625,0.5714285714285714,0.0,1,incoming_final_layer_mean_head_attention_mass,f36ca542cc70cfcb29d80126c45e8e8388835d246a7b28f50610802ad7ec472c,28c2715fbc9b16a75dc7e849a907a807c5097918ff49a92fd0b76583533998a8,87c0cf2e0f6e4cf5cf1ed4a0f6eb27af0115a73f61e811e17185afa0d20e738e
7d4b1fee8b0f3782,late,proof:7d4b1fee8b0f3782:2c9daa79abf6399e87928c04,23,mandatory_block,BlockingMove,node,60,897e41795fa2ff26e0355378cf8a5167b375d14ef03f185ae2be39fb7c1c6286,0.028571428542538566,0.02857142857142857,0.02790178568939897,-2.889000497163785e-11,0.0006696428531395952,0.0625,0.5714285714285714,0.0,1,incoming_final_layer_mean_head_attention_mass,f36ca542cc70cfcb29d80126c45e8e8388835d246a7b28f50610802ad7ec472c,28c2715fbc9b16a75dc7e849a907a807c5097918ff49a92fd0b76583533998a8,87c0cf2e0f6e4cf5cf1ed4a0f6eb27af0115a73f61e811e17185afa0d20e738e
7d4b1fee8b0f3782,late,proof:7d4b1fee8b0f3782:2c9daa79abf6399e87928c04,23,mandatory_block,ProofSupportedGeometry,edge,60,897e41795fa2ff26e0355378cf8a5167b375d14ef03f185ae2be39fb7c1c6286,0.02452347712506428,0.025,0.02811700140908504,-0.00047652287493572115,-0.003593524284020759,0.025500978403719576,0.3850837138508371,0.0,6,incoming_final_layer_mean_head_attention_mass,f36ca542cc70cfcb29d80126c45e8e8388835d246a7b28f50610802ad7ec472c,28c2715fbc9b16a75dc7e849a907a807c5097918ff49a92fd0b76583533998a8,87c0cf2e0f6e4cf5cf1ed4a0f6eb27af0115a73f61e811e17185afa0d20e738e
8997c4eba59e8594,mid,proof:8997c4eba59e8594:2e440c9699001a494b9c0d0d,22,mandatory_block,WinningThreat,edge,60,897e41795fa2ff26e0355378cf8a5167b375d14ef03f185ae2be39fb7c1c6286,0.02468779433249233,0.025,0.028123340861805138,-0.0003122056675076701,-0.0034355465293128065,0.025503811593239816,0.3828006088280061,0.0,6,incoming_final_layer_mean_head_attention_mass,bd47e71218fa3c587fe843d0fddfc90de69cad6784e8db214e0a2e10d1fdd797,28c2715fbc9b16a75dc7e849a907a807c5097918ff49a92fd0b76583533998a8,87c0cf2e0f6e4cf5cf1ed4a0f6eb27af0115a73f61e811e17185afa0d20e738e
8997c4eba59e8594,mid,proof:8997c4eba59e8594:2e440c9699001a494b9c0d0d,22,mandatory_block,TacticalLineWindow,edge,60,897e41795fa2ff26e0355378cf8a5167b375d14ef03f185ae2be39fb7c1c6286,0.02468779433249233,0.025,0.028008095048289012,-0.0003122056675076701,-0.0033203007157966806,0.025503811593239816,0.3828006088280061,0.0,6,incoming_final_layer_mean_head_attention_mass,bd47e71218fa3c587fe843d0fddfc90de69cad6784e8db214e0a2e10d1fdd797,28c2715fbc9b16a75dc7e849a907a807c5097918ff49a92fd0b76583533998a8,87c0cf2e0f6e4cf5cf1ed4a0f6eb27af0115a73f61e811e17185afa0d20e738e
8997c4eba59e8594,mid,proof:8997c4eba59e8594:2e440c9699001a494b9c0d0d,22,mandatory_block,CompletionCell,node,60,897e41795fa2ff26e0355378cf8a5167b375d14ef03f185ae2be39fb7c1c6286,0.028571428893780223,0.02857142857142857,0.027901785690646275,3.223516523154224e-10,0.0006696432031339482,0.5,0.9714285714285714,0.0,1,incoming_final_layer_mean_head_attention_mass,bd47e71218fa3c587fe843d0fddfc90de69cad6784e8db214e0a2e10d1fdd797,28c2715fbc9b16a75dc7e849a907a807c5097918ff49a92fd0b76583533998a8,87c0cf2e0f6e4cf5cf1ed4a0f6eb27af0115a73f61e811e17185afa0d20e738e
8997c4eba59e8594,mid,proof:8997c4eba59e8594:2e440c9699001a494b9c0d0d,22,mandatory_block,ForcedResponse,node,60,897e41795fa2ff26e0355378cf8a5167b375d14ef03f185ae2be39fb7c1c6286,0.028571428893780223,0.02857142857142857,0.0276785714348436,3.223516523154224e-10,0.0008928574589366217,0.5,0.9714285714285714,0.0,1,incoming_final_layer_mean_head_attention_mass,bd47e71218fa3c587fe843d0fddfc90de69cad6784e8db214e0a2e10d1fdd797,28c2715fbc9b16a75dc7e849a907a807c5097918ff49a92fd0b76583533998a8,87c0cf2e0f6e4cf5cf1ed4a0f6eb27af0115a73f61e811e17185afa0d20e738e
8997c4eba59e8594,mid,proof:8997c4eba59e8594:2e440c9699001a494b9c0d0d,22,mandatory_block,BlockingMove,node,60,897e41795fa2ff26e0355378cf8a5167b375d14ef03f185ae2be39fb7c1c6286,0.028571428893780223,0.02857142857142857,0.028348214300373112,3.223516523154224e-10,0.000223214593407111,0.5,0.9714285714285714,0.0,1,incoming_final_layer_mean_head_attention_mass,bd47e71218fa3c587fe843d0fddfc90de69cad6784e8db214e0a2e10d1fdd797,28c2715fbc9b16a75dc7e849a907a807c5097918ff49a92fd0b76583533998a8,87c0cf2e0f6e4cf5cf1ed4a0f6eb27af0115a73f61e811e17185afa0d20e738e
8997c4eba59e8594,mid,proof:8997c4eba59e8594:2e440c9699001a494b9c0d0d,22,mandatory_block,ProofSupportedGeometry,edge,60,897e41795fa2ff26e0355378cf8a5167b375d14ef03f185ae2be39fb7c1c6286,0.02468779433249233,0.025,0.028129890883408476,-0.0003122056675076701,-0.0034420965509161447,0.025503811593239816,0.3828006088280061,0.0,6,incoming_final_layer_mean_head_attention_mass,bd47e71218fa3c587fe843d0fddfc90de69cad6784e8db214e0a2e10d1fdd797,28c2715fbc9b16a75dc7e849a907a807c5097918ff49a92fd0b76583533998a8,87c0cf2e0f6e4cf5cf1ed4a0f6eb27af0115a73f61e811e17185afa0d20e738e
bac2b3a89002d2a2,late,proof:bac2b3a89002d2a2:611dd998f7119ff1020e9b9e,14,simple_fork,WinningThreat,edge,60,897e41795fa2ff26e0355378cf8a5167b375d14ef03f185ae2be39fb7c1c6286,0.05176078788572625,0.05,0.054880817683731854,0.001760787885726249,-0.0031200297980056024,0.0634148970722943,0.5038051750380518,0.0,12,incoming_final_layer_mean_head_attention_mass,8f90aa557d62b4a6645bfdf756445728dac8c52b3b85d7b18ab02c6cc2d8182e,28c2715fbc9b16a75dc7e849a907a807c5097918ff49a92fd0b76583533998a8,87c0cf2e0f6e4cf5cf1ed4a0f6eb27af0115a73f61e811e17185afa0d20e738e
bac2b3a89002d2a2,late,proof:bac2b3a89002d2a2:611dd998f7119ff1020e9b9e,14,simple_fork,TacticalLineWindow,edge,60,897e41795fa2ff26e0355378cf8a5167b375d14ef03f185ae2be39fb7c1c6286,0.05176078788572625,0.05,0.05454153558059051,0.001760787885726249,-0.0027807476948642565,0.0634148970722943,0.5038051750380518,0.0,12,incoming_final_layer_mean_head_attention_mass,8f90aa557d62b4a6645bfdf756445728dac8c52b3b85d7b18ab02c6cc2d8182e,28c2715fbc9b16a75dc7e849a907a807c5097918ff49a92fd0b76583533998a8,87c0cf2e0f6e4cf5cf1ed4a0f6eb27af0115a73f61e811e17185afa0d20e738e
bac2b3a89002d2a2,late,proof:bac2b3a89002d2a2:611dd998f7119ff1020e9b9e,14,simple_fork,CompletionCell,node,60,897e41795fa2ff26e0355378cf8a5167b375d14ef03f185ae2be39fb7c1c6286,0.08571428531742825,0.08571428571428572,0.08392857139920626,-3.9685746355822005e-10,0.0017857139182219928,0.07429453262786595,0.27619047619047615,0.0,3,incoming_final_layer_mean_head_attention_mass,8f90aa557d62b4a6645bfdf756445728dac8c52b3b85d7b18ab02c6cc2d8182e,28c2715fbc9b16a75dc7e849a907a807c5097918ff49a92fd0b76583533998a8,87c0cf2e0f6e4cf5cf1ed4a0f6eb27af0115a73f61e811e17185afa0d20e738e
bac2b3a89002d2a2,late,proof:bac2b3a89002d2a2:611dd998f7119ff1020e9b9e,14,simple_fork,ProofSupportedGeometry,edge,60,897e41795fa2ff26e0355378cf8a5167b375d14ef03f185ae2be39fb7c1c6286,0.05176078788572625,0.05,0.05499396893125381,0.001760787885726249,-0.0032331810455275556,0.0634148970722943,0.5038051750380518,0.0,12,incoming_final_layer_mean_head_attention_mass,8f90aa557d62b4a6645bfdf756445728dac8c52b3b85d7b18ab02c6cc2d8182e,28c2715fbc9b16a75dc7e849a907a807c5097918ff49a92fd0b76583533998a8,87c0cf2e0f6e4cf5cf1ed4a0f6eb27af0115a73f61e811e17185afa0d20e738e
bac2b3a89002d2a2,late,proof:bac2b3a89002d2a2:7bb4b138d8f3ce54acbf60c1,23,simple_fork,WinningThreat,edge,60,897e41795fa2ff26e0355378cf8a5167b375d14ef03f185ae2be39fb7c1c6286,0.05363428164089455,0.05357142857142857,0.05501133033654275,6.285306946598318e-05,-0.0013770486956481975,0.0757228812021491,0.5049467275494673,0.08333333333333333,12,incoming_final_layer_mean_head_attention_mass,6c0500918b35ea08d698ef811c448a539dd34c48d05a916d93cd7abb3eeb179e,28c2715fbc9b16a75dc7e849a907a807c5097918ff49a92fd0b76583533998a8,87c0cf2e0f6e4cf5cf1ed4a0f6eb27af0115a73f61e811e17185afa0d20e738e
bac2b3a89002d2a2,late,proof:bac2b3a89002d2a2:7bb4b138d8f3ce54acbf60c1,23,simple_fork,TacticalLineWindow,edge,60,897e41795fa2ff26e0355378cf8a5167b375d14ef03f185ae2be39fb7c1c6286,0.05363428164089455,0.05357142857142857,0.054949536205553665,6.285306946598318e-05,-0.001315254564659113,0.0757228812021491,0.5049467275494673,0.08333333333333333,12,incoming_final_layer_mean_head_attention_mass,6c0500918b35ea08d698ef811c448a539dd34c48d05a916d93cd7abb3eeb179e,28c2715fbc9b16a75dc7e849a907a807c5097918ff49a92fd0b76583533998a8,87c0cf2e0f6e4cf5cf1ed4a0f6eb27af0115a73f61e811e17185afa0d20e738e
bac2b3a89002d2a2,late,proof:bac2b3a89002d2a2:7bb4b138d8f3ce54acbf60c1,23,simple_fork,CompletionCell,node,60,897e41795fa2ff26e0355378cf8a5167b375d14ef03f185ae2be39fb7c1c6286,0.08571428568995729,0.08571428571428572,0.08437500007084704,-2.4328428160913518e-11,0.0013392856191102448,0.10730994152046784,0.5142857142857142,0.0,3,incoming_final_layer_mean_head_attention_mass,6c0500918b35ea08d698ef811c448a539dd34c48d05a916d93cd7abb3eeb179e,28c2715fbc9b16a75dc7e849a907a807c5097918ff49a92fd0b76583533998a8,87c0cf2e0f6e4cf5cf1ed4a0f6eb27af0115a73f61e811e17185afa0d20e738e
bac2b3a89002d2a2,late,proof:bac2b3a89002d2a2:7bb4b138d8f3ce54acbf60c1,23,simple_fork,ProofSupportedGeometry,edge,60,897e41795fa2ff26e0355378cf8a5167b375d14ef03f185ae2be39fb7c1c6286,0.05363428164089455,0.05357142857142857,0.053569785906926924,6.285306946598318e-05,6.449573396762748e-05,0.0757228812021491,0.5049467275494673,0.08333333333333333,12,incoming_final_layer_mean_head_attention_mass,6c0500918b35ea08d698ef811c448a539dd34c48d05a916d93cd7abb3eeb179e,28c2715fbc9b16a75dc7e849a907a807c5097918ff49a92fd0b76583533998a8,87c0cf2e0f6e4cf5cf1ed4a0f6eb27af0115a73f61e811e17185afa0d20e738e
44564f38d84c578b,late,proof:44564f38d84c578b:bab745f726c0d88c61e52d22,22,immediate_win|winning_line,WinningThreat,edge,60,897e41795fa2ff26e0355378cf8a5167b375d14ef03f185ae2be39fb7c1c6286,0.024718998176124878,0.025,0.02649635662191438,-0.00028100182387512385,-0.0017773584457895023,0.03389347288108378,0.4185692541856925,0.0,6,incoming_final_layer_mean_head_attention_mass,9ad2ebae7ce457f028eda0111770de7a8f6e2c66468a505d88724e84078a3c30,28c2715fbc9b16a75dc7e849a907a807c5097918ff49a92fd0b76583533998a8,87c0cf2e0f6e4cf5cf1ed4a0f6eb27af0115a73f61e811e17185afa0d20e738e
44564f38d84c578b,late,proof:44564f38d84c578b:bab745f726c0d88c61e52d22,22,immediate_win|winning_line,TacticalLineWindow,edge,60,897e41795fa2ff26e0355378cf8a5167b375d14ef03f185ae2be39fb7c1c6286,0.024718998176124878,0.025,0.0272479246402079,-0.00028100182387512385,-0.002528926464083023,0.03389347288108378,0.4185692541856925,0.0,6,incoming_final_layer_mean_head_attention_mass,9ad2ebae7ce457f028eda0111770de7a8f6e2c66468a505d88724e84078a3c30,28c2715fbc9b16a75dc7e849a907a807c5097918ff49a92fd0b76583533998a8,87c0cf2e0f6e4cf5cf1ed4a0f6eb27af0115a73f61e811e17185afa0d20e738e
44564f38d84c578b,late,proof:44564f38d84c578b:bab745f726c0d88c61e52d22,22,immediate_win|winning_line,CompletionCell,node,60,897e41795fa2ff26e0355378cf8a5167b375d14ef03f185ae2be39fb7c1c6286,0.028571428430779856,0.02857142857142857,0.027678571430353297,-1.4064871489694042e-10,0.0008928570004265585,0.04,0.3142857142857143,0.0,1,incoming_final_layer_mean_head_attention_mass,9ad2ebae7ce457f028eda0111770de7a8f6e2c66468a505d88724e84078a3c30,28c2715fbc9b16a75dc7e849a907a807c5097918ff49a92fd0b76583533998a8,87c0cf2e0f6e4cf5cf1ed4a0f6eb27af0115a73f61e811e17185afa0d20e738e
44564f38d84c578b,late,proof:44564f38d84c578b:bab745f726c0d88c61e52d22,22,immediate_win|winning_line,ProofSupportedGeometry,edge,60,897e41795fa2ff26e0355378cf8a5167b375d14ef03f185ae2be39fb7c1c6286,0.024718998176124878,0.025,0.028517543649079772,-0.00028100182387512385,-0.0037985454729548944,0.03389347288108378,0.4185692541856925,0.0,6,incoming_final_layer_mean_head_attention_mass,9ad2ebae7ce457f028eda0111770de7a8f6e2c66468a505d88724e84078a3c30,28c2715fbc9b16a75dc7e849a907a807c5097918ff49a92fd0b76583533998a8,87c0cf2e0f6e4cf5cf1ed4a0f6eb27af0115a73f61e811e17185afa0d20e738e
44564f38d84c578b,late,proof:44564f38d84c578b:c22761b035c58d641b3f748e,18,immediate_win|winning_line,WinningThreat,edge,60,897e41795fa2ff26e0355378cf8a5167b375d14ef03f185ae2be39fb7c1c6286,0.028571428750090454,0.02857142857142857,0.027296138972939483,1.786618838983678e-10,0.001275289777150971,0.040870605383694476,0.5350076103500762,0.0,6,incoming_final_layer_mean_head_attention_mass,a017ca6dfca0d943a26f10145f616d37f66c11d6dbb352d962950fe51bb04bcd,28c2715fbc9b16a75dc7e849a907a807c5097918ff49a92fd0b76583533998a8,87c0cf2e0f6e4cf5cf1ed4a0f6eb27af0115a73f61e811e17185afa0d20e738e
44564f38d84c578b,late,proof:44564f38d84c578b:c22761b035c58d641b3f748e,18,immediate_win|winning_line,TacticalLineWindow,edge,60,897e41795fa2ff26e0355378cf8a5167b375d14ef03f185ae2be39fb7c1c6286,0.028571428750090454,0.02857142857142857,0.02746297729398721,1.786618838983678e-10,0.0011084514561032453,0.040870605383694476,0.5350076103500762,0.0,6,incoming_final_layer_mean_head_attention_mass,a017ca6dfca0d943a26f10145f616d37f66c11d6dbb352d962950fe51bb04bcd,28c2715fbc9b16a75dc7e849a907a807c5097918ff49a92fd0b76583533998a8,87c0cf2e0f6e4cf5cf1ed4a0f6eb27af0115a73f61e811e17185afa0d20e738e
44564f38d84c578b,late,proof:44564f38d84c578b:c22761b035c58d641b3f748e,18,immediate_win|winning_line,CompletionCell,node,60,897e41795fa2ff26e0355378cf8a5167b375d14ef03f185ae2be39fb7c1c6286,0.02857142848399829,0.02857142857142857,0.02767857144532098,-8.743028176438905e-11,0.0008928570386773083,0.05,0.45714285714285713,0.0,1,incoming_final_layer_mean_head_attention_mass,a017ca6dfca0d943a26f10145f616d37f66c11d6dbb352d962950fe51bb04bcd,28c2715fbc9b16a75dc7e849a907a807c5097918ff49a92fd0b76583533998a8,87c0cf2e0f6e4cf5cf1ed4a0f6eb27af0115a73f61e811e17185afa0d20e738e
44564f38d84c578b,late,proof:44564f38d84c578b:c22761b035c58d641b3f748e,18,immediate_win|winning_line,ProofSupportedGeometry,edge,60,897e41795fa2ff26e0355378cf8a5167b375d14ef03f185ae2be39fb7c1c6286,0.028571428750090454,0.02857142857142857,0.026434250403916896,1.786618838983678e-10,0.0021371783461735586,0.040870605383694476,0.5350076103500762,0.0,6,incoming_final_layer_mean_head_attention_mass,a017ca6dfca0d943a26f10145f616d37f66c11d6dbb352d962950fe51bb04bcd,28c2715fbc9b16a75dc7e849a907a807c5097918ff49a92fd0b76583533998a8,87c0cf2e0f6e4cf5cf1ed4a0f6eb27af0115a73f61e811e17185afa0d20e738e
60ac7ed07a88c8b5,late,proof:60ac7ed07a88c8b5:0b63997f0daebb84cdb34739,21,immediate_win|winning_line,WinningThreat,edge,60,897e41795fa2ff26e0355378cf8a5167b375d14ef03f185ae2be39fb7c1c6286,0.024270933085922118,0.025,0.026788346727056454,-0.0007290669140778833,-0.002517413641134336,0.032203718758761206,0.4041095890410959,0.0,6,incoming_final_layer_mean_head_attention_mass,a9a98e2e22a86a8fb4f8c2eb6f1a72641b290536af51454923c28c8e3c3f9baf,28c2715fbc9b16a75dc7e849a907a807c5097918ff49a92fd0b76583533998a8,87c0cf2e0f6e4cf5cf1ed4a0f6eb27af0115a73f61e811e17185afa0d20e738e
60ac7ed07a88c8b5,late,proof:60ac7ed07a88c8b5:0b63997f0daebb84cdb34739,21,immediate_win|winning_line,TacticalLineWindow,edge,60,897e41795fa2ff26e0355378cf8a5167b375d14ef03f185ae2be39fb7c1c6286,0.024270933085922118,0.025,0.027396155346469993,-0.0007290669140778833,-0.0031252222605478754,0.032203718758761206,0.4041095890410959,0.0,6,incoming_final_layer_mean_head_attention_mass,a9a98e2e22a86a8fb4f8c2eb6f1a72641b290536af51454923c28c8e3c3f9baf,28c2715fbc9b16a75dc7e849a907a807c5097918ff49a92fd0b76583533998a8,87c0cf2e0f6e4cf5cf1ed4a0f6eb27af0115a73f61e811e17185afa0d20e738e
60ac7ed07a88c8b5,late,proof:60ac7ed07a88c8b5:0b63997f0daebb84cdb34739,21,immediate_win|winning_line,CompletionCell,node,60,897e41795fa2ff26e0355378cf8a5167b375d14ef03f185ae2be39fb7c1c6286,0.028571428529614088,0.02857142857142857,0.0279017856983974,-4.1814482432123157e-11,0.0006696428312166873,0.047619047619047616,0.42857142857142855,0.0,1,incoming_final_layer_mean_head_attention_mass,a9a98e2e22a86a8fb4f8c2eb6f1a72641b290536af51454923c28c8e3c3f9baf,28c2715fbc9b16a75dc7e849a907a807c5097918ff49a92fd0b76583533998a8,87c0cf2e0f6e4cf5cf1ed4a0f6eb27af0115a73f61e811e17185afa0d20e738e
60ac7ed07a88c8b5,late,proof:60ac7ed07a88c8b5:0b63997f0daebb84cdb34739,21,immediate_win|winning_line,ProofSupportedGeometry,edge,60,897e41795fa2ff26e0355378cf8a5167b375d14ef03f185ae2be39fb7c1c6286,0.024270933085922118,0.025,0.02733882091530638,-0.0007290669140778833,-0.003067887829384261,0.032203718758761206,0.4041095890410959,0.0,6,incoming_final_layer_mean_head_attention_mass,a9a98e2e22a86a8fb4f8c2eb6f1a72641b290536af51454923c28c8e3c3f9baf,28c2715fbc9b16a75dc7e849a907a807c5097918ff49a92fd0b76583533998a8,87c0cf2e0f6e4cf5cf1ed4a0f6eb27af0115a73f61e811e17185afa0d20e738e
60ac7ed07a88c8b5,late,proof:60ac7ed07a88c8b5:0ccaad0adade1601f28b1acb,19,immediate_win|winning_line,WinningThreat,edge,60,897e41795fa2ff26e0355378cf8a5167b375d14ef03f185ae2be39fb7c1c6286,0.024795724202379455,0.025,0.0285258851178676,-0.0002042757976205463,-0.0037301609154881434,0.027161393193889313,0.4063926940639269,0.0,6,incoming_final_layer_mean_head_attention_mass,22717b3c1f98b96c2244831340c1e0350746e01c8e0680e982ff848b4b57a778,28c2715fbc9b16a75dc7e849a907a807c5097918ff49a92fd0b76583533998a8,87c0cf2e0f6e4cf5cf1ed4a0f6eb27af0115a73f61e811e17185afa0d20e738e
60ac7ed07a88c8b5,late,proof:60ac7ed07a88c8b5:0ccaad0adade1601f28b1acb,19,immediate_win|winning_line,TacticalLineWindow,edge,60,897e41795fa2ff26e0355378cf8a5167b375d14ef03f185ae2be39fb7c1c6286,0.024795724202379455,0.025,0.02766559643896143,-0.0002042757976205463,-0.0028698722365819752,0.027161393193889313,0.4063926940639269,0.0,6,incoming_final_layer_mean_head_attention_mass,22717b3c1f98b96c2244831340c1e0350746e01c8e0680e982ff848b4b57a778,28c2715fbc9b16a75dc7e849a907a807c5097918ff49a92fd0b76583533998a8,87c0cf2e0f6e4cf5cf1ed4a0f6eb27af0115a73f61e811e17185afa0d20e738e
60ac7ed07a88c8b5,late,proof:60ac7ed07a88c8b5:0ccaad0adade1601f28b1acb,19,immediate_win|winning_line,CompletionCell,node,60,897e41795fa2ff26e0355378cf8a5167b375d14ef03f185ae2be39fb7c1c6286,0.028571428396568007,0.02857142857142857,0.028348214329874895,-1.748605635287781e-10,0.0002232140666931122,0.03333333333333333,0.17142857142857143,0.0,1,incoming_final_layer_mean_head_attention_mass,22717b3c1f98b96c2244831340c1e0350746e01c8e0680e982ff848b4b57a778,28c2715fbc9b16a75dc7e849a907a807c5097918ff49a92fd0b76583533998a8,87c0cf2e0f6e4cf5cf1ed4a0f6eb27af0115a73f61e811e17185afa0d20e738e
60ac7ed07a88c8b5,late,proof:60ac7ed07a88c8b5:0ccaad0adade1601f28b1acb,19,immediate_win|winning_line,ProofSupportedGeometry,edge,60,897e41795fa2ff26e0355378cf8a5167b375d14ef03f185ae2be39fb7c1c6286,0.024795724202379455,0.025,0.02805406635213447,-0.0002042757976205463,-0.003258342149755015,0.027161393193889313,0.4063926940639269,0.0,6,incoming_final_layer_mean_head_attention_mass,22717b3c1f98b96c2244831340c1e0350746e01c8e0680e982ff848b4b57a778,28c2715fbc9b16a75dc7e849a907a807c5097918ff49a92fd0b76583533998a8,87c0cf2e0f6e4cf5cf1ed4a0f6eb27af0115a73f61e811e17185afa0d20e738e
624b9c4f6e51f9fa,late,proof:624b9c4f6e51f9fa:372a362e45765350877153b3,15,simple_fork,WinningThreat,edge,60,897e41795fa2ff26e0355378cf8a5167b375d14ef03f185ae2be39fb7c1c6286,0.05038266891225665,0.05,0.054283725390566535,0.0003826689122566479,-0.0039010564783098847,0.06401137344925993,0.4916286149162861,0.0,12,incoming_final_layer_mean_head_attention_mass,e11be589e260b6d0ab6510cbd307312e3d5d7bf99d98fd87a8d9af7b2420c8b7,28c2715fbc9b16a75dc7e849a907a807c5097918ff49a92fd0b76583533998a8,87c0cf2e0f6e4cf5cf1ed4a0f6eb27af0115a73f61e811e17185afa0d20e738e
624b9c4f6e51f9fa,late,proof:624b9c4f6e51f9fa:372a362e45765350877153b3,15,simple_fork,TacticalLineWindow,edge,60,897e41795fa2ff26e0355378cf8a5167b375d14ef03f185ae2be39fb7c1c6286,0.05038266891225665,0.05,0.05629756809612799,0.0003826689122566479,-0.005914899183871336,0.06401137344925993,0.4916286149162861,0.0,12,incoming_final_layer_mean_head_attention_mass,e11be589e260b6d0ab6510cbd307312e3d5d7bf99d98fd87a8d9af7b2420c8b7,28c2715fbc9b16a75dc7e849a907a807c5097918ff49a92fd0b76583533998a8,87c0cf2e0f6e4cf5cf1ed4a0f6eb27af0115a73f61e811e17185afa0d20e738e
624b9c4f6e51f9fa,late,proof:624b9c4f6e51f9fa:372a362e45765350877153b3,15,simple_fork,CompletionCell,node,60,897e41795fa2ff26e0355378cf8a5167b375d14ef03f185ae2be39fb7c1c6286,0.08571428584581127,0.08571428571428572,0.08370535716735783,1.3152555433659785e-10,0.0020089286784534394,0.27892720306513413,0.6761904761904761,0.3333333333333333,3,incoming_final_layer_mean_head_attention_mass,e11be589e260b6d0ab6510cbd307312e3d5d7bf99d98fd87a8d9af7b2420c8b7,28c2715fbc9b16a75dc7e849a907a807c5097918ff49a92fd0b76583533998a8,87c0cf2e0f6e4cf5cf1ed4a0f6eb27af0115a73f61e811e17185afa0d20e738e
624b9c4f6e51f9fa,late,proof:624b9c4f6e51f9fa:372a362e45765350877153b3,15,simple_fork,ProofSupportedGeometry,edge,60,897e41795fa2ff26e0355378cf8a5167b375d14ef03f185ae2be39fb7c1c6286,0.05038266891225665,0.05,0.054451238895472764,0.0003826689122566479,-0.004068569983216114,0.06401137344925993,0.4916286149162861,0.0,12,incoming_final_layer_mean_head_attention_mass,e11be589e260b6d0ab6510cbd307312e3d5d7bf99d98fd87a8d9af7b2420c8b7,28c2715fbc9b16a75dc7e849a907a807c5097918ff49a92fd0b76583533998a8,87c0cf2e0f6e4cf5cf1ed4a0f6eb27af0115a73f61e811e17185afa0d20e738e
624b9c4f6e51f9fa,late,proof:624b9c4f6e51f9fa:72362a4de0c71099dc2ef96d,22,simple_fork,WinningThreat,edge,60,897e41795fa2ff26e0355378cf8a5167b375d14ef03f185ae2be39fb7c1c6286,0.0504507965955074,0.05,0.053208887288288285,0.0004507965955073967,-0.002758090692780886,0.05785304626968951,0.48515981735159813,0.0,12,incoming_final_layer_mean_head_attention_mass,bc3f6c5dece323fd8ed7f7afc4b28ed07db41deb1f67685bedf41bf9ebf29675,28c2715fbc9b16a75dc7e849a907a807c5097918ff49a92fd0b76583533998a8,87c0cf2e0f6e4cf5cf1ed4a0f6eb27af0115a73f61e811e17185afa0d20e738e
624b9c4f6e51f9fa,late,proof:624b9c4f6e51f9fa:72362a4de0c71099dc2ef96d,22,simple_fork,TacticalLineWindow,edge,60,897e41795fa2ff26e0355378cf8a5167b375d14ef03f185ae2be39fb7c1c6286,0.0504507965955074,0.05,0.05655327202395233,0.0004507965955073967,-0.006102475428444928,0.05785304626968951,0.48515981735159813,0.0,12,incoming_final_layer_mean_head_attention_mass,bc3f6c5dece323fd8ed7f7afc4b28ed07db41deb1f67685bedf41bf9ebf29675,28c2715fbc9b16a75dc7e849a907a807c5097918ff49a92fd0b76583533998a8,87c0cf2e0f6e4cf5cf1ed4a0f6eb27af0115a73f61e811e17185afa0d20e738e
624b9c4f6e51f9fa,late,proof:624b9c4f6e51f9fa:72362a4de0c71099dc2ef96d,22,simple_fork,CompletionCell,node,60,897e41795fa2ff26e0355378cf8a5167b375d14ef03f185ae2be39fb7c1c6286,0.08571428611190343,0.08571428571428572,0.0819196428428701,3.9761771652990774e-10,0.0037946432690333376,0.5900383141762452,0.7142857142857143,0.6666666666666666,3,incoming_final_layer_mean_head_attention_mass,bc3f6c5dece323fd8ed7f7afc4b28ed07db41deb1f67685bedf41bf9ebf29675,28c2715fbc9b16a75dc7e849a907a807c5097918ff49a92fd0b76583533998a8,87c0cf2e0f6e4cf5cf1ed4a0f6eb27af0115a73f61e811e17185afa0d20e738e
624b9c4f6e51f9fa,late,proof:624b9c4f6e51f9fa:72362a4de0c71099dc2ef96d,22,simple_fork,ProofSupportedGeometry,edge,60,897e41795fa2ff26e0355378cf8a5167b375d14ef03f185ae2be39fb7c1c6286,0.0504507965955074,0.05,0.055383039480819324,0.0004507965955073967,-0.004932242885311924,0.05785304626968951,0.48515981735159813,0.0,12,incoming_final_layer_mean_head_attention_mass,bc3f6c5dece323fd8ed7f7afc4b28ed07db41deb1f67685bedf41bf9ebf29675,28c2715fbc9b16a75dc7e849a907a807c5097918ff49a92fd0b76583533998a8,87c0cf2e0f6e4cf5cf1ed4a0f6eb27af0115a73f61e811e17185afa0d20e738e
624b9c4f6e51f9fa,late,proof:624b9c4f6e51f9fa:e319ffaf43be6618da06c722,18,mandatory_block,WinningThreat,edge,60,897e41795fa2ff26e0355378cf8a5167b375d14ef03f185ae2be39fb7c1c6286,0.024926858562289482,0.025,0.027784675179099435,-7.31414377105194e-05,-0.002857816616809953,0.02503613771224566,0.4033485540334855,0.0,6,incoming_final_layer_mean_head_attention_mass,9927f8282ad4b2bdeb534a0b8e60feb9191cb5ade70c5d25d4edb2bc7e532ac5,28c2715fbc9b16a75dc7e849a907a807c5097918ff49a92fd0b76583533998a8,87c0cf2e0f6e4cf5cf1ed4a0f6eb27af0115a73f61e811e17185afa0d20e738e
624b9c4f6e51f9fa,late,proof:624b9c4f6e51f9fa:e319ffaf43be6618da06c722,18,mandatory_block,TacticalLineWindow,edge,60,897e41795fa2ff26e0355378cf8a5167b375d14ef03f185ae2be39fb7c1c6286,0.024926858562289482,0.025,0.026625535139358496,-7.31414377105194e-05,-0.0016986765770690138,0.02503613771224566,0.4033485540334855,0.0,6,incoming_final_layer_mean_head_attention_mass,9927f8282ad4b2bdeb534a0b8e60feb9191cb5ade70c5d25d4edb2bc7e532ac5,28c2715fbc9b16a75dc7e849a907a807c5097918ff49a92fd0b76583533998a8,87c0cf2e0f6e4cf5cf1ed4a0f6eb27af0115a73f61e811e17185afa0d20e738e
624b9c4f6e51f9fa,late,proof:624b9c4f6e51f9fa:e319ffaf43be6618da06c722,18,mandatory_block,CompletionCell,node,60,897e41795fa2ff26e0355378cf8a5167b375d14ef03f185ae2be39fb7c1c6286,0.028571428366917735,0.02857142857142857,0.02656249993293646,-2.0451083534989145e-10,0.0020089284339812746,0.037037037037037035,0.2571428571428571,0.0,1,incoming_final_layer_mean_head_attention_mass,9927f8282ad4b2bdeb534a0b8e60feb9191cb5ade70c5d25d4edb2bc7e532ac5,28c2715fbc9b16a75dc7e849a907a807c5097918ff49a92fd0b76583533998a8,87c0cf2e0f6e4cf5cf1ed4a0f6eb27af0115a73f61e811e17185afa0d20e738e
624b9c4f6e51f9fa,late,proof:624b9c4f6e51f9fa:e319ffaf43be6618da06c722,18,mandatory_block,ForcedResponse,node,60,897e41795fa2ff26e0355378cf8a5167b375d14ef03f185ae2be39fb7c1c6286,0.028571428366917735,0.02857142857142857,0.028124999991601465,-2.0451083534989145e-10,0.00044642837531626983,0.037037037037037035,0.2571428571428571,0.0,1,incoming_final_layer_mean_head_attention_mass,9927f8282ad4b2bdeb534a0b8e60feb9191cb5ade70c5d25d4edb2bc7e532ac5,28c2715fbc9b16a75dc7e849a907a807c5097918ff49a92fd0b76583533998a8,87c0cf2e0f6e4cf5cf1ed4a0f6eb27af0115a73f61e811e17185afa0d20e738e
624b9c4f6e51f9fa,late,proof:624b9c4f6e51f9fa:e319ffaf43be6618da06c722,18,mandatory_block,BlockingMove,node,60,897e41795fa2ff26e0355378cf8a5167b375d14ef03f185ae2be39fb7c1c6286,0.028571428366917735,0.02857142857142857,0.02767857140923223,-2.0451083534989145e-10,0.0008928569576855047,0.037037037037037035,0.2571428571428571,0.0,1,incoming_final_layer_mean_head_attention_mass,9927f8282ad4b2bdeb534a0b8e60feb9191cb5ade70c5d25d4edb2bc7e532ac5,28c2715fbc9b16a75dc7e849a907a807c5097918ff49a92fd0b76583533998a8,87c0cf2e0f6e4cf5cf1ed4a0f6eb27af0115a73f61e811e17185afa0d20e738e
624b9c4f6e51f9fa,late,proof:624b9c4f6e51f9fa:e319ffaf43be6618da06c722,18,mandatory_block,ProofSupportedGeometry,edge,60,897e41795fa2ff26e0355378cf8a5167b375d14ef03f185ae2be39fb7c1c6286,0.024926858562289482,0.025,0.028233544646511358,-7.31414377105194e-05,-0.0033066860842218757,0.02503613771224566,0.4033485540334855,0.0,6,incoming_final_layer_mean_head_attention_mass,9927f8282ad4b2bdeb534a0b8e60feb9191cb5ade70c5d25d4edb2bc7e532ac5,28c2715fbc9b16a75dc7e849a907a807c5097918ff49a92fd0b76583533998a8,87c0cf2e0f6e4cf5cf1ed4a0f6eb27af0115a73f61e811e17185afa0d20e738e
3b961a569be80755,late,proof:3b961a569be80755:2e440c9699001a494b9c0d0d,22,mandatory_block,WinningThreat,edge,60,897e41795fa2ff26e0355378cf8a5167b375d14ef03f185ae2be39fb7c1c6286,0.04997731499642782,0.05,0.053386436457192904,-2.268500357218567e-05,-0.003409121460765087,0.05379229137001301,0.44368340943683404,0.0,12,incoming_final_layer_mean_head_attention_mass,dea1261b7d17ded22c56483cdfedb2d0d1992df71f80c8367945b941802d9895,28c2715fbc9b16a75dc7e849a907a807c5097918ff49a92fd0b76583533998a8,87c0cf2e0f6e4cf5cf1ed4a0f6eb27af0115a73f61e811e17185afa0d20e738e
3b961a569be80755,late,proof:3b961a569be80755:2e440c9699001a494b9c0d0d,22,mandatory_block,TacticalLineWindow,edge,60,897e41795fa2ff26e0355378cf8a5167b375d14ef03f185ae2be39fb7c1c6286,0.024650103781534496,0.025,0.027830499253496448,-0.00034989621846550495,-0.003180395471961951,0.025009126794432613,0.3866057838660579,0.0,6,incoming_final_layer_mean_head_attention_mass,dea1261b7d17ded22c56483cdfedb2d0d1992df71f80c8367945b941802d9895,28c2715fbc9b16a75dc7e849a907a807c5097918ff49a92fd0b76583533998a8,87c0cf2e0f6e4cf5cf1ed4a0f6eb27af0115a73f61e811e17185afa0d20e738e
3b961a569be80755,late,proof:3b961a569be80755:2e440c9699001a494b9c0d0d,22,mandatory_block,CompletionCell,node,60,897e41795fa2ff26e0355378cf8a5167b375d14ef03f185ae2be39fb7c1c6286,0.05714285755187881,0.05714285714285714,0.05491071426340531,4.090216706997829e-10,0.002232143288473501,0.325,0.8999999999999999,0.0,2,incoming_final_layer_mean_head_attention_mass,dea1261b7d17ded22c56483cdfedb2d0d1992df71f80c8367945b941802d9895,28c2715fbc9b16a75dc7e849a907a807c5097918ff49a92fd0b76583533998a8,87c0cf2e0f6e4cf5cf1ed4a0f6eb27af0115a73f61e811e17185afa0d20e738e
3b961a569be80755,late,proof:3b961a569be80755:2e440c9699001a494b9c0d0d,22,mandatory_block,ForcedResponse,node,60,897e41795fa2ff26e0355378cf8a5167b375d14ef03f185ae2be39fb7c1c6286,0.02857142880254862,0.02857142857142857,0.027678571432942944,2.3112005018144366e-10,0.0008928573696056763,0.25,0.9142857142857143,0.0,1,incoming_final_layer_mean_head_attention_mass,dea1261b7d17ded22c56483cdfedb2d0d1992df71f80c8367945b941802d9895,28c2715fbc9b16a75dc7e849a907a807c5097918ff49a92fd0b76583533998a8,87c0cf2e0f6e4cf5cf1ed4a0f6eb27af0115a73f61e811e17185afa0d20e738e
3b961a569be80755,late,proof:3b961a569be80755:2e440c9699001a494b9c0d0d,22,mandatory_block,BlockingMove,node,60,897e41795fa2ff26e0355378cf8a5167b375d14ef03f185ae2be39fb7c1c6286,0.02857142880254862,0.02857142857142857,0.02745535717078494,2.3112005018144366e-10,0.0011160716317636793,0.25,0.9142857142857143,0.0,1,incoming_final_layer_mean_head_attention_mass,dea1261b7d17ded22c56483cdfedb2d0d1992df71f80c8367945b941802d9895,28c2715fbc9b16a75dc7e849a907a807c5097918ff49a92fd0b76583533998a8,87c0cf2e0f6e4cf5cf1ed4a0f6eb27af0115a73f61e811e17185afa0d20e738e
3b961a569be80755,late,proof:3b961a569be80755:2e440c9699001a494b9c0d0d,22,mandatory_block,ProofSupportedGeometry,edge,60,897e41795fa2ff26e0355378cf8a5167b375d14ef03f185ae2be39fb7c1c6286,0.024650103781534496,0.025,0.02793024891528989,-0.00034989621846550495,-0.003280145133755394,0.025009126794432613,0.3866057838660579,0.0,6,incoming_final_layer_mean_head_attention_mass,dea1261b7d17ded22c56483cdfedb2d0d1992df71f80c8367945b941802d9895,28c2715fbc9b16a75dc7e849a907a807c5097918ff49a92fd0b76583533998a8,87c0cf2e0f6e4cf5cf1ed4a0f6eb27af0115a73f61e811e17185afa0d20e738e
5fb8d2642e68cf72,late,proof:5fb8d2642e68cf72:09d3801bcac098fe8263db42,20,simple_fork,WinningThreat,edge,60,897e41795fa2ff26e0355378cf8a5167b375d14ef03f185ae2be39fb7c1c6286,0.05037251157546514,0.05,0.056150392763671834,0.0003725115754651398,-0.005777881188206692,0.053336542660195906,0.4562404870624049,0.0,12,incoming_final_layer_mean_head_attention_mass,3d7f406a0cf0fd6a5f14b76aae853ac5993f34301f42bf2bdff30138e3db473a,28c2715fbc9b16a75dc7e849a907a807c5097918ff49a92fd0b76583533998a8,87c0cf2e0f6e4cf5cf1ed4a0f6eb27af0115a73f61e811e17185afa0d20e738e
5fb8d2642e68cf72,late,proof:5fb8d2642e68cf72:09d3801bcac098fe8263db42,20,simple_fork,TacticalLineWindow,edge,60,897e41795fa2ff26e0355378cf8a5167b375d14ef03f185ae2be39fb7c1c6286,0.05037251157546514,0.05,0.057436149086068436,0.0003725115754651398,-0.007063637510603293,0.053336542660195906,0.4562404870624049,0.0,12,incoming_final_layer_mean_head_attention_mass,3d7f406a0cf0fd6a5f14b76aae853ac5993f34301f42bf2bdff30138e3db473a,28c2715fbc9b16a75dc7e849a907a807c5097918ff49a92fd0b76583533998a8,87c0cf2e0f6e4cf5cf1ed4a0f6eb27af0115a73f61e811e17185afa0d20e738e
5fb8d2642e68cf72,late,proof:5fb8d2642e68cf72:09d3801bcac098fe8263db42,20,simple_fork,CompletionCell,node,60,897e41795fa2ff26e0355378cf8a5167b375d14ef03f185ae2be39fb7c1c6286,0.08571428587888272,0.08571428571428572,0.08325892854955022,1.6459700269422228e-10,0.002455357329332497,0.25595238095238093,0.6476190476190476,0.3333333333333333,3,incoming_final_layer_mean_head_attention_mass,3d7f406a0cf0fd6a5f14b76aae853ac5993f34301f42bf2bdff30138e3db473a,28c2715fbc9b16a75dc7e849a907a807c5097918ff49a92fd0b76583533998a8,87c0cf2e0f6e4cf5cf1ed4a0f6eb27af0115a73f61e811e17185afa0d20e738e
5fb8d2642e68cf72,late,proof:5fb8d2642e68cf72:09d3801bcac098fe8263db42,20,simple_fork,ProofSupportedGeometry,edge,60,897e41795fa2ff26e0355378cf8a5167b375d14ef03f185ae2be39fb7c1c6286,0.05037251157546514,0.05,0.05402304395026179,0.0003725115754651398,-0.00365053237479665,0.053336542660195906,0.4562404870624049,0.0,12,incoming_final_layer_mean_head_attention_mass,3d7f406a0cf0fd6a5f14b76aae853ac5993f34301f42bf2bdff30138e3db473a,28c2715fbc9b16a75dc7e849a907a807c5097918ff49a92fd0b76583533998a8,87c0cf2e0f6e4cf5cf1ed4a0f6eb27af0115a73f61e811e17185afa0d20e738e
5fb8d2642e68cf72,late,proof:5fb8d2642e68cf72:0b7c1420be3984e4de8bdfca,21,simple_fork,WinningThreat,edge,60,897e41795fa2ff26e0355378cf8a5167b375d14ef03f185ae2be39fb7c1c6286,0.04999370859735298,0.05,0.05468672416827633,-6.291402647025379e-06,-0.004693015570923352,0.047855915491109326,0.4273211567732116,0.0,12,incoming_final_layer_mean_head_attention_mass,a93ecf600db10dfe72814a85bb077b39db934f45feb22b502dfd757d65b829a8,28c2715fbc9b16a75dc7e849a907a807c5097918ff49a92fd0b76583533998a8,87c0cf2e0f6e4cf5cf1ed4a0f6eb27af0115a73f61e811e17185afa0d20e738e
5fb8d2642e68cf72,late,proof:5fb8d2642e68cf72:0b7c1420be3984e4de8bdfca,21,simple_fork,TacticalLineWindow,edge,60,897e41795fa2ff26e0355378cf8a5167b375d14ef03f185ae2be39fb7c1c6286,0.04999370859735298,0.05,0.05593580192220374,-6.291402647025379e-06,-0.00594209332485076,0.047855915491109326,0.4273211567732116,0.0,12,incoming_final_layer_mean_head_attention_mass,a93ecf600db10dfe72814a85bb077b39db934f45feb22b502dfd757d65b829a8,28c2715fbc9b16a75dc7e849a907a807c5097918ff49a92fd0b76583533998a8,87c0cf2e0f6e4cf5cf1ed4a0f6eb27af0115a73f61e811e17185afa0d20e738e
5fb8d2642e68cf72,late,proof:5fb8d2642e68cf72:0b7c1420be3984e4de8bdfca,21,simple_fork,CompletionCell,node,60,897e41795fa2ff26e0355378cf8a5167b375d14ef03f185ae2be39fb7c1c6286,0.08571428582566429,0.08571428571428572,0.08303571426139775,1.1137857303111787e-10,0.002678571564266541,0.25132275132275134,0.6190476190476191,0.3333333333333333,3,incoming_final_layer_mean_head_attention_mass,a93ecf600db10dfe72814a85bb077b39db934f45feb22b502dfd757d65b829a8,28c2715fbc9b16a75dc7e849a907a807c5097918ff49a92fd0b76583533998a8,87c0cf2e0f6e4cf5cf1ed4a0f6eb27af0115a73f61e811e17185afa0d20e738e
5fb8d2642e68cf72,late,proof:5fb8d2642e68cf72:0b7c1420be3984e4de8bdfca,21,simple_fork,ProofSupportedGeometry,edge,60,897e41795fa2ff26e0355378cf8a5167b375d14ef03f185ae2be39fb7c1c6286,0.04999370859735298,0.05,0.0545668838393022,-6.291402647025379e-06,-0.004573175241949223,0.047855915491109326,0.4273211567732116,0.0,12,incoming_final_layer_mean_head_attention_mass,a93ecf600db10dfe72814a85bb077b39db934f45feb22b502dfd757d65b829a8,28c2715fbc9b16a75dc7e849a907a807c5097918ff49a92fd0b76583533998a8,87c0cf2e0f6e4cf5cf1ed4a0f6eb27af0115a73f61e811e17185afa0d20e738e
5fb8d2642e68cf72,late,proof:5fb8d2642e68cf72:14456de8421d112d4c41706a,22,immediate_win|winning_line,WinningThreat,edge,60,897e41795fa2ff26e0355378cf8a5167b375d14ef03f185ae2be39fb7c1c6286,0.02488623057906162,0.025,0.027196636255624875,-0.00011376942093838105,-0.002310405676563255,0.02552855538920008,0.40563165905631654,0.0,6,incoming_final_layer_mean_head_attention_mass,e57317aff2b49c810ce7084130fe67c9069d77728e4420622cbc8690bce70363,28c2715fbc9b16a75dc7e849a907a807c5097918ff49a92fd0b76583533998a8,87c0cf2e0f6e4cf5cf1ed4a0f6eb27af0115a73f61e811e17185afa0d20e738e
5fb8d2642e68cf72,late,proof:5fb8d2642e68cf72:14456de8421d112d4c41706a,22,immediate_win|winning_line,TacticalLineWindow,edge,60,897e41795fa2ff26e0355378cf8a5167b375d14ef03f185ae2be39fb7c1c6286,0.02488623057906162,0.025,0.027500991775007252,-0.00011376942093838105,-0.0026147611959456314,0.02552855538920008,0.40563165905631654,0.0,6,incoming_final_layer_mean_head_attention_mass,e57317aff2b49c810ce7084130fe67c9069d77728e4420622cbc8690bce70363,28c2715fbc9b16a75dc7e849a907a807c5097918ff49a92fd0b76583533998a8,87c0cf2e0f6e4cf5cf1ed4a0f6eb27af0115a73f61e811e17185afa0d20e738e
5fb8d2642e68cf72,late,proof:5fb8d2642e68cf72:14456de8421d112d4c41706a,22,immediate_win|winning_line,CompletionCell,node,60,897e41795fa2ff26e0355378cf8a5167b375d14ef03f185ae2be39fb7c1c6286,0.028571428750470584,0.02857142857142857,0.027455357164604833,1.790420138536586e-10,0.0011160715858657515,0.5,0.9714285714285714,0.0,1,incoming_final_layer_mean_head_attention_mass,e57317aff2b49c810ce7084130fe67c9069d77728e4420622cbc8690bce70363,28c2715fbc9b16a75dc7e849a907a807c5097918ff49a92fd0b76583533998a8,87c0cf2e0f6e4cf5cf1ed4a0f6eb27af0115a73f61e811e17185afa0d20e738e
5fb8d2642e68cf72,late,proof:5fb8d2642e68cf72:14456de8421d112d4c41706a,22,immediate_win|winning_line,ProofSupportedGeometry,edge,60,897e41795fa2ff26e0355378cf8a5167b375d14ef03f185ae2be39fb7c1c6286,0.02488623057906162,0.025,0.028217928563602127,-0.00011376942093838105,-0.003331697984540506,0.02552855538920008,0.40563165905631654,0.0,6,incoming_final_layer_mean_head_attention_mass,e57317aff2b49c810ce7084130fe67c9069d77728e4420622cbc8690bce70363,28c2715fbc9b16a75dc7e849a907a807c5097918ff49a92fd0b76583533998a8,87c0cf2e0f6e4cf5cf1ed4a0f6eb27af0115a73f61e811e17185afa0d20e738e
5fb8d2642e68cf72,late,proof:5fb8d2642e68cf72:178439f5b4cbe5b2fe5b1e8e,19,simple_fork,WinningThreat,edge,60,897e41795fa2ff26e0355378cf8a5167b375d14ef03f185ae2be39fb7c1c6286,0.0495304539000507,0.05,0.0539193661188207,-0.0004695460999493001,-0.004388912218769997,0.04608361196259498,0.4033485540334855,0.0,12,incoming_final_layer_mean_head_attention_mass,d5f547d324bf9cff47a2499c22443a5b2c8280e996dbaa1a759d4d3ccfc0c173,28c2715fbc9b16a75dc7e849a907a807c5097918ff49a92fd0b76583533998a8,87c0cf2e0f6e4cf5cf1ed4a0f6eb27af0115a73f61e811e17185afa0d20e738e
5fb8d2642e68cf72,late,proof:5fb8d2642e68cf72:178439f5b4cbe5b2fe5b1e8e,19,simple_fork,TacticalLineWindow,edge,60,897e41795fa2ff26e0355378cf8a5167b375d14ef03f185ae2be39fb7c1c6286,0.0495304539000507,0.05,0.054110611132228134,-0.0004695460999493001,-0.004580157232177431,0.04608361196259498,0.4033485540334855,0.0,12,incoming_final_layer_mean_head_attention_mass,d5f547d324bf9cff47a2499c22443a5b2c8280e996dbaa1a759d4d3ccfc0c173,28c2715fbc9b16a75dc7e849a907a807c5097918ff49a92fd0b76583533998a8,87c0cf2e0f6e4cf5cf1ed4a0f6eb27af0115a73f61e811e17185afa0d20e738e
5fb8d2642e68cf72,late,proof:5fb8d2642e68cf72:178439f5b4cbe5b2fe5b1e8e,19,simple_fork,CompletionCell,node,60,897e41795fa2ff26e0355378cf8a5167b375d14ef03f185ae2be39fb7c1c6286,0.0857142853466984,0.08571428571428572,0.08325892848635333,-3.675873216923975e-10,0.002455356860345065,0.26458333333333334,0.6095238095238096,0.3333333333333333,3,incoming_final_layer_mean_head_attention_mass,d5f547d324bf9cff47a2499c22443a5b2c8280e996dbaa1a759d4d3ccfc0c173,28c2715fbc9b16a75dc7e849a907a807c5097918ff49a92fd0b76583533998a8,87c0cf2e0f6e4cf5cf1ed4a0f6eb27af0115a73f61e811e17185afa0d20e738e
5fb8d2642e68cf72,late,proof:5fb8d2642e68cf72:178439f5b4cbe5b2fe5b1e8e,19,simple_fork,ProofSupportedGeometry,edge,60,897e41795fa2ff26e0355378cf8a5167b375d14ef03f185ae2be39fb7c1c6286,0.0495304539000507,0.05,0.055200014910217664,-0.0004695460999493001,-0.005669561010166961,0.04608361196259498,0.4033485540334855,0.0,12,incoming_final_layer_mean_head_attention_mass,d5f547d324bf9cff47a2499c22443a5b2c8280e996dbaa1a759d4d3ccfc0c173,28c2715fbc9b16a75dc7e849a907a807c5097918ff49a92fd0b76583533998a8,87c0cf2e0f6e4cf5cf1ed4a0f6eb27af0115a73f61e811e17185afa0d20e738e
5fb8d2642e68cf72,late,proof:5fb8d2642e68cf72:86c0d4fd08bad1bc05401be5,14,simple_fork,WinningThreat,edge,60,897e41795fa2ff26e0355378cf8a5167b375d14ef03f185ae2be39fb7c1c6286,0.0495304539000507,0.05,0.054494493310008246,-0.0004695460999493001,-0.0049640394099575436,0.04608361196259498,0.4033485540334855,0.0,12,incoming_final_layer_mean_head_attention_mass,c061958b8e47a0ac7068fd8397df5e01fb4d3815d724eb0cfa69217084934f11,28c2715fbc9b16a75dc7e849a907a807c5097918ff49a92fd0b76583533998a8,87c0cf2e0f6e4cf5cf1ed4a0f6eb27af0115a73f61e811e17185afa0d20e738e
5fb8d2642e68cf72,late,proof:5fb8d2642e68cf72:86c0d4fd08bad1bc05401be5,14,simple_fork,TacticalLineWindow,edge,60,897e41795fa2ff26e0355378cf8a5167b375d14ef03f185ae2be39fb7c1c6286,0.0495304539000507,0.05,0.05654089764780297,-0.0004695460999493001,-0.007010443747752268,0.04608361196259498,0.4033485540334855,0.0,12,incoming_final_layer_mean_head_attention_mass,c061958b8e47a0ac7068fd8397df5e01fb4d3815d724eb0cfa69217084934f11,28c2715fbc9b16a75dc7e849a907a807c5097918ff49a92fd0b76583533998a8,87c0cf2e0f6e4cf5cf1ed4a0f6eb27af0115a73f61e811e17185afa0d20e738e
5fb8d2642e68cf72,late,proof:5fb8d2642e68cf72:86c0d4fd08bad1bc05401be5,14,simple_fork,CompletionCell,node,60,897e41795fa2ff26e0355378cf8a5167b375d14ef03f185ae2be39fb7c1c6286,0.0857142853466984,0.08571428571428572,0.08348214288676342,-3.675873216923975e-10,0.0022321424599349715,0.26458333333333334,0.6095238095238096,0.3333333333333333,3,incoming_final_layer_mean_head_attention_mass,c061958b8e47a0ac7068fd8397df5e01fb4d3815d724eb0cfa69217084934f11,28c2715fbc9b16a75dc7e849a907a807c5097918ff49a92fd0b76583533998a8,87c0cf2e0f6e4cf5cf1ed4a0f6eb27af0115a73f61e811e17185afa0d20e738e
5fb8d2642e68cf72,late,proof:5fb8d2642e68cf72:86c0d4fd08bad1bc05401be5,14,simple_fork,ProofSupportedGeometry,edge,60,897e41795fa2ff26e0355378cf8a5167b375d14ef03f185ae2be39fb7c1c6286,0.0495304539000507,0.05,0.05557993984432189,-0.0004695460999493001,-0.006049485944271189,0.04608361196259498,0.4033485540334855,0.0,12,incoming_final_layer_mean_head_attention_mass,c061958b8e47a0ac7068fd8397df5e01fb4d3815d724eb0cfa69217084934f11,28c2715fbc9b16a75dc7e849a907a807c5097918ff49a92fd0b76583533998a8,87c0cf2e0f6e4cf5cf1ed4a0f6eb27af0115a73f61e811e17185afa0d20e738e
5fb8d2642e68cf72,late,proof:5fb8d2642e68cf72:fe5cfb1a508ee23f3b57135f,15,simple_fork,WinningThreat,edge,60,897e41795fa2ff26e0355378cf8a5167b375d14ef03f185ae2be39fb7c1c6286,0.0754799895937565,0.075,0.08033033385957618,0.0004799895937565024,-0.004850344265819678,0.07445820395962924,0.4538305428716389,0.0,18,incoming_final_layer_mean_head_attention_mass,66562d675bda66499ac42eed74f2936bc4528b51f64c0ac3e8874d8b128eb57f,28c2715fbc9b16a75dc7e849a907a807c5097918ff49a92fd0b76583533998a8,87c0cf2e0f6e4cf5cf1ed4a0f6eb27af0115a73f61e811e17185afa0d20e738e
5fb8d2642e68cf72,late,proof:5fb8d2642e68cf72:fe5cfb1a508ee23f3b57135f,15,simple_fork,TacticalLineWindow,edge,60,897e41795fa2ff26e0355378cf8a5167b375d14ef03f185ae2be39fb7c1c6286,0.0754799895937565,0.075,0.08195855902713438,0.0004799895937565024,-0.006478569433377879,0.07445820395962924,0.4538305428716389,0.0,18,incoming_final_layer_mean_head_attention_mass,66562d675bda66499ac42eed74f2936bc4528b51f64c0ac3e8874d8b128eb57f,28c2715fbc9b16a75dc7e849a907a807c5097918ff49a92fd0b76583533998a8,87c0cf2e0f6e4cf5cf1ed4a0f6eb27af0115a73f61e811e17185afa0d20e738e
5fb8d2642e68cf72,late,proof:5fb8d2642e68cf72:fe5cfb1a508ee23f3b57135f,15,simple_fork,CompletionCell,node,60,897e41795fa2ff26e0355378cf8a5167b375d14ef03f185ae2be39fb7c1c6286,0.11428571433665193,0.11428571428571428,0.10982142867297125,5.0937642992465726e-11,0.004464285663680678,0.22900132275132273,0.55,0.25,4,incoming_final_layer_mean_head_attention_mass,66562d675bda66499ac42eed74f2936bc4528b51f64c0ac3e8874d8b128eb57f,28c2715fbc9b16a75dc7e849a907a807c5097918ff49a92fd0b76583533998a8,87c0cf2e0f6e4cf5cf1ed4a0f6eb27af0115a73f61e811e17185afa0d20e738e
5fb8d2642e68cf72,late,proof:5fb8d2642e68cf72:fe5cfb1a508ee23f3b57135f,15,simple_fork,ProofSupportedGeometry,edge,60,897e41795fa2ff26e0355378cf8a5167b375d14ef03f185ae2be39fb7c1c6286,0.0754799895937565,0.075,0.08147802060806046,0.0004799895937565024,-0.005998031014303962,0.07445820395962924,0.4538305428716389,0.0,18,incoming_final_layer_mean_head_attention_mass,66562d675bda66499ac42eed74f2936bc4528b51f64c0ac3e8874d8b128eb57f,28c2715fbc9b16a75dc7e849a907a807c5097918ff49a92fd0b76583533998a8,87c0cf2e0f6e4cf5cf1ed4a0f6eb27af0115a73f61e811e17185afa0d20e738e
499e4e4687fe7f82,late,proof:499e4e4687fe7f82:2e440c9699001a494b9c0d0d,22,mandatory_block,WinningThreat,edge,60,897e41795fa2ff26e0355378cf8a5167b375d14ef03f185ae2be39fb7c1c6286,0.04999780423008274,0.05,0.05432564240886921,-2.1957699172653333e-06,-0.004327838178786472,0.05324059064822153,0.4444444444444444,0.0,12,incoming_final_layer_mean_head_attention_mass,b11e8c1968b11a030dd46cc340a537961cb6c94329b4f11110bb2aaa63f5000c,28c2715fbc9b16a75dc7e849a907a807c5097918ff49a92fd0b76583533998a8,87c0cf2e0f6e4cf5cf1ed4a0f6eb27af0115a73f61e811e17185afa0d20e738e
499e4e4687fe7f82,late,proof:499e4e4687fe7f82:2e440c9699001a494b9c0d0d,22,mandatory_block,TacticalLineWindow,edge,60,897e41795fa2ff26e0355378cf8a5167b375d14ef03f185ae2be39fb7c1c6286,0.0247285295395474,0.025,0.028269516589360055,-0.0002714704604526025,-0.0035409870498126564,0.025225226333600716,0.3911719939117199,0.0,6,incoming_final_layer_mean_head_attention_mass,b11e8c1968b11a030dd46cc340a537961cb6c94329b4f11110bb2aaa63f5000c,28c2715fbc9b16a75dc7e849a907a807c5097918ff49a92fd0b76583533998a8,87c0cf2e0f6e4cf5cf1ed4a0f6eb27af0115a73f61e811e17185afa0d20e738e
499e4e4687fe7f82,late,proof:499e4e4687fe7f82:2e440c9699001a494b9c0d0d,22,mandatory_block,CompletionCell,node,60,897e41795fa2ff26e0355378cf8a5167b375d14ef03f185ae2be39fb7c1c6286,0.057142857313156124,0.05714285714285714,0.056473214396433574,1.7029898324860682e-10,0.0006696429167225501,0.13571428571428573,0.5571428571428572,0.0,2,incoming_final_layer_mean_head_attention_mass,b11e8c1968b11a030dd46cc340a537961cb6c94329b4f11110bb2aaa63f5000c,28c2715fbc9b16a75dc7e849a907a807c5097918ff49a92fd0b76583533998a8,87c0cf2e0f6e4cf5cf1ed4a0f6eb27af0115a73f61e811e17185afa0d20e738e
499e4e4687fe7f82,late,proof:499e4e4687fe7f82:2e440c9699001a494b9c0d0d,22,mandatory_block,ForcedResponse,node,60,897e41795fa2ff26e0355378cf8a5167b375d14ef03f185ae2be39fb7c1c6286,0.02857142884284258,0.02857142857142857,0.0279017857090886,2.7141400932295667e-10,0.0006696431337539811,0.2,0.8857142857142857,0.0,1,incoming_final_layer_mean_head_attention_mass,b11e8c1968b11a030dd46cc340a537961cb6c94329b4f11110bb2aaa63f5000c,28c2715fbc9b16a75dc7e849a907a807c5097918ff49a92fd0b76583533998a8,87c0cf2e0f6e4cf5cf1ed4a0f6eb27af0115a73f61e811e17185afa0d20e738e
499e4e4687fe7f82,late,proof:499e4e4687fe7f82:2e440c9699001a494b9c0d0d,22,mandatory_block,BlockingMove,node,60,897e41795fa2ff26e0355378cf8a5167b375d14ef03f185ae2be39fb7c1c6286,0.02857142884284258,0.02857142857142857,0.027455357134250725,2.7141400932295667e-10,0.001116071708591855,0.2,0.8857142857142857,0.0,1,incoming_final_layer_mean_head_attention_mass,b11e8c1968b11a030dd46cc340a537961cb6c94329b4f11110bb2aaa63f5000c,28c2715fbc9b16a75dc7e849a907a807c5097918ff49a92fd0b76583533998a8,87c0cf2e0f6e4cf5cf1ed4a0f6eb27af0115a73f61e811e17185afa0d20e738e
499e4e4687fe7f82,late,proof:499e4e4687fe7f82:2e440c9699001a494b9c0d0d,22,mandatory_block,ProofSupportedGeometry,edge,60,897e41795fa2ff26e0355378cf8a5167b375d14ef03f185ae2be39fb7c1c6286,0.0247285295395474,0.025,0.02818511798576951,-0.0002714704604526025,-0.0034565884462221114,0.025225226333600716,0.3911719939117199,0.0,6,incoming_final_layer_mean_head_attention_mass,b11e8c1968b11a030dd46cc340a537961cb6c94329b4f11110bb2aaa63f5000c,28c2715fbc9b16a75dc7e849a907a807c5097918ff49a92fd0b76583533998a8,87c0cf2e0f6e4cf5cf1ed4a0f6eb27af0115a73f61e811e17185afa0d20e738e
18ee6c5df8159acb,late,proof:18ee6c5df8159acb:14456de8421d112d4c41706a,22,immediate_win|winning_line,WinningThreat,edge,60,897e41795fa2ff26e0355378cf8a5167b375d14ef03f185ae2be39fb7c1c6286,0.02488623058320039,0.025,0.027400822474137415,-0.00011376941679961186,-0.0025145918909370256,0.025539636395562577,0.4079147640791477,0.0,6,incoming_final_layer_mean_head_attention_mass,32564eaf8cfd870c87f160e740a9fbb59020817da0a625be71094a4478d9dadb,28c2715fbc9b16a75dc7e849a907a807c5097918ff49a92fd0b76583533998a8,87c0cf2e0f6e4cf5cf1ed4a0f6eb27af0115a73f61e811e17185afa0d20e738e
18ee6c5df8159acb,late,proof:18ee6c5df8159acb:14456de8421d112d4c41706a,22,immediate_win|winning_line,TacticalLineWindow,edge,60,897e41795fa2ff26e0355378cf8a5167b375d14ef03f185ae2be39fb7c1c6286,0.02488623058320039,0.025,0.027693770116273157,-0.00011376941679961186,-0.0028075395330727677,0.025539636395562577,0.4079147640791477,0.0,6,incoming_final_layer_mean_head_attention_mass,32564eaf8cfd870c87f160e740a9fbb59020817da0a625be71094a4478d9dadb,28c2715fbc9b16a75dc7e849a907a807c5097918ff49a92fd0b76583533998a8,87c0cf2e0f6e4cf5cf1ed4a0f6eb27af0115a73f61e811e17185afa0d20e738e
18ee6c5df8159acb,late,proof:18ee6c5df8159acb:14456de8421d112d4c41706a,22,immediate_win|winning_line,CompletionCell,node,60,897e41795fa2ff26e0355378cf8a5167b375d14ef03f185ae2be39fb7c1c6286,0.02857142875522223,0.02857142857142857,0.027678571479604105,1.8379366084619875e-10,0.0008928572756181259,0.3333333333333333,0.9428571428571428,0.0,1,incoming_final_layer_mean_head_attention_mass,32564eaf8cfd870c87f160e740a9fbb59020817da0a625be71094a4478d9dadb,28c2715fbc9b16a75dc7e849a907a807c5097918ff49a92fd0b76583533998a8,87c0cf2e0f6e4cf5cf1ed4a0f6eb27af0115a73f61e811e17185afa0d20e738e
18ee6c5df8159acb,late,proof:18ee6c5df8159acb:14456de8421d112d4c41706a,22,immediate_win|winning_line,ProofSupportedGeometry,edge,60,897e41795fa2ff26e0355378cf8a5167b375d14ef03f185ae2be39fb7c1c6286,0.02488623058320039,0.025,0.027488864678653534,-0.00011376941679961186,-0.002602634095453145,0.025539636395562577,0.4079147640791477,0.0,6,incoming_final_layer_mean_head_attention_mass,32564eaf8cfd870c87f160e740a9fbb59020817da0a625be71094a4478d9dadb,28c2715fbc9b16a75dc7e849a907a807c5097918ff49a92fd0b76583533998a8,87c0cf2e0f6e4cf5cf1ed4a0f6eb27af0115a73f61e811e17185afa0d20e738e
18ee6c5df8159acb,late,proof:18ee6c5df8159acb:e319ffaf43be6618da06c722,18,mandatory_block,WinningThreat,edge,60,897e41795fa2ff26e0355378cf8a5167b375d14ef03f185ae2be39fb7c1c6286,0.04982290159713154,0.05,0.05387517441856357,-0.00017709840286846135,-0.004052272821432029,0.045904167476701785,0.4105783866057838,0.0,12,incoming_final_layer_mean_head_attention_mass,d6a8f24c4096b8f3d91b1871aebb02684e7bae8a6168345353bb1d0d3bf882bf,28c2715fbc9b16a75dc7e849a907a807c5097918ff49a92fd0b76583533998a8,87c0cf2e0f6e4cf5cf1ed4a0f6eb27af0115a73f61e811e17185afa0d20e738e
18ee6c5df8159acb,late,proof:18ee6c5df8159acb:e319ffaf43be6618da06c722,18,mandatory_block,TacticalLineWindow,edge,60,897e41795fa2ff26e0355378cf8a5167b375d14ef03f185ae2be39fb7c1c6286,0.024936671013931152,0.025,0.027549272309028518,-6.332898606884949e-05,-0.002612601295097366,0.02551560887744782,0.4132420091324201,0.0,6,incoming_final_layer_mean_head_attention_mass,d6a8f24c4096b8f3d91b1871aebb02684e7bae8a6168345353bb1d0d3bf882bf,28c2715fbc9b16a75dc7e849a907a807c5097918ff49a92fd0b76583533998a8,87c0cf2e0f6e4cf5cf1ed4a0f6eb27af0115a73f61e811e17185afa0d20e738e
18ee6c5df8159acb,late,proof:18ee6c5df8159acb:e319ffaf43be6618da06c722,18,mandatory_block,CompletionCell,node,60,897e41795fa2ff26e0355378cf8a5167b375d14ef03f185ae2be39fb7c1c6286,0.057142857324179945,0.05714285714285714,0.05580357137447692,1.8132280399374423e-10,0.0013392859497030271,0.22916666666666666,0.7571428571428571,0.0,2,incoming_final_layer_mean_head_attention_mass,d6a8f24c4096b8f3d91b1871aebb02684e7bae8a6168345353bb1d0d3bf882bf,28c2715fbc9b16a75dc7e849a907a807c5097918ff49a92fd0b76583533998a8,87c0cf2e0f6e4cf5cf1ed4a0f6eb27af0115a73f61e811e17185afa0d20e738e
18ee6c5df8159acb,late,proof:18ee6c5df8159acb:e319ffaf43be6618da06c722,18,mandatory_block,ForcedResponse,node,60,897e41795fa2ff26e0355378cf8a5167b375d14ef03f185ae2be39fb7c1c6286,0.028571428568957717,0.02857142857142857,0.027901785721435455,-2.470853383007565e-12,0.0006696428475222622,0.0625,0.5714285714285714,0.0,1,incoming_final_layer_mean_head_attention_mass,d6a8f24c4096b8f3d91b1871aebb02684e7bae8a6168345353bb1d0d3bf882bf,28c2715fbc9b16a75dc7e849a907a807c5097918ff49a92fd0b76583533998a8,87c0cf2e0f6e4cf5cf1ed4a0f6eb27af0115a73f61e811e17185afa0d20e738e
18ee6c5df8159acb,late,proof:18ee6c5df8159acb:e319ffaf43be6618da06c722,18,mandatory_block,BlockingMove,node,60,897e41795fa2ff26e0355378cf8a5167b375d14ef03f185ae2be39fb7c1c6286,0.028571428568957717,0.02857142857142857,0.027901785704388928,-2.470853383007565e-12,0.0006696428645687896,0.0625,0.5714285714285714,0.0,1,incoming_final_layer_mean_head_attention_mass,d6a8f24c4096b8f3d91b1871aebb02684e7bae8a6168345353bb1d0d3bf882bf,28c2715fbc9b16a75dc7e849a907a807c5097918ff49a92fd0b76583533998a8,87c0cf2e0f6e4cf5cf1ed4a0f6eb27af0115a73f61e811e17185afa0d20e738e
18ee6c5df8159acb,late,proof:18ee6c5df8159acb:e319ffaf43be6618da06c722,18,mandatory_block,ProofSupportedGeometry,edge,60,897e41795fa2ff26e0355378cf8a5167b375d14ef03f185ae2be39fb7c1c6286,0.024936671013931152,0.025,0.02650451074305592,-6.332898606884949e-05,-0.001567839729124769,0.02551560887744782,0.4132420091324201,0.0,6,incoming_final_layer_mean_head_attention_mass,d6a8f24c4096b8f3d91b1871aebb02684e7bae8a6168345353bb1d0d3bf882bf,28c2715fbc9b16a75dc7e849a907a807c5097918ff49a92fd0b76583533998a8,87c0cf2e0f6e4cf5cf1ed4a0f6eb27af0115a73f61e811e17185afa0d20e738e
6f26e2f61472d2ba,late,proof:6f26e2f61472d2ba:ae66a1206f2a0bbb44b10da0,18,immediate_win|winning_line,WinningThreat,edge,60,897e41795fa2ff26e0355378cf8a5167b375d14ef03f185ae2be39fb7c1c6286,0.02478346563262301,0.025,0.02773681377303352,-0.0002165343673769908,-0.002953348140410511,0.024413605135477506,0.3896499238964992,0.0,6,incoming_final_layer_mean_head_attention_mass,50e39d2d75b62e16955ff80896c61037a3316c66c27d0145f5139e40bb4bf340,28c2715fbc9b16a75dc7e849a907a807c5097918ff49a92fd0b76583533998a8,87c0cf2e0f6e4cf5cf1ed4a0f6eb27af0115a73f61e811e17185afa0d20e738e
6f26e2f61472d2ba,late,proof:6f26e2f61472d2ba:ae66a1206f2a0bbb44b10da0,18,immediate_win|winning_line,TacticalLineWindow,edge,60,897e41795fa2ff26e0355378cf8a5167b375d14ef03f185ae2be39fb7c1c6286,0.02478346563262301,0.025,0.02639874310363385,-0.0002165343673769908,-0.0016152774710108397,0.024413605135477506,0.3896499238964992,0.0,6,incoming_final_layer_mean_head_attention_mass,50e39d2d75b62e16955ff80896c61037a3316c66c27d0145f5139e40bb4bf340,28c2715fbc9b16a75dc7e849a907a807c5097918ff49a92fd0b76583533998a8,87c0cf2e0f6e4cf5cf1ed4a0f6eb27af0115a73f61e811e17185afa0d20e738e
6f26e2f61472d2ba,late,proof:6f26e2f61472d2ba:ae66a1206f2a0bbb44b10da0,18,immediate_win|winning_line,CompletionCell,node,60,897e41795fa2ff26e0355378cf8a5167b375d14ef03f185ae2be39fb7c1c6286,0.028571428236912708,0.02857142857142857,0.02700892855996523,-3.345158629264322e-10,0.0015624996769474792,0.03125,0.11428571428571428,0.0,1,incoming_final_layer_mean_head_attention_mass,50e39d2d75b62e16955ff80896c61037a3316c66c27d0145f5139e40bb4bf340,28c2715fbc9b16a75dc7e849a907a807c5097918ff49a92fd0b76583533998a8,87c0cf2e0f6e4cf5cf1ed4a0f6eb27af0115a73f61e811e17185afa0d20e738e
6f26e2f61472d2ba,late,proof:6f26e2f61472d2ba:ae66a1206f2a0bbb44b10da0,18,immediate_win|winning_line,ProofSupportedGeometry,edge,60,897e41795fa2ff26e0355378cf8a5167b375d14ef03f185ae2be39fb7c1c6286,0.02478346563262301,0.025,0.0266243144265459,-0.0002165343673769908,-0.0018408487939228883,0.024413605135477506,0.3896499238964992,0.0,6,incoming_final_layer_mean_head_attention_mass,50e39d2d75b62e16955ff80896c61037a3316c66c27d0145f5139e40bb4bf340,28c2715fbc9b16a75dc7e849a907a807c5097918ff49a92fd0b76583533998a8,87c0cf2e0f6e4cf5cf1ed4a0f6eb27af0115a73f61e811e17185afa0d20e738e
a1b85cd1b385605f,late,proof:a1b85cd1b385605f:0ea340a51fc01f4b8e85df7b,20,immediate_win|winning_line,WinningThreat,edge,60,897e41795fa2ff26e0355378cf8a5167b375d14ef03f185ae2be39fb7c1c6286,0.023999064202021306,0.025,0.027583499060209193,-0.001000935797978695,-0.0035844348581878863,0.030307185341599346,0.4033485540334855,0.0,6,incoming_final_layer_mean_head_attention_mass,baecd9cd4a9c620a7e66b87209f7b4b087c0874f05830e9b941669e8dab8969b,28c2715fbc9b16a75dc7e849a907a807c5097918ff49a92fd0b76583533998a8,87c0cf2e0f6e4cf5cf1ed4a0f6eb27af0115a73f61e811e17185afa0d20e738e
a1b85cd1b385605f,late,proof:a1b85cd1b385605f:0ea340a51fc01f4b8e85df7b,20,immediate_win|winning_line,TacticalLineWindow,edge,60,897e41795fa2ff26e0355378cf8a5167b375d14ef03f185ae2be39fb7c1c6286,0.023999064202021306,0.025,0.02625512572595766,-0.001000935797978695,-0.002256061523936353,0.030307185341599346,0.4033485540334855,0.0,6,incoming_final_layer_mean_head_attention_mass,baecd9cd4a9c620a7e66b87209f7b4b087c0874f05830e9b941669e8dab8969b,28c2715fbc9b16a75dc7e849a907a807c5097918ff49a92fd0b76583533998a8,87c0cf2e0f6e4cf5cf1ed4a0f6eb27af0115a73f61e811e17185afa0d20e738e
a1b85cd1b385605f,late,proof:a1b85cd1b385605f:0ea340a51fc01f4b8e85df7b,20,immediate_win|winning_line,CompletionCell,node,60,897e41795fa2ff26e0355378cf8a5167b375d14ef03f185ae2be39fb7c1c6286,0.028571428996225706,0.02857142857142857,0.028124999985344144,4.247971349680135e-10,0.0004464290108815612,1.0,1.0,1.0,1,incoming_final_layer_mean_head_attention_mass,baecd9cd4a9c620a7e66b87209f7b4b087c0874f05830e9b941669e8dab8969b,28c2715fbc9b16a75dc7e849a907a807c5097918ff49a92fd0b76583533998a8,87c0cf2e0f6e4cf5cf1ed4a0f6eb27af0115a73f61e811e17185afa0d20e738e
a1b85cd1b385605f,late,proof:a1b85cd1b385605f:0ea340a51fc01f4b8e85df7b,20,immediate_win|winning_line,ProofSupportedGeometry,edge,60,897e41795fa2ff26e0355378cf8a5167b375d14ef03f185ae2be39fb7c1c6286,0.023999064202021306,0.025,0.027067716932479103,-0.001000935797978695,-0.0030686527304577965,0.030307185341599346,0.4033485540334855,0.0,6,incoming_final_layer_mean_head_attention_mass,baecd9cd4a9c620a7e66b87209f7b4b087c0874f05830e9b941669e8dab8969b,28c2715fbc9b16a75dc7e849a907a807c5097918ff49a92fd0b76583533998a8,87c0cf2e0f6e4cf5cf1ed4a0f6eb27af0115a73f61e811e17185afa0d20e738e
a1b85cd1b385605f,late,proof:a1b85cd1b385605f:14456de8421d112d4c41706a,22,immediate_win|winning_line,WinningThreat,edge,60,897e41795fa2ff26e0355378cf8a5167b375d14ef03f185ae2be39fb7c1c6286,0.024865996836788886,0.025,0.02731275976644454,-0.00013400316321111536,-0.0024467629296556527,0.025343075696843697,0.4079147640791476,0.0,6,incoming_final_layer_mean_head_attention_mass,fd2db18f7938f3d193802e73c16d40aabe5119c29b54ee7458234a801fa082b5,28c2715fbc9b16a75dc7e849a907a807c5097918ff49a92fd0b76583533998a8,87c0cf2e0f6e4cf5cf1ed4a0f6eb27af0115a73f61e811e17185afa0d20e738e
a1b85cd1b385605f,late,proof:a1b85cd1b385605f:14456de8421d112d4c41706a,22,immediate_win|winning_line,TacticalLineWindow,edge,60,897e41795fa2ff26e0355378cf8a5167b375d14ef03f185ae2be39fb7c1c6286,0.024865996836788886,0.025,0.02755364653766476,-0.00013400316321111536,-0.002687649700875875,0.025343075696843697,0.4079147640791476,0.0,6,incoming_final_layer_mean_head_attention_mass,fd2db18f7938f3d193802e73c16d40aabe5119c29b54ee7458234a801fa082b5,28c2715fbc9b16a75dc7e849a907a807c5097918ff49a92fd0b76583533998a8,87c0cf2e0f6e4cf5cf1ed4a0f6eb27af0115a73f61e811e17185afa0d20e738e
a1b85cd1b385605f,late,proof:a1b85cd1b385605f:14456de8421d112d4c41706a,22,immediate_win|winning_line,CompletionCell,node,60,897e41795fa2ff26e0355378cf8a5167b375d14ef03f185ae2be39fb7c1c6286,0.028571428836570406,0.02857142857142857,0.02812499998160222,2.651418355703594e-10,0.00044642885496818524,0.3333333333333333,0.9428571428571428,0.0,1,incoming_final_layer_mean_head_attention_mass,fd2db18f7938f3d193802e73c16d40aabe5119c29b54ee7458234a801fa082b5,28c2715fbc9b16a75dc7e849a907a807c5097918ff49a92fd0b76583533998a8,87c0cf2e0f6e4cf5cf1ed4a0f6eb27af0115a73f61e811e17185afa0d20e738e
a1b85cd1b385605f,late,proof:a1b85cd1b385605f:14456de8421d112d4c41706a,22,immediate_win|winning_line,ProofSupportedGeometry,edge,60,897e41795fa2ff26e0355378cf8a5167b375d14ef03f185ae2be39fb7c1c6286,0.024865996836788886,0.025,0.026975246581565745,-0.00013400316321111536,-0.0021092497447768588,0.025343075696843697,0.4079147640791476,0.0,6,incoming_final_layer_mean_head_attention_mass,fd2db18f7938f3d193802e73c16d40aabe5119c29b54ee7458234a801fa082b5,28c2715fbc9b16a75dc7e849a907a807c5097918ff49a92fd0b76583533998a8,87c0cf2e0f6e4cf5cf1ed4a0f6eb27af0115a73f61e811e17185afa0d20e738e
a1b85cd1b385605f,late,proof:a1b85cd1b385605f:42dfb5f53670ebbc41bae98a,21,immediate_win|winning_line,WinningThreat,edge,60,897e41795fa2ff26e0355378cf8a5167b375d14ef03f185ae2be39fb7c1c6286,0.024915399986954027,0.025,0.027250750074878177,-8.460001304597467e-05,-0.0023353500879241505,0.025032714984624675,0.4033485540334855,0.0,6,incoming_final_layer_mean_head_attention_mass,bfccc4e4247a6defe4b05de1f454da8337e8249c7cd7cbc58caefa48fb584daa,28c2715fbc9b16a75dc7e849a907a807c5097918ff49a92fd0b76583533998a8,87c0cf2e0f6e4cf5cf1ed4a0f6eb27af0115a73f61e811e17185afa0d20e738e
a1b85cd1b385605f,late,proof:a1b85cd1b385605f:42dfb5f53670ebbc41bae98a,21,immediate_win|winning_line,TacticalLineWindow,edge,60,897e41795fa2ff26e0355378cf8a5167b375d14ef03f185ae2be39fb7c1c6286,0.024915399986954027,0.025,0.026744437066106578,-8.460001304597467e-05,-0.0018290370791525512,0.025032714984624675,0.4033485540334855,0.0,6,incoming_final_layer_mean_head_attention_mass,bfccc4e4247a6defe4b05de1f454da8337e8249c7cd7cbc58caefa48fb584daa,28c2715fbc9b16a75dc7e849a907a807c5097918ff49a92fd0b76583533998a8,87c0cf2e0f6e4cf5cf1ed4a0f6eb27af0115a73f61e811e17185afa0d20e738e
a1b85cd1b385605f,late,proof:a1b85cd1b385605f:42dfb5f53670ebbc41bae98a,21,immediate_win|winning_line,CompletionCell,node,60,897e41795fa2ff26e0355378cf8a5167b375d14ef03f185ae2be39fb7c1c6286,0.02857142843743216,0.02857142857142857,0.02812500000135125,-1.3399641118905237e-10,0.0004464284360809097,0.037037037037037035,0.2571428571428571,0.0,1,incoming_final_layer_mean_head_attention_mass,bfccc4e4247a6defe4b05de1f454da8337e8249c7cd7cbc58caefa48fb584daa,28c2715fbc9b16a75dc7e849a907a807c5097918ff49a92fd0b76583533998a8,87c0cf2e0f6e4cf5cf1ed4a0f6eb27af0115a73f61e811e17185afa0d20e738e
a1b85cd1b385605f,late,proof:a1b85cd1b385605f:42dfb5f53670ebbc41bae98a,21,immediate_win|winning_line,ProofSupportedGeometry,edge,60,897e41795fa2ff26e0355378cf8a5167b375d14ef03f185ae2be39fb7c1c6286,0.024915399986954027,0.025,0.026756073815698004,-8.460001304597467e-05,-0.0018406738287439772,0.025032714984624675,0.4033485540334855,0.0,6,incoming_final_layer_mean_head_attention_mass,bfccc4e4247a6defe4b05de1f454da8337e8249c7cd7cbc58caefa48fb584daa,28c2715fbc9b16a75dc7e849a907a807c5097918ff49a92fd0b76583533998a8,87c0cf2e0f6e4cf5cf1ed4a0f6eb27af0115a73f61e811e17185afa0d20e738e
a1b85cd1b385605f,late,proof:a1b85cd1b385605f:4970315a109860663544cc05,18,simple_fork,WinningThreat,edge,60,897e41795fa2ff26e0355378cf8a5167b375d14ef03f185ae2be39fb7c1c6286,0.09874013683297206,0.1,0.11092029199608135,-0.001259863167027947,-0.012180155163109288,0.08742998954540677,0.4082952815829528,0.041666666666666664,24,incoming_final_layer_mean_head_attention_mass,e3531ad7fe22d3709c34b4aced5f286479b7e2a6e1e0ac915486caffd0c0870f,28c2715fbc9b16a75dc7e849a907a807c5097918ff49a92fd0b76583533998a8,87c0cf2e0f6e4cf5cf1ed4a0f6eb27af0115a73f61e811e17185afa0d20e738e
a1b85cd1b385605f,late,proof:a1b85cd1b385605f:4970315a109860663544cc05,18,simple_fork,TacticalLineWindow,edge,60,897e41795fa2ff26e0355378cf8a5167b375d14ef03f185ae2be39fb7c1c6286,0.07378046102576422,0.075,0.0828720945157569,-0.0012195389742357815,-0.009091633489992687,0.06710768331022997,0.4048706240487062,0.0,18,incoming_final_layer_mean_head_attention_mass,e3531ad7fe22d3709c34b4aced5f286479b7e2a6e1e0ac915486caffd0c0870f,28c2715fbc9b16a75dc7e849a907a807c5097918ff49a92fd0b76583533998a8,87c0cf2e0f6e4cf5cf1ed4a0f6eb27af0115a73f61e811e17185afa0d20e738e
a1b85cd1b385605f,late,proof:a1b85cd1b385605f:4970315a109860663544cc05,18,simple_fork,CompletionCell,node,60,897e41795fa2ff26e0355378cf8a5167b375d14ef03f185ae2be39fb7c1c6286,0.11428571484070651,0.11428571428571428,0.11026785712484544,5.549922327263701e-10,0.004017857715861078,0.4978213507625272,0.6857142857142857,0.5,4,incoming_final_layer_mean_head_attention_mass,e3531ad7fe22d3709c34b4aced5f286479b7e2a6e1e0ac915486caffd0c0870f,28c2715fbc9b16a75dc7e849a907a807c5097918ff49a92fd0b76583533998a8,87c0cf2e0f6e4cf5cf1ed4a0f6eb27af0115a73f61e811e17185afa0d20e738e
a1b85cd1b385605f,late,proof:a1b85cd1b385605f:4970315a109860663544cc05,18,simple_fork,ForcedResponse,node,60,897e41795fa2ff26e0355378cf8a5167b375d14ef03f185ae2be39fb7c1c6286,0.028571428570478244,0.02857142857142857,0.02812499997224742,-9.503266229504703e-13,0.0004464285982308247,0.058823529411764705,0.5428571428571428,0.0,1,incoming_final_layer_mean_head_attention_mass,e3531ad7fe22d3709c34b4aced5f286479b7e2a6e1e0ac915486caffd0c0870f,28c2715fbc9b16a75dc7e849a907a807c5097918ff49a92fd0b76583533998a8,87c0cf2e0f6e4cf5cf1ed4a0f6eb27af0115a73f61e811e17185afa0d20e738e
a1b85cd1b385605f,late,proof:a1b85cd1b385605f:4970315a109860663544cc05,18,simple_fork,BlockingMove,node,60,897e41795fa2ff26e0355378cf8a5167b375d14ef03f185ae2be39fb7c1c6286,0.028571428570478244,0.02857142857142857,0.027455357110137607,-9.503266229504703e-13,0.0011160714603406369,0.058823529411764705,0.5428571428571428,0.0,1,incoming_final_layer_mean_head_attention_mass,e3531ad7fe22d3709c34b4aced5f286479b7e2a6e1e0ac915486caffd0c0870f,28c2715fbc9b16a75dc7e849a907a807c5097918ff49a92fd0b76583533998a8,87c0cf2e0f6e4cf5cf1ed4a0f6eb27af0115a73f61e811e17185afa0d20e738e
a1b85cd1b385605f,late,proof:a1b85cd1b385605f:4970315a109860663544cc05,18,simple_fork,ProofSupportedGeometry,edge,60,897e41795fa2ff26e0355378cf8a5167b375d14ef03f185ae2be39fb7c1c6286,0.07378046102576422,0.075,0.08283756525400135,-0.0012195389742357815,-0.009057104228237134,0.06710768331022997,0.4048706240487062,0.0,18,incoming_final_layer_mean_head_attention_mass,e3531ad7fe22d3709c34b4aced5f286479b7e2a6e1e0ac915486caffd0c0870f,28c2715fbc9b16a75dc7e849a907a807c5097918ff49a92fd0b76583533998a8,87c0cf2e0f6e4cf5cf1ed4a0f6eb27af0115a73f61e811e17185afa0d20e738e
a1b85cd1b385605f,late,proof:a1b85cd1b385605f:e319ffaf43be6618da06c722,18,mandatory_block,WinningThreat,edge,60,897e41795fa2ff26e0355378cf8a5167b375d14ef03f185ae2be39fb7c1c6286,0.09874013683297206,0.1,0.10851408239991157,-0.001259863167027947,-0.009773945566939515,0.08742998954540677,0.4082952815829528,0.041666666666666664,24,incoming_final_layer_mean_head_attention_mass,daabcd7377f5af4bb41e3351a0da849d00954130a4cc61be30e99a76c7b1d043,28c2715fbc9b16a75dc7e849a907a807c5097918ff49a92fd0b76583533998a8,87c0cf2e0f6e4cf5cf1ed4a0f6eb27af0115a73f61e811e17185afa0d20e738e
a1b85cd1b385605f,late,proof:a1b85cd1b385605f:e319ffaf43be6618da06c722,18,mandatory_block,TacticalLineWindow,edge,60,897e41795fa2ff26e0355378cf8a5167b375d14ef03f185ae2be39fb7c1c6286,0.024959675807207832,0.025,0.027273522580099907,-4.032419279216895e-05,-0.0023138467728920746,0.025563554464049024,0.41856925418569246,0.0,6,incoming_final_layer_mean_head_attention_mass,daabcd7377f5af4bb41e3351a0da849d00954130a4cc61be30e99a76c7b1d043,28c2715fbc9b16a75dc7e849a907a807c5097918ff49a92fd0b76583533998a8,87c0cf2e0f6e4cf5cf1ed4a0f6eb27af0115a73f61e811e17185afa0d20e738e
a1b85cd1b385605f,late,proof:a1b85cd1b385605f:e319ffaf43be6618da06c722,18,mandatory_block,CompletionCell,node,60,897e41795fa2ff26e0355378cf8a5167b375d14ef03f185ae2be39fb7c1c6286,0.11428571484070651,0.11428571428571428,0.11026785717910328,5.549922327263701e-10,0.00401785766160323,0.4978213507625272,0.6857142857142857,0.5,4,incoming_final_layer_mean_head_attention_mass,daabcd7377f5af4bb41e3351a0da849d00954130a4cc61be30e99a76c7b1d043,28c2715fbc9b16a75dc7e849a907a807c5097918ff49a92fd0b76583533998a8,87c0cf2e0f6e4cf5cf1ed4a0f6eb27af0115a73f61e811e17185afa0d20e738e
a1b85cd1b385605f,late,proof:a1b85cd1b385605f:e319ffaf43be6618da06c722,18,mandatory_block,ForcedResponse,node,60,897e41795fa2ff26e0355378cf8a5167b375d14ef03f185ae2be39fb7c1c6286,0.028571428570478244,0.02857142857142857,0.028125000026921046,-9.503266229504703e-13,0.00044642854355719797,0.058823529411764705,0.5428571428571428,0.0,1,incoming_final_layer_mean_head_attention_mass,daabcd7377f5af4bb41e3351a0da849d00954130a4cc61be30e99a76c7b1d043,28c2715fbc9b16a75dc7e849a907a807c5097918ff49a92fd0b76583533998a8,87c0cf2e0f6e4cf5cf1ed4a0f6eb27af0115a73f61e811e17185afa0d20e738e
a1b85cd1b385605f,late,proof:a1b85cd1b385605f:e319ffaf43be6618da06c722,18,mandatory_block,BlockingMove,node,60,897e41795fa2ff26e0355378cf8a5167b375d14ef03f185ae2be39fb7c1c6286,0.028571428570478244,0.02857142857142857,0.027901785678640947,-9.503266229504703e-13,0.0006696428918372965,0.058823529411764705,0.5428571428571428,0.0,1,incoming_final_layer_mean_head_attention_mass,daabcd7377f5af4bb41e3351a0da849d00954130a4cc61be30e99a76c7b1d043,28c2715fbc9b16a75dc7e849a907a807c5097918ff49a92fd0b76583533998a8,87c0cf2e0f6e4cf5cf1ed4a0f6eb27af0115a73f61e811e17185afa0d20e738e
a1b85cd1b385605f,late,proof:a1b85cd1b385605f:e319ffaf43be6618da06c722,18,mandatory_block,ProofSupportedGeometry,edge,60,897e41795fa2ff26e0355378cf8a5167b375d14ef03f185ae2be39fb7c1c6286,0.024959675807207832,0.025,0.027149600798325693,-4.032419279216895e-05,-0.0021899249911178607,0.025563554464049024,0.41856925418569246,0.0,6,incoming_final_layer_mean_head_attention_mass,daabcd7377f5af4bb41e3351a0da849d00954130a4cc61be30e99a76c7b1d043,28c2715fbc9b16a75dc7e849a907a807c5097918ff49a92fd0b76583533998a8,87c0cf2e0f6e4cf5cf1ed4a0f6eb27af0115a73f61e811e17185afa0d20e738e
c6d589ffd6239ce1,mid,proof:c6d589ffd6239ce1:2c9daa79abf6399e87928c04,23,mandatory_block,WinningThreat,edge,60,897e41795fa2ff26e0355378cf8a5167b375d14ef03f185ae2be39fb7c1c6286,0.05301062196429376,0.05357142857142857,0.05476163664594402,-0.0005608066071348117,-0.0017510146816502661,0.07433463827179011,0.4691780821917808,0.08333333333333333,12,incoming_final_layer_mean_head_attention_mass,318c0f0d80102c041afdb1cfab4d7bcc3f4c2e5201a0f0d13318ee6024dfe0b8,28c2715fbc9b16a75dc7e849a907a807c5097918ff49a92fd0b76583533998a8,87c0cf2e0f6e4cf5cf1ed4a0f6eb27af0115a73f61e811e17185afa0d20e738e
c6d589ffd6239ce1,mid,proof:c6d589ffd6239ce1:2c9daa79abf6399e87928c04,23,mandatory_block,TacticalLineWindow,edge,60,897e41795fa2ff26e0355378cf8a5167b375d14ef03f185ae2be39fb7c1c6286,0.024439193302393847,0.025,0.0292667568019119,-0.0005608066976061539,-0.004827563499518052,0.02586493243327477,0.3789954337899544,0.0,6,incoming_final_layer_mean_head_attention_mass,318c0f0d80102c041afdb1cfab4d7bcc3f4c2e5201a0f0d13318ee6024dfe0b8,28c2715fbc9b16a75dc7e849a907a807c5097918ff49a92fd0b76583533998a8,87c0cf2e0f6e4cf5cf1ed4a0f6eb27af0115a73f61e811e17185afa0d20e738e
c6d589ffd6239ce1,mid,proof:c6d589ffd6239ce1:2c9daa79abf6399e87928c04,23,mandatory_block,CompletionCell,node,60,897e41795fa2ff26e0355378cf8a5167b375d14ef03f185ae2be39fb7c1c6286,0.057142857110926086,0.05714285714285714,0.055357142834525024,-3.193105502230509e-11,0.0017857142764010625,0.11666666666666667,0.6714285714285715,0.0,2,incoming_final_layer_mean_head_attention_mass,318c0f0d80102c041afdb1cfab4d7bcc3f4c2e5201a0f0d13318ee6024dfe0b8,28c2715fbc9b16a75dc7e849a907a807c5097918ff49a92fd0b76583533998a8,87c0cf2e0f6e4cf5cf1ed4a0f6eb27af0115a73f61e811e17185afa0d20e738e
c6d589ffd6239ce1,mid,proof:c6d589ffd6239ce1:2c9daa79abf6399e87928c04,23,mandatory_block,ForcedResponse,node,60,897e41795fa2ff26e0355378cf8a5167b375d14ef03f185ae2be39fb7c1c6286,0.028571428608681473,0.02857142857142857,0.027901785713246294,3.725290215195187e-11,0.0006696428954351789,0.1,0.7428571428571429,0.0,1,incoming_final_layer_mean_head_attention_mass,318c0f0d80102c041afdb1cfab4d7bcc3f4c2e5201a0f0d13318ee6024dfe0b8,28c2715fbc9b16a75dc7e849a907a807c5097918ff49a92fd0b76583533998a8,87c0cf2e0f6e4cf5cf1ed4a0f6eb27af0115a73f61e811e17185afa0d20e738e
c6d589ffd6239ce1,mid,proof:c6d589ffd6239ce1:2c9daa79abf6399e87928c04,23,mandatory_block,BlockingMove,node,60,897e41795fa2ff26e0355378cf8a5167b375d14ef03f185ae2be39fb7c1c6286,0.028571428608681473,0.02857142857142857,0.02745535717616024,3.725290215195187e-11,0.0011160714325212338,0.1,0.7428571428571429,0.0,1,incoming_final_layer_mean_head_attention_mass,318c0f0d80102c041afdb1cfab4d7bcc3f4c2e5201a0f0d13318ee6024dfe0b8,28c2715fbc9b16a75dc7e849a907a807c5097918ff49a92fd0b76583533998a8,87c0cf2e0f6e4cf5cf1ed4a0f6eb27af0115a73f61e811e17185afa0d20e738e
c6d589ffd6239ce1,mid,proof:c6d589ffd6239ce1:2c9daa79abf6399e87928c04,23,mandatory_block,ProofSupportedGeometry,edge,60,897e41795fa2ff26e0355378cf8a5167b375d14ef03f185ae2be39fb7c1c6286,0.024439193302393847,0.025,0.02801607645351006,-0.0005608066976061539,-0.0035768831511162127,0.02586493243327477,0.3789954337899544,0.0,6,incoming_final_layer_mean_head_attention_mass,318c0f0d80102c041afdb1cfab4d7bcc3f4c2e5201a0f0d13318ee6024dfe0b8,28c2715fbc9b16a75dc7e849a907a807c5097918ff49a92fd0b76583533998a8,87c0cf2e0f6e4cf5cf1ed4a0f6eb27af0115a73f61e811e17185afa0d20e738e
adac1ce9ac05888c,late,proof:adac1ce9ac05888c:4fcfc00e74de960ce3d81edf,23,immediate_win|winning_line,WinningThreat,edge,60,897e41795fa2ff26e0355378cf8a5167b375d14ef03f185ae2be39fb7c1c6286,0.053339804340673716,0.05357142857142857,0.05644045973060352,-0.00023162423075485244,-0.0031006553899298045,0.07480073524271187,0.47564687975646885,0.08333333333333333,12,incoming_final_layer_mean_head_attention_mass,8ce8df6ca6b2ca4925d3f8d304421373522c9099ebdad1cabf670051193ca3da,28c2715fbc9b16a75dc7e849a907a807c5097918ff49a92fd0b76583533998a8,87c0cf2e0f6e4cf5cf1ed4a0f6eb27af0115a73f61e811e17185afa0d20e738e
adac1ce9ac05888c,late,proof:adac1ce9ac05888c:4fcfc00e74de960ce3d81edf,23,immediate_win|winning_line,TacticalLineWindow,edge,60,897e41795fa2ff26e0355378cf8a5167b375d14ef03f185ae2be39fb7c1c6286,0.024768375717547243,0.025,0.029125994689108762,-0.00023162428245275882,-0.004357618971561519,0.025449590214966473,0.3919330289193303,0.0,6,incoming_final_layer_mean_head_attention_mass,8ce8df6ca6b2ca4925d3f8d304421373522c9099ebdad1cabf670051193ca3da,28c2715fbc9b16a75dc7e849a907a807c5097918ff49a92fd0b76583533998a8,87c0cf2e0f6e4cf5cf1ed4a0f6eb27af0115a73f61e811e17185afa0d20e738e
adac1ce9ac05888c,late,proof:adac1ce9ac05888c:4fcfc00e74de960ce3d81edf,23,immediate_win|winning_line,CompletionCell,node,60,897e41795fa2ff26e0355378cf8a5167b375d14ef03f185ae2be39fb7c1c6286,0.02857142851668961,0.02857142857142857,0.027455357170084075,-5.473895989260846e-11,0.0011160713466055357,0.043478260869565216,0.37142857142857144,0.0,1,incoming_final_layer_mean_head_attention_mass,8ce8df6ca6b2ca4925d3f8d304421373522c9099ebdad1cabf670051193ca3da,28c2715fbc9b16a75dc7e849a907a807c5097918ff49a92fd0b76583533998a8,87c0cf2e0f6e4cf5cf1ed4a0f6eb27af0115a73f61e811e17185afa0d20e738e
adac1ce9ac05888c,late,proof:adac1ce9ac05888c:4fcfc00e74de960ce3d81edf,23,immediate_win|winning_line,ForcedResponse,node,60,897e41795fa2ff26e0355378cf8a5167b375d14ef03f185ae2be39fb7c1c6286,0.02857142851668961,0.02857142857142857,0.02767857143042457,-5.473895989260846e-11,0.0008928570862650406,0.043478260869565216,0.37142857142857144,0.0,1,incoming_final_layer_mean_head_attention_mass,8ce8df6ca6b2ca4925d3f8d304421373522c9099ebdad1cabf670051193ca3da,28c2715fbc9b16a75dc7e849a907a807c5097918ff49a92fd0b76583533998a8,87c0cf2e0f6e4cf5cf1ed4a0f6eb27af0115a73f61e811e17185afa0d20e738e
adac1ce9ac05888c,late,proof:adac1ce9ac05888c:4fcfc00e74de960ce3d81edf,23,immediate_win|winning_line,BlockingMove,node,60,897e41795fa2ff26e0355378cf8a5167b375d14ef03f185ae2be39fb7c1c6286,0.02857142851668961,0.02857142857142857,0.027678571403815355,-5.473895989260846e-11,0.0008928571128742555,0.043478260869565216,0.37142857142857144,0.0,1,incoming_final_layer_mean_head_attention_mass,8ce8df6ca6b2ca4925d3f8d304421373522c9099ebdad1cabf670051193ca3da,28c2715fbc9b16a75dc7e849a907a807c5097918ff49a92fd0b76583533998a8,87c0cf2e0f6e4cf5cf1ed4a0f6eb27af0115a73f61e811e17185afa0d20e738e
adac1ce9ac05888c,late,proof:adac1ce9ac05888c:4fcfc00e74de960ce3d81edf,23,immediate_win|winning_line,ProofSupportedGeometry,edge,60,897e41795fa2ff26e0355378cf8a5167b375d14ef03f185ae2be39fb7c1c6286,0.024768375717547243,0.025,0.027070938328171746,-0.00023162428245275882,-0.0023025626106245034,0.025449590214966473,0.3919330289193303,0.0,6,incoming_final_layer_mean_head_attention_mass,8ce8df6ca6b2ca4925d3f8d304421373522c9099ebdad1cabf670051193ca3da,28c2715fbc9b16a75dc7e849a907a807c5097918ff49a92fd0b76583533998a8,87c0cf2e0f6e4cf5cf1ed4a0f6eb27af0115a73f61e811e17185afa0d20e738e
adac1ce9ac05888c,late,proof:adac1ce9ac05888c:9984890079b45dc1f2f8a0af,23,mandatory_block,WinningThreat,edge,60,897e41795fa2ff26e0355378cf8a5167b375d14ef03f185ae2be39fb7c1c6286,0.028571428623126477,0.02857142857142857,0.026015759086552084,5.1697906372494273e-11,0.0025556695365743926,0.0777950568542272,0.5593607305936074,0.16666666666666666,6,incoming_final_layer_mean_head_attention_mass,3d15eae8508f045c0170b2bc3c516179e71044f9fe568dbd493495450a0362ab,28c2715fbc9b16a75dc7e849a907a807c5097918ff49a92fd0b76583533998a8,87c0cf2e0f6e4cf5cf1ed4a0f6eb27af0115a73f61e811e17185afa0d20e738e
adac1ce9ac05888c,late,proof:adac1ce9ac05888c:9984890079b45dc1f2f8a0af,23,mandatory_block,TacticalLineWindow,edge,60,897e41795fa2ff26e0355378cf8a5167b375d14ef03f185ae2be39fb7c1c6286,0.028571428623126477,0.02857142857142857,0.028309365864822526,5.1697906372494273e-11,0.0002620627583039513,0.0777950568542272,0.5593607305936074,0.16666666666666666,6,incoming_final_layer_mean_head_attention_mass,3d15eae8508f045c0170b2bc3c516179e71044f9fe568dbd493495450a0362ab,28c2715fbc9b16a75dc7e849a907a807c5097918ff49a92fd0b76583533998a8,87c0cf2e0f6e4cf5cf1ed4a0f6eb27af0115a73f61e811e17185afa0d20e738e
adac1ce9ac05888c,late,proof:adac1ce9ac05888c:9984890079b45dc1f2f8a0af,23,mandatory_block,CompletionCell,node,60,897e41795fa2ff26e0355378cf8a5167b375d14ef03f185ae2be39fb7c1c6286,0.02857142851668961,0.02857142857142857,0.027455357143474857,-5.473895989260846e-11,0.001116071373214754,0.043478260869565216,0.37142857142857144,0.0,1,incoming_final_layer_mean_head_attention_mass,3d15eae8508f045c0170b2bc3c516179e71044f9fe568dbd493495450a0362ab,28c2715fbc9b16a75dc7e849a907a807c5097918ff49a92fd0b76583533998a8,87c0cf2e0f6e4cf5cf1ed4a0f6eb27af0115a73f61e811e17185afa0d20e738e
adac1ce9ac05888c,late,proof:adac1ce9ac05888c:9984890079b45dc1f2f8a0af,23,mandatory_block,ForcedResponse,node,60,897e41795fa2ff26e0355378cf8a5167b375d14ef03f185ae2be39fb7c1c6286,0.02857142851668961,0.02857142857142857,0.02790178569076507,-5.473895989260846e-11,0.0006696428259245421,0.043478260869565216,0.37142857142857144,0.0,1,incoming_final_layer_mean_head_attention_mass,3d15eae8508f045c0170b2bc3c516179e71044f9fe568dbd493495450a0362ab,28c2715fbc9b16a75dc7e849a907a807c5097918ff49a92fd0b76583533998a8,87c0cf2e0f6e4cf5cf1ed4a0f6eb27af0115a73f61e811e17185afa0d20e738e
adac1ce9ac05888c,late,proof:adac1ce9ac05888c:9984890079b45dc1f2f8a0af,23,mandatory_block,BlockingMove,node,60,897e41795fa2ff26e0355378cf8a5167b375d14ef03f185ae2be39fb7c1c6286,0.02857142851668961,0.02857142857142857,0.02790178573566812,-5.473895989260846e-11,0.0006696427810214921,0.043478260869565216,0.37142857142857144,0.0,1,incoming_final_layer_mean_head_attention_mass,3d15eae8508f045c0170b2bc3c516179e71044f9fe568dbd493495450a0362ab,28c2715fbc9b16a75dc7e849a907a807c5097918ff49a92fd0b76583533998a8,87c0cf2e0f6e4cf5cf1ed4a0f6eb27af0115a73f61e811e17185afa0d20e738e
adac1ce9ac05888c,late,proof:adac1ce9ac05888c:9984890079b45dc1f2f8a0af,23,mandatory_block,ProofSupportedGeometry,edge,60,897e41795fa2ff26e0355378cf8a5167b375d14ef03f185ae2be39fb7c1c6286,0.028571428623126477,0.02857142857142857,0.026190732063306955,5.1697906372494273e-11,0.002380696559819522,0.0777950568542272,0.5593607305936074,0.16666666666666666,6,incoming_final_layer_mean_head_attention_mass,3d15eae8508f045c0170b2bc3c516179e71044f9fe568dbd493495450a0362ab,28c2715fbc9b16a75dc7e849a907a807c5097918ff49a92fd0b76583533998a8,87c0cf2e0f6e4cf5cf1ed4a0f6eb27af0115a73f61e811e17185afa0d20e738e
30a0e035ac98894a,late,proof:30a0e035ac98894a:2c9daa79abf6399e87928c04,23,mandatory_block,WinningThreat,edge,60,897e41795fa2ff26e0355378cf8a5167b375d14ef03f185ae2be39fb7c1c6286,0.024539466657717824,0.025,0.02831395738873092,-0.0004605333422821774,-0.0037744907310130957,0.025351189142877633,0.38127853881278534,0.0,6,incoming_final_layer_mean_head_attention_mass,c1f5129d174da4f944b2b999e4623e2aeee4e6f8da8403c763e3ceea932cc675,28c2715fbc9b16a75dc7e849a907a807c5097918ff49a92fd0b76583533998a8,87c0cf2e0f6e4cf5cf1ed4a0f6eb27af0115a73f61e811e17185afa0d20e738e
30a0e035ac98894a,late,proof:30a0e035ac98894a:2c9daa79abf6399e87928c04,23,mandatory_block,TacticalLineWindow,edge,60,897e41795fa2ff26e0355378cf8a5167b375d14ef03f185ae2be39fb7c1c6286,0.024539466657717824,0.025,0.027283408368546445,-0.0004605333422821774,-0.0027439417108286214,0.025351189142877633,0.38127853881278534,0.0,6,incoming_final_layer_mean_head_attention_mass,c1f5129d174da4f944b2b999e4623e2aeee4e6f8da8403c763e3ceea932cc675,28c2715fbc9b16a75dc7e849a907a807c5097918ff49a92fd0b76583533998a8,87c0cf2e0f6e4cf5cf1ed4a0f6eb27af0115a73f61e811e17185afa0d20e738e
30a0e035ac98894a,late,proof:30a0e035ac98894a:2c9daa79abf6399e87928c04,23,mandatory_block,CompletionCell,node,60,897e41795fa2ff26e0355378cf8a5167b375d14ef03f185ae2be39fb7c1c6286,0.02857142849084066,0.02857142857142857,0.02767857139207879,-8.058791134413212e-11,0.0008928570987618706,0.038461538461538464,0.2857142857142857,0.0,1,incoming_final_layer_mean_head_attention_mass,c1f5129d174da4f944b2b999e4623e2aeee4e6f8da8403c763e3ceea932cc675,28c2715fbc9b16a75dc7e849a907a807c5097918ff49a92fd0b76583533998a8,87c0cf2e0f6e4cf5cf1ed4a0f6eb27af0115a73f61e811e17185afa0d20e738e
30a0e035ac98894a,late,proof:30a0e035ac98894a:2c9daa79abf6399e87928c04,23,mandatory_block,ForcedResponse,node,60,897e41795fa2ff26e0355378cf8a5167b375d14ef03f185ae2be39fb7c1c6286,0.02857142849084066,0.02857142857142857,0.02857142857399446,-8.058791134413212e-11,-8.31537998180476e-11,0.038461538461538464,0.2857142857142857,0.0,1,incoming_final_layer_mean_head_attention_mass,c1f5129d174da4f944b2b999e4623e2aeee4e6f8da8403c763e3ceea932cc675,28c2715fbc9b16a75dc7e849a907a807c5097918ff49a92fd0b76583533998a8,87c0cf2e0f6e4cf5cf1ed4a0f6eb27af0115a73f61e811e17185afa0d20e738e
30a0e035ac98894a,late,proof:30a0e035ac98894a:2c9daa79abf6399e87928c04,23,mandatory_block,BlockingMove,node,60,897e41795fa2ff26e0355378cf8a5167b375d14ef03f185ae2be39fb7c1c6286,0.02857142849084066,0.02857142857142857,0.027232142884274755,-8.058791134413212e-11,0.0013392856065659042,0.038461538461538464,0.2857142857142857,0.0,1,incoming_final_layer_mean_head_attention_mass,c1f5129d174da4f944b2b999e4623e2aeee4e6f8da8403c763e3ceea932cc675,28c2715fbc9b16a75dc7e849a907a807c5097918ff49a92fd0b76583533998a8,87c0cf2e0f6e4cf5cf1ed4a0f6eb27af0115a73f61e811e17185afa0d20e738e
30a0e035ac98894a,late,proof:30a0e035ac98894a:2c9daa79abf6399e87928c04,23,mandatory_block,ProofSupportedGeometry,edge,60,897e41795fa2ff26e0355378cf8a5167b375d14ef03f185ae2be39fb7c1c6286,0.024539466657717824,0.025,0.02876753136587113,-0.0004605333422821774,-0.004228064708153307,0.025351189142877633,0.38127853881278534,0.0,6,incoming_final_layer_mean_head_attention_mass,c1f5129d174da4f944b2b999e4623e2aeee4e6f8da8403c763e3ceea932cc675,28c2715fbc9b16a75dc7e849a907a807c5097918ff49a92fd0b76583533998a8,87c0cf2e0f6e4cf5cf1ed4a0f6eb27af0115a73f61e811e17185afa0d20e738e
30a0e035ac98894a,late,proof:30a0e035ac98894a:7b8535d6ff619255965a172c,23,immediate_win|winning_line,WinningThreat,edge,60,897e41795fa2ff26e0355378cf8a5167b375d14ef03f185ae2be39fb7c1c6286,0.053110895095340054,0.05357142857142857,0.055108623217022035,-0.0004605334760885149,-0.001997728121681981,0.07252107682784895,0.4703196347031964,0.08333333333333333,12,incoming_final_layer_mean_head_attention_mass,3e3ecbd9bf267feed3341eeef5e457636e7cd8b267ee550cfff555e2ca58a7e5,28c2715fbc9b16a75dc7e849a907a807c5097918ff49a92fd0b76583533998a8,87c0cf2e0f6e4cf5cf1ed4a0f6eb27af0115a73f61e811e17185afa0d20e738e
30a0e035ac98894a,late,proof:30a0e035ac98894a:7b8535d6ff619255965a172c,23,immediate_win|winning_line,TacticalLineWindow,edge,60,897e41795fa2ff26e0355378cf8a5167b375d14ef03f185ae2be39fb7c1c6286,0.028571428437622226,0.02857142857142857,0.02776737451787172,-1.338063444766835e-10,0.0008040539197505074,0.07463652283637305,0.5593607305936074,0.16666666666666666,6,incoming_final_layer_mean_head_attention_mass,3e3ecbd9bf267feed3341eeef5e457636e7cd8b267ee550cfff555e2ca58a7e5,28c2715fbc9b16a75dc7e849a907a807c5097918ff49a92fd0b76583533998a8,87c0cf2e0f6e4cf5cf1ed4a0f6eb27af0115a73f61e811e17185afa0d20e738e
30a0e035ac98894a,late,proof:30a0e035ac98894a:7b8535d6ff619255965a172c,23,immediate_win|winning_line,CompletionCell,node,60,897e41795fa2ff26e0355378cf8a5167b375d14ef03f185ae2be39fb7c1c6286,0.02857142849084066,0.02857142857142857,0.027232142816088635,-8.058791134413212e-11,0.0013392856747520242,0.038461538461538464,0.2857142857142857,0.0,1,incoming_final_layer_mean_head_attention_mass,3e3ecbd9bf267feed3341eeef5e457636e7cd8b267ee550cfff555e2ca58a7e5,28c2715fbc9b16a75dc7e849a907a807c5097918ff49a92fd0b76583533998a8,87c0cf2e0f6e4cf5cf1ed4a0f6eb27af0115a73f61e811e17185afa0d20e738e
30a0e035ac98894a,late,proof:30a0e035ac98894a:7b8535d6ff619255965a172c,23,immediate_win|winning_line,ForcedResponse,node,60,897e41795fa2ff26e0355378cf8a5167b375d14ef03f185ae2be39fb7c1c6286,0.02857142849084066,0.02857142857142857,0.027901785739113064,-8.058791134413212e-11,0.0006696427517275949,0.038461538461538464,0.2857142857142857,0.0,1,incoming_final_layer_mean_head_attention_mass,3e3ecbd9bf267feed3341eeef5e457636e7cd8b267ee550cfff555e2ca58a7e5,28c2715fbc9b16a75dc7e849a907a807c5097918ff49a92fd0b76583533998a8,87c0cf2e0f6e4cf5cf1ed4a0f6eb27af0115a73f61e811e17185afa0d20e738e
30a0e035ac98894a,late,proof:30a0e035ac98894a:7b8535d6ff619255965a172c,23,immediate_win|winning_line,BlockingMove,node,60,897e41795fa2ff26e0355378cf8a5167b375d14ef03f185ae2be39fb7c1c6286,0.02857142849084066,0.02857142857142857,0.027901785675916176,-8.058791134413212e-11,0.0006696428149244836,0.038461538461538464,0.2857142857142857,0.0,1,incoming_final_layer_mean_head_attention_mass,3e3ecbd9bf267feed3341eeef5e457636e7cd8b267ee550cfff555e2ca58a7e5,28c2715fbc9b16a75dc7e849a907a807c5097918ff49a92fd0b76583533998a8,87c0cf2e0f6e4cf5cf1ed4a0f6eb27af0115a73f61e811e17185afa0d20e738e
30a0e035ac98894a,late,proof:30a0e035ac98894a:7b8535d6ff619255965a172c,23,immediate_win|winning_line,ProofSupportedGeometry,edge,60,897e41795fa2ff26e0355378cf8a5167b375d14ef03f185ae2be39fb7c1c6286,0.028571428437622226,0.02857142857142857,0.02705049649715642,-1.338063444766835e-10,0.0015209319404658056,0.07463652283637305,0.5593607305936074,0.16666666666666666,6,incoming_final_layer_mean_head_attention_mass,3e3ecbd9bf267feed3341eeef5e457636e7cd8b267ee550cfff555e2ca58a7e5,28c2715fbc9b16a75dc7e849a907a807c5097918ff49a92fd0b76583533998a8,87c0cf2e0f6e4cf5cf1ed4a0f6eb27af0115a73f61e811e17185afa0d20e738e
298e329d46985be6,late,proof:298e329d46985be6:4fcfc00e74de960ce3d81edf,23,immediate_win|winning_line,WinningThreat,edge,60,897e41795fa2ff26e0355378cf8a5167b375d14ef03f185ae2be39fb7c1c6286,0.053339804478335855,0.05357142857142857,0.05425004266950828,-0.0002316240930927138,-0.0009102381911724258,0.0738721095827951,0.47602739726027404,0.08333333333333333,12,incoming_final_layer_mean_head_attention_mass,c45891ac928433f850dda4dc50124e0401ede13638e2aebc9d9f842f050094d0,28c2715fbc9b16a75dc7e849a907a807c5097918ff49a92fd0b76583533998a8,87c0cf2e0f6e4cf5cf1ed4a0f6eb27af0115a73f61e811e17185afa0d20e738e
298e329d46985be6,late,proof:298e329d46985be6:4fcfc00e74de960ce3d81edf,23,immediate_win|winning_line,TacticalLineWindow,edge,60,897e41795fa2ff26e0355378cf8a5167b375d14ef03f185ae2be39fb7c1c6286,0.024768375732046717,0.025,0.02622989457203089,-0.00023162426795328428,-0.0014615188399841744,0.025162097234382164,0.39269406392694056,0.0,6,incoming_final_layer_mean_head_attention_mass,c45891ac928433f850dda4dc50124e0401ede13638e2aebc9d9f842f050094d0,28c2715fbc9b16a75dc7e849a907a807c5097918ff49a92fd0b76583533998a8,87c0cf2e0f6e4cf5cf1ed4a0f6eb27af0115a73f61e811e17185afa0d20e738e
298e329d46985be6,late,proof:298e329d46985be6:4fcfc00e74de960ce3d81edf,23,immediate_win|winning_line,CompletionCell,node,60,897e41795fa2ff26e0355378cf8a5167b375d14ef03f185ae2be39fb7c1c6286,0.028571428533415405,0.02857142857142857,0.02745535711547578,-3.801316553198042e-11,0.0011160714179396236,0.05555555555555555,0.5142857142857142,0.0,1,incoming_final_layer_mean_head_attention_mass,c45891ac928433f850dda4dc50124e0401ede13638e2aebc9d9f842f050094d0,28c2715fbc9b16a75dc7e849a907a807c5097918ff49a92fd0b76583533998a8,87c0cf2e0f6e4cf5cf1ed4a0f6eb27af0115a73f61e811e17185afa0d20e738e
298e329d46985be6,late,proof:298e329d46985be6:4fcfc00e74de960ce3d81edf,23,immediate_win|winning_line,ForcedResponse,node,60,897e41795fa2ff26e0355378cf8a5167b375d14ef03f185ae2be39fb7c1c6286,0.028571428533415405,0.02857142857142857,0.028348214307037295,-3.801316553198042e-11,0.00022321422637811006,0.05555555555555555,0.5142857142857142,0.0,1,incoming_final_layer_mean_head_attention_mass,c45891ac928433f850dda4dc50124e0401ede13638e2aebc9d9f842f050094d0,28c2715fbc9b16a75dc7e849a907a807c5097918ff49a92fd0b76583533998a8,87c0cf2e0f6e4cf5cf1ed4a0f6eb27af0115a73f61e811e17185afa0d20e738e
298e329d46985be6,late,proof:298e329d46985be6:4fcfc00e74de960ce3d81edf,23,immediate_win|winning_line,BlockingMove,node,60,897e41795fa2ff26e0355378cf8a5167b375d14ef03f185ae2be39fb7c1c6286,0.028571428533415405,0.02857142857142857,0.02812499997921155,-3.801316553198042e-11,0.00044642855420385513,0.05555555555555555,0.5142857142857142,0.0,1,incoming_final_layer_mean_head_attention_mass,c45891ac928433f850dda4dc50124e0401ede13638e2aebc9d9f842f050094d0,28c2715fbc9b16a75dc7e849a907a807c5097918ff49a92fd0b76583533998a8,87c0cf2e0f6e4cf5cf1ed4a0f6eb27af0115a73f61e811e17185afa0d20e738e
298e329d46985be6,late,proof:298e329d46985be6:4fcfc00e74de960ce3d81edf,23,immediate_win|winning_line,ProofSupportedGeometry,edge,60,897e41795fa2ff26e0355378cf8a5167b375d14ef03f185ae2be39fb7c1c6286,0.024768375732046717,0.025,0.028020302711992254,-0.00023162426795328428,-0.0032519269799455366,0.025162097234382164,0.39269406392694056,0.0,6,incoming_final_layer_mean_head_attention_mass,c45891ac928433f850dda4dc50124e0401ede13638e2aebc9d9f842f050094d0,28c2715fbc9b16a75dc7e849a907a807c5097918ff49a92fd0b76583533998a8,87c0cf2e0f6e4cf5cf1ed4a0f6eb27af0115a73f61e811e17185afa0d20e738e
298e329d46985be6,late,proof:298e329d46985be6:9984890079b45dc1f2f8a0af,23,mandatory_block,WinningThreat,edge,60,897e41795fa2ff26e0355378cf8a5167b375d14ef03f185ae2be39fb7c1c6286,0.028571428746289138,0.02857142857142857,0.027199052763571895,1.7486056699822505e-10,0.001372375982717243,0.07693440261341274,0.5593607305936071,0.16666666666666666,6,incoming_final_layer_mean_head_attention_mass,fbdb27b12511596d9cd8606d152d5f317aada00c0a9e554cab9cc4ba442ce1c4,28c2715fbc9b16a75dc7e849a907a807c5097918ff49a92fd0b76583533998a8,87c0cf2e0f6e4cf5cf1ed4a0f6eb27af0115a73f61e811e17185afa0d20e738e
298e329d46985be6,late,proof:298e329d46985be6:9984890079b45dc1f2f8a0af,23,mandatory_block,TacticalLineWindow,edge,60,897e41795fa2ff26e0355378cf8a5167b375d14ef03f185ae2be39fb7c1c6286,0.028571428746289138,0.02857142857142857,0.027154921246819036,1.7486056699822505e-10,0.0014165074994701016,0.07693440261341274,0.5593607305936071,0.16666666666666666,6,incoming_final_layer_mean_head_attention_mass,fbdb27b12511596d9cd8606d152d5f317aada00c0a9e554cab9cc4ba442ce1c4,28c2715fbc9b16a75dc7e849a907a807c5097918ff49a92fd0b76583533998a8,87c0cf2e0f6e4cf5cf1ed4a0f6eb27af0115a73f61e811e17185afa0d20e738e
298e329d46985be6,late,proof:298e329d46985be6:9984890079b45dc1f2f8a0af,23,mandatory_block,CompletionCell,node,60,897e41795fa2ff26e0355378cf8a5167b375d14ef03f185ae2be39fb7c1c6286,0.028571428533415405,0.02857142857142857,0.027232142818416946,-3.801316553198042e-11,0.0013392857149984588,0.05555555555555555,0.5142857142857142,0.0,1,incoming_final_layer_mean_head_attention_mass,fbdb27b12511596d9cd8606d152d5f317aada00c0a9e554cab9cc4ba442ce1c4,28c2715fbc9b16a75dc7e849a907a807c5097918ff49a92fd0b76583533998a8,87c0cf2e0f6e4cf5cf1ed4a0f6eb27af0115a73f61e811e17185afa0d20e738e
298e329d46985be6,late,proof:298e329d46985be6:9984890079b45dc1f2f8a0af,23,mandatory_block,ForcedResponse,node,60,897e41795fa2ff26e0355378cf8a5167b375d14ef03f185ae2be39fb7c1c6286,0.028571428533415405,0.02857142857142857,0.02790178577112728,-3.801316553198042e-11,0.0006696427622881265,0.05555555555555555,0.5142857142857142,0.0,1,incoming_final_layer_mean_head_attention_mass,fbdb27b12511596d9cd8606d152d5f317aada00c0a9e554cab9cc4ba442ce1c4,28c2715fbc9b16a75dc7e849a907a807c5097918ff49a92fd0b76583533998a8,87c0cf2e0f6e4cf5cf1ed4a0f6eb27af0115a73f61e811e17185afa0d20e738e
298e329d46985be6,late,proof:298e329d46985be6:9984890079b45dc1f2f8a0af,23,mandatory_block,BlockingMove,node,60,897e41795fa2ff26e0355378cf8a5167b375d14ef03f185ae2be39fb7c1c6286,0.028571428533415405,0.02857142857142857,0.02790178569462578,-3.801316553198042e-11,0.0006696428387896261,0.05555555555555555,0.5142857142857142,0.0,1,incoming_final_layer_mean_head_attention_mass,fbdb27b12511596d9cd8606d152d5f317aada00c0a9e554cab9cc4ba442ce1c4,28c2715fbc9b16a75dc7e849a907a807c5097918ff49a92fd0b76583533998a8,87c0cf2e0f6e4cf5cf1ed4a0f6eb27af0115a73f61e811e17185afa0d20e738e
298e329d46985be6,late,proof:298e329d46985be6:9984890079b45dc1f2f8a0af,23,mandatory_block,ProofSupportedGeometry,edge,60,897e41795fa2ff26e0355378cf8a5167b375d14ef03f185ae2be39fb7c1c6286,0.028571428746289138,0.02857142857142857,0.02590648084259395,1.7486056699822505e-10,0.002664947903695189,0.07693440261341274,0.5593607305936071,0.16666666666666666,6,incoming_final_layer_mean_head_attention_mass,fbdb27b12511596d9cd8606d152d5f317aada00c0a9e554cab9cc4ba442ce1c4,28c2715fbc9b16a75dc7e849a907a807c5097918ff49a92fd0b76583533998a8,87c0cf2e0f6e4cf5cf1ed4a0f6eb27af0115a73f61e811e17185afa0d20e738e
db46035c8bb13484,late,proof:db46035c8bb13484:2c9daa79abf6399e87928c04,23,mandatory_block,WinningThreat,edge,60,897e41795fa2ff26e0355378cf8a5167b375d14ef03f185ae2be39fb7c1c6286,0.024539466627680927,0.025,0.0270122501925298,-0.00046053337231907396,-0.0024727835648488718,0.025236738325550376,0.3805175038051751,0.0,6,incoming_final_layer_mean_head_attention_mass,a9435eb8e58d99e0f1835aab678f8667feaa95c3100ae4df6f6f7ef7e6d9cbd1,28c2715fbc9b16a75dc7e849a907a807c5097918ff49a92fd0b76583533998a8,87c0cf2e0f6e4cf5cf1ed4a0f6eb27af0115a73f61e811e17185afa0d20e738e
db46035c8bb13484,late,proof:db46035c8bb13484:2c9daa79abf6399e87928c04,23,mandatory_block,TacticalLineWindow,edge,60,897e41795fa2ff26e0355378cf8a5167b375d14ef03f185ae2be39fb7c1c6286,0.024539466627680927,0.025,0.029357603934864286,-0.00046053337231907396,-0.004818137307183359,0.025236738325550376,0.3805175038051751,0.0,6,incoming_final_layer_mean_head_attention_mass,a9435eb8e58d99e0f1835aab678f8667feaa95c3100ae4df6f6f7ef7e6d9cbd1,28c2715fbc9b16a75dc7e849a907a807c5097918ff49a92fd0b76583533998a8,87c0cf2e0f6e4cf5cf1ed4a0f6eb27af0115a73f61e811e17185afa0d20e738e
db46035c8bb13484,late,proof:db46035c8bb13484:2c9daa79abf6399e87928c04,23,mandatory_block,CompletionCell,node,60,897e41795fa2ff26e0355378cf8a5167b375d14ef03f185ae2be39fb7c1c6286,0.028571428455868547,0.02857142857142857,0.027678571454657963,-1.1556002335599835e-10,0.0008928570012105841,0.034482758620689655,0.2,0.0,1,incoming_final_layer_mean_head_attention_mass,a9435eb8e58d99e0f1835aab678f8667feaa95c3100ae4df6f6f7ef7e6d9cbd1,28c2715fbc9b16a75dc7e849a907a807c5097918ff49a92fd0b76583533998a8,87c0cf2e0f6e4cf5cf1ed4a0f6eb27af0115a73f61e811e17185afa0d20e738e
db46035c8bb13484,late,proof:db46035c8bb13484:2c9daa79abf6399e87928c04,23,mandatory_block,ForcedResponse,node,60,897e41795fa2ff26e0355378cf8a5167b375d14ef03f185ae2be39fb7c1c6286,0.028571428455868547,0.02857142857142857,0.027901785736559055,-1.1556002335599835e-10,0.000669642719309492,0.034482758620689655,0.2,0.0,1,incoming_final_layer_mean_head_attention_mass,a9435eb8e58d99e0f1835aab678f8667feaa95c3100ae4df6f6f7ef7e6d9cbd1,28c2715fbc9b16a75dc7e849a907a807c5097918ff49a92fd0b76583533998a8,87c0cf2e0f6e4cf5cf1ed4a0f6eb27af0115a73f61e811e17185afa0d20e738e
db46035c8bb13484,late,proof:db46035c8bb13484:2c9daa79abf6399e87928c04,23,mandatory_block,BlockingMove,node,60,897e41795fa2ff26e0355378cf8a5167b375d14ef03f185ae2be39fb7c1c6286,0.028571428455868547,0.02857142857142857,0.027232142904160393,-1.1556002335599835e-10,0.001339285551708154,0.034482758620689655,0.2,0.0,1,incoming_final_layer_mean_head_attention_mass,a9435eb8e58d99e0f1835aab678f8667feaa95c3100ae4df6f6f7ef7e6d9cbd1,28c2715fbc9b16a75dc7e849a907a807c5097918ff49a92fd0b76583533998a8,87c0cf2e0f6e4cf5cf1ed4a0f6eb27af0115a73f61e811e17185afa0d20e738e
db46035c8bb13484,late,proof:db46035c8bb13484:2c9daa79abf6399e87928c04,23,mandatory_block,ProofSupportedGeometry,edge,60,897e41795fa2ff26e0355378cf8a5167b375d14ef03f185ae2be39fb7c1c6286,0.024539466627680927,0.025,0.028476514603474994,-0.00046053337231907396,-0.003937047975794066,0.025236738325550376,0.3805175038051751,0.0,6,incoming_final_layer_mean_head_attention_mass,a9435eb8e58d99e0f1835aab678f8667feaa95c3100ae4df6f6f7ef7e6d9cbd1,28c2715fbc9b16a75dc7e849a907a807c5097918ff49a92fd0b76583533998a8,87c0cf2e0f6e4cf5cf1ed4a0f6eb27af0115a73f61e811e17185afa0d20e738e
db46035c8bb13484,late,proof:db46035c8bb13484:7b8535d6ff619255965a172c,23,immediate_win|winning_line,WinningThreat,edge,60,897e41795fa2ff26e0355378cf8a5167b375d14ef03f185ae2be39fb7c1c6286,0.05311089503033104,0.05357142857142857,0.05297663667753913,-0.000460533541097527,0.00013425835279191195,0.07268181542809561,0.4699391171993912,0.08333333333333333,12,incoming_final_layer_mean_head_attention_mass,003ea3c2eeda70c6a07ad8964d7a6d2b57dce076e05956dae73bcb88aea0f636,28c2715fbc9b16a75dc7e849a907a807c5097918ff49a92fd0b76583533998a8,87c0cf2e0f6e4cf5cf1ed4a0f6eb27af0115a73f61e811e17185afa0d20e738e
db46035c8bb13484,late,proof:db46035c8bb13484:7b8535d6ff619255965a172c,23,immediate_win|winning_line,TacticalLineWindow,edge,60,897e41795fa2ff26e0355378cf8a5167b375d14ef03f185ae2be39fb7c1c6286,0.028571428402650114,0.02857142857142857,0.027667687917627116,-1.6877845648854972e-10,0.0009037404850229976,0.07513166524764155,0.5593607305936074,0.16666666666666666,6,incoming_final_layer_mean_head_attention_mass,003ea3c2eeda70c6a07ad8964d7a6d2b57dce076e05956dae73bcb88aea0f636,28c2715fbc9b16a75dc7e849a907a807c5097918ff49a92fd0b76583533998a8,87c0cf2e0f6e4cf5cf1ed4a0f6eb27af0115a73f61e811e17185afa0d20e738e
db46035c8bb13484,late,proof:db46035c8bb13484:7b8535d6ff619255965a172c,23,immediate_win|winning_line,CompletionCell,node,60,897e41795fa2ff26e0355378cf8a5167b375d14ef03f185ae2be39fb7c1c6286,0.028571428455868547,0.02857142857142857,0.027455357157789188,-1.1556002335599835e-10,0.0011160712980793595,0.034482758620689655,0.2,0.0,1,incoming_final_layer_mean_head_attention_mass,003ea3c2eeda70c6a07ad8964d7a6d2b57dce076e05956dae73bcb88aea0f636,28c2715fbc9b16a75dc7e849a907a807c5097918ff49a92fd0b76583533998a8,87c0cf2e0f6e4cf5cf1ed4a0f6eb27af0115a73f61e811e17185afa0d20e738e
db46035c8bb13484,late,proof:db46035c8bb13484:7b8535d6ff619255965a172c,23,immediate_win|winning_line,ForcedResponse,node,60,897e41795fa2ff26e0355378cf8a5167b375d14ef03f185ae2be39fb7c1c6286,0.028571428455868547,0.02857142857142857,0.027232142890855786,-1.1556002335599835e-10,0.0013392855650127614,0.034482758620689655,0.2,0.0,1,incoming_final_layer_mean_head_attention_mass,003ea3c2eeda70c6a07ad8964d7a6d2b57dce076e05956dae73bcb88aea0f636,28c2715fbc9b16a75dc7e849a907a807c5097918ff49a92fd0b76583533998a8,87c0cf2e0f6e4cf5cf1ed4a0f6eb27af0115a73f61e811e17185afa0d20e738e
db46035c8bb13484,late,proof:db46035c8bb13484:7b8535d6ff619255965a172c,23,immediate_win|winning_line,BlockingMove,node,60,897e41795fa2ff26e0355378cf8a5167b375d14ef03f185ae2be39fb7c1c6286,0.028571428455868547,0.02857142857142857,0.028125000041743207,-1.1556002335599835e-10,0.00044642841412534037,0.034482758620689655,0.2,0.0,1,incoming_final_layer_mean_head_attention_mass,003ea3c2eeda70c6a07ad8964d7a6d2b57dce076e05956dae73bcb88aea0f636,28c2715fbc9b16a75dc7e849a907a807c5097918ff49a92fd0b76583533998a8,87c0cf2e0f6e4cf5cf1ed4a0f6eb27af0115a73f61e811e17185afa0d20e738e
db46035c8bb13484,late,proof:db46035c8bb13484:7b8535d6ff619255965a172c,23,immediate_win|winning_line,ProofSupportedGeometry,edge,60,897e41795fa2ff26e0355378cf8a5167b375d14ef03f185ae2be39fb7c1c6286,0.028571428402650114,0.02857142857142857,0.027813304441031306,-1.6877845648854972e-10,0.0007581239616188083,0.07513166524764155,0.5593607305936074,0.16666666666666666,6,incoming_final_layer_mean_head_attention_mass,003ea3c2eeda70c6a07ad8964d7a6d2b57dce076e05956dae73bcb88aea0f636,28c2715fbc9b16a75dc7e849a907a807c5097918ff49a92fd0b76583533998a8,87c0cf2e0f6e4cf5cf1ed4a0f6eb27af0115a73f61e811e17185afa0d20e738e
868e275bc02ed9aa,late,proof:868e275bc02ed9aa:14456de8421d112d4c41706a,22,immediate_win|winning_line,WinningThreat,edge,60,897e41795fa2ff26e0355378cf8a5167b375d14ef03f185ae2be39fb7c1c6286,0.024706840941836956,0.025,0.026303733974332076,-0.000293159058163045,-0.0015968930324951197,0.025054380206799995,0.39345509893455094,0.0,6,incoming_final_layer_mean_head_attention_mass,379afc56f69b09659c7e71ad96fb4818e733af18bd2b39e80c43ae19c3eac6f7,28c2715fbc9b16a75dc7e849a907a807c5097918ff49a92fd0b76583533998a8,87c0cf2e0f6e4cf5cf1ed4a0f6eb27af0115a73f61e811e17185afa0d20e738e
868e275bc02ed9aa,late,proof:868e275bc02ed9aa:14456de8421d112d4c41706a,22,immediate_win|winning_line,TacticalLineWindow,edge,60,897e41795fa2ff26e0355378cf8a5167b375d14ef03f185ae2be39fb7c1c6286,0.024706840941836956,0.025,0.02756444931136381,-0.000293159058163045,-0.0028576083695268546,0.025054380206799995,0.39345509893455094,0.0,6,incoming_final_layer_mean_head_attention_mass,379afc56f69b09659c7e71ad96fb4818e733af18bd2b39e80c43ae19c3eac6f7,28c2715fbc9b16a75dc7e849a907a807c5097918ff49a92fd0b76583533998a8,87c0cf2e0f6e4cf5cf1ed4a0f6eb27af0115a73f61e811e17185afa0d20e738e
868e275bc02ed9aa,late,proof:868e275bc02ed9aa:14456de8421d112d4c41706a,22,immediate_win|winning_line,CompletionCell,node,60,897e41795fa2ff26e0355378cf8a5167b375d14ef03f185ae2be39fb7c1c6286,0.028571428617424503,0.02857142857142857,0.027232142870215824,4.5995932757003644e-11,0.0013392857472086794,0.1,0.7428571428571429,0.0,1,incoming_final_layer_mean_head_attention_mass,379afc56f69b09659c7e71ad96fb4818e733af18bd2b39e80c43ae19c3eac6f7,28c2715fbc9b16a75dc7e849a907a807c5097918ff49a92fd0b76583533998a8,87c0cf2e0f6e4cf5cf1ed4a0f6eb27af0115a73f61e811e17185afa0d20e738e
868e275bc02ed9aa,late,proof:868e275bc02ed9aa:14456de8421d112d4c41706a,22,immediate_win|winning_line,ProofSupportedGeometry,edge,60,897e41795fa2ff26e0355378cf8a5167b375d14ef03f185ae2be39fb7c1c6286,0.024706840941836956,0.025,0.026790777074841867,-0.000293159058163045,-0.0020839361330049107,0.025054380206799995,0.39345509893455094,0.0,6,incoming_final_layer_mean_head_attention_mass,379afc56f69b09659c7e71ad96fb4818e733af18bd2b39e80c43ae19c3eac6f7,28c2715fbc9b16a75dc7e849a907a807c5097918ff49a92fd0b76583533998a8,87c0cf2e0f6e4cf5cf1ed4a0f6eb27af0115a73f61e811e17185afa0d20e738e
868e275bc02ed9aa,late,proof:868e275bc02ed9aa:d027b22deb886d45e058f048,0,mandatory_block,WinningThreat,edge,60,897e41795fa2ff26e0355378cf8a5167b375d14ef03f185ae2be39fb7c1c6286,0.049638933104428455,0.05,0.0553360366297629,-0.00036106689557154764,-0.005697103525334445,0.04665905807186749,0.40639269406392703,0.0,12,incoming_final_layer_mean_head_attention_mass,5209d6c2bc8e46bf8809e7293b980baab63486967a1a2c3a3b9a78027e7a484d,28c2715fbc9b16a75dc7e849a907a807c5097918ff49a92fd0b76583533998a8,87c0cf2e0f6e4cf5cf1ed4a0f6eb27af0115a73f61e811e17185afa0d20e738e
868e275bc02ed9aa,late,proof:868e275bc02ed9aa:d027b22deb886d45e058f048,0,mandatory_block,TacticalLineWindow,edge,60,897e41795fa2ff26e0355378cf8a5167b375d14ef03f185ae2be39fb7c1c6286,0.024932092162591502,0.025,0.027665376897385144,-6.790783740849918e-05,-0.0027332847347936416,0.02691471581906992,0.41933028919330284,0.0,6,incoming_final_layer_mean_head_attention_mass,5209d6c2bc8e46bf8809e7293b980baab63486967a1a2c3a3b9a78027e7a484d,28c2715fbc9b16a75dc7e849a907a807c5097918ff49a92fd0b76583533998a8,87c0cf2e0f6e4cf5cf1ed4a0f6eb27af0115a73f61e811e17185afa0d20e738e
868e275bc02ed9aa,late,proof:868e275bc02ed9aa:d027b22deb886d45e058f048,0,mandatory_block,CompletionCell,node,60,897e41795fa2ff26e0355378cf8a5167b375d14ef03f185ae2be39fb7c1c6286,0.05000000000066523,0.05,0.05491071429719545,6.652248196736821e-13,-0.004910714296530221,0.0803030303030303,0.4142857142857143,0.0,2,incoming_final_layer_mean_head_attention_mass,5209d6c2bc8e46bf8809e7293b980baab63486967a1a2c3a3b9a78027e7a484d,28c2715fbc9b16a75dc7e849a907a807c5097918ff49a92fd0b76583533998a8,87c0cf2e0f6e4cf5cf1ed4a0f6eb27af0115a73f61e811e17185afa0d20e738e
868e275bc02ed9aa,late,proof:868e275bc02ed9aa:d027b22deb886d45e058f048,0,mandatory_block,ForcedResponse,node,60,897e41795fa2ff26e0355378cf8a5167b375d14ef03f185ae2be39fb7c1c6286,0.021428571383240728,0.02142857142857143,0.027678571429890008,-4.533070099843606e-11,-0.00625000004664928,0.030303030303030304,0.08571428571428572,0.0,1,incoming_final_layer_mean_head_attention_mass,5209d6c2bc8e46bf8809e7293b980baab63486967a1a2c3a3b9a78027e7a484d,28c2715fbc9b16a75dc7e849a907a807c5097918ff49a92fd0b76583533998a8,87c0cf2e0f6e4cf5cf1ed4a0f6eb27af0115a73f61e811e17185afa0d20e738e
868e275bc02ed9aa,late,proof:868e275bc02ed9aa:d027b22deb886d45e058f048,0,mandatory_block,BlockingMove,node,60,897e41795fa2ff26e0355378cf8a5167b375d14ef03f185ae2be39fb7c1c6286,0.021428571383240728,0.02142857142857143,0.027678571429058472,-4.533070099843606e-11,-0.006250000045817744,0.030303030303030304,0.08571428571428572,0.0,1,incoming_final_layer_mean_head_attention_mass,5209d6c2bc8e46bf8809e7293b980baab63486967a1a2c3a3b9a78027e7a484d,28c2715fbc9b16a75dc7e849a907a807c5097918ff49a92fd0b76583533998a8,87c0cf2e0f6e4cf5cf1ed4a0f6eb27af0115a73f61e811e17185afa0d20e738e
868e275bc02ed9aa,late,proof:868e275bc02ed9aa:d027b22deb886d45e058f048,0,mandatory_block,ProofSupportedGeometry,edge,60,897e41795fa2ff26e0355378cf8a5167b375d14ef03f185ae2be39fb7c1c6286,0.024932092162591502,0.025,0.027759043564172622,-6.790783740849918e-05,-0.00282695140158112,0.02691471581906992,0.41933028919330284,0.0,6,incoming_final_layer_mean_head_attention_mass,5209d6c2bc8e46bf8809e7293b980baab63486967a1a2c3a3b9a78027e7a484d,28c2715fbc9b16a75dc7e849a907a807c5097918ff49a92fd0b76583533998a8,87c0cf2e0f6e4cf5cf1ed4a0f6eb27af0115a73f61e811e17185afa0d20e738e
33ddae0fd74c1095,late,proof:33ddae0fd74c1095:2c9daa79abf6399e87928c04,23,mandatory_block,WinningThreat,edge,60,897e41795fa2ff26e0355378cf8a5167b375d14ef03f185ae2be39fb7c1c6286,0.024439193310197543,0.025,0.027312229359983703,-0.0005608066898024587,-0.0028730360497861603,0.026018013997121763,0.378234398782344,0.0,6,incoming_final_layer_mean_head_attention_mass,9187e19dd34414984fdd014707039872bbd1ace367e30e5e58022a66d3b9554c,28c2715fbc9b16a75dc7e849a907a807c5097918ff49a92fd0b76583533998a8,87c0cf2e0f6e4cf5cf1ed4a0f6eb27af0115a73f61e811e17185afa0d20e738e
33ddae0fd74c1095,late,proof:33ddae0fd74c1095:2c9daa79abf6399e87928c04,23,mandatory_block,TacticalLineWindow,edge,60,897e41795fa2ff26e0355378cf8a5167b375d14ef03f185ae2be39fb7c1c6286,0.024439193310197543,0.025,0.026859982567920784,-0.0005608066898024587,-0.0024207892577232416,0.026018013997121763,0.378234398782344,0.0,6,incoming_final_layer_mean_head_attention_mass,9187e19dd34414984fdd014707039872bbd1ace367e30e5e58022a66d3b9554c,28c2715fbc9b16a75dc7e849a907a807c5097918ff49a92fd0b76583533998a8,87c0cf2e0f6e4cf5cf1ed4a0f6eb27af0115a73f61e811e17185afa0d20e738e
33ddae0fd74c1095,late,proof:33ddae0fd74c1095:2c9daa79abf6399e87928c04,23,mandatory_block,CompletionCell,node,60,897e41795fa2ff26e0355378cf8a5167b375d14ef03f185ae2be39fb7c1c6286,0.028571428617804633,0.02857142857142857,0.027232142848958148,4.637606271229444e-11,0.0013392857688464856,0.08333333333333333,0.6857142857142857,0.0,1,incoming_final_layer_mean_head_attention_mass,9187e19dd34414984fdd014707039872bbd1ace367e30e5e58022a66d3b9554c,28c2715fbc9b16a75dc7e849a907a807c5097918ff49a92fd0b76583533998a8,87c0cf2e0f6e4cf5cf1ed4a0f6eb27af0115a73f61e811e17185afa0d20e738e
33ddae0fd74c1095,late,proof:33ddae0fd74c1095:2c9daa79abf6399e87928c04,23,mandatory_block,ForcedResponse,node,60,897e41795fa2ff26e0355378cf8a5167b375d14ef03f185ae2be39fb7c1c6286,0.028571428617804633,0.02857142857142857,0.027232142888040434,4.637606271229444e-11,0.0013392857297641995,0.08333333333333333,0.6857142857142857,0.0,1,incoming_final_layer_mean_head_attention_mass,9187e19dd34414984fdd014707039872bbd1ace367e30e5e58022a66d3b9554c,28c2715fbc9b16a75dc7e849a907a807c5097918ff49a92fd0b76583533998a8,87c0cf2e0f6e4cf5cf1ed4a0f6eb27af0115a73f61e811e17185afa0d20e738e
33ddae0fd74c1095,late,proof:33ddae0fd74c1095:2c9daa79abf6399e87928c04,23,mandatory_block,BlockingMove,node,60,897e41795fa2ff26e0355378cf8a5167b375d14ef03f185ae2be39fb7c1c6286,0.028571428617804633,0.02857142857142857,0.028348214259384226,4.637606271229444e-11,0.0002232143584204073,0.08333333333333333,0.6857142857142857,0.0,1,incoming_final_layer_mean_head_attention_mass,9187e19dd34414984fdd014707039872bbd1ace367e30e5e58022a66d3b9554c,28c2715fbc9b16a75dc7e849a907a807c5097918ff49a92fd0b76583533998a8,87c0cf2e0f6e4cf5cf1ed4a0f6eb27af0115a73f61e811e17185afa0d20e738e
33ddae0fd74c1095,late,proof:33ddae0fd74c1095:2c9daa79abf6399e87928c04,23,mandatory_block,ProofSupportedGeometry,edge,60,897e41795fa2ff26e0355378cf8a5167b375d14ef03f185ae2be39fb7c1c6286,0.024439193310197543,0.025,0.02719617098108207,-0.0005608066898024587,-0.0027569776708845257,0.026018013997121763,0.378234398782344,0.0,6,incoming_final_layer_mean_head_attention_mass,9187e19dd34414984fdd014707039872bbd1ace367e30e5e58022a66d3b9554c,28c2715fbc9b16a75dc7e849a907a807c5097918ff49a92fd0b76583533998a8,87c0cf2e0f6e4cf5cf1ed4a0f6eb27af0115a73f61e811e17185afa0d20e738e
33ddae0fd74c1095,late,proof:33ddae0fd74c1095:7b8535d6ff619255965a172c,23,immediate_win|winning_line,WinningThreat,edge,60,897e41795fa2ff26e0355378cf8a5167b375d14ef03f185ae2be39fb7c1c6286,0.05301062176834688,0.05357142857142857,0.055683614874251844,-0.0005608068030816885,-0.002672993105904964,0.07210850215496538,0.4687975646879757,0.08333333333333333,12,incoming_final_layer_mean_head_attention_mass,c055e845674e6c62d79b30e9b6b5693eb20d6c4a794b45818a859fc3cf7bd0c8,28c2715fbc9b16a75dc7e849a907a807c5097918ff49a92fd0b76583533998a8,87c0cf2e0f6e4cf5cf1ed4a0f6eb27af0115a73f61e811e17185afa0d20e738e
33ddae0fd74c1095,late,proof:33ddae0fd74c1095:7b8535d6ff619255965a172c,23,immediate_win|winning_line,TacticalLineWindow,edge,60,897e41795fa2ff26e0355378cf8a5167b375d14ef03f185ae2be39fb7c1c6286,0.028571428458149337,0.02857142857142857,0.025456632233562107,-1.1327923321591271e-10,0.0031147962245872303,0.0732389051230919,0.5593607305936074,0.16666666666666666,6,incoming_final_layer_mean_head_attention_mass,c055e845674e6c62d79b30e9b6b5693eb20d6c4a794b45818a859fc3cf7bd0c8,28c2715fbc9b16a75dc7e849a907a807c5097918ff49a92fd0b76583533998a8,87c0cf2e0f6e4cf5cf1ed4a0f6eb27af0115a73f61e811e17185afa0d20e738e
33ddae0fd74c1095,late,proof:33ddae0fd74c1095:7b8535d6ff619255965a172c,23,immediate_win|winning_line,CompletionCell,node,60,897e41795fa2ff26e0355378cf8a5167b375d14ef03f185ae2be39fb7c1c6286,0.028571428617804633,0.02857142857142857,0.027901785718829474,4.637606271229444e-11,0.0006696428989751597,0.08333333333333333,0.6857142857142857,0.0,1,incoming_final_layer_mean_head_attention_mass,c055e845674e6c62d79b30e9b6b5693eb20d6c4a794b45818a859fc3cf7bd0c8,28c2715fbc9b16a75dc7e849a907a807c5097918ff49a92fd0b76583533998a8,87c0cf2e0f6e4cf5cf1ed4a0f6eb27af0115a73f61e811e17185afa0d20e738e
33ddae0fd74c1095,late,proof:33ddae0fd74c1095:7b8535d6ff619255965a172c,23,immediate_win|winning_line,ForcedResponse,node,60,897e41795fa2ff26e0355378cf8a5167b375d14ef03f185ae2be39fb7c1c6286,0.028571428617804633,0.02857142857142857,0.02700892857868077,4.637606271229444e-11,0.0015625000391238618,0.08333333333333333,0.6857142857142857,0.0,1,incoming_final_layer_mean_head_attention_mass,c055e845674e6c62d79b30e9b6b5693eb20d6c4a794b45818a859fc3cf7bd0c8,28c2715fbc9b16a75dc7e849a907a807c5097918ff49a92fd0b76583533998a8,87c0cf2e0f6e4cf5cf1ed4a0f6eb27af0115a73f61e811e17185afa0d20e738e
33ddae0fd74c1095,late,proof:33ddae0fd74c1095:7b8535d6ff619255965a172c,23,immediate_win|winning_line,BlockingMove,node,60,897e41795fa2ff26e0355378cf8a5167b375d14ef03f185ae2be39fb7c1c6286,0.028571428617804633,0.02857142857142857,0.02812499998162301,4.637606271229444e-11,0.00044642863618162346,0.08333333333333333,0.6857142857142857,0.0,1,incoming_final_layer_mean_head_attention_mass,c055e845674e6c62d79b30e9b6b5693eb20d6c4a794b45818a859fc3cf7bd0c8,28c2715fbc9b16a75dc7e849a907a807c5097918ff49a92fd0b76583533998a8,87c0cf2e0f6e4cf5cf1ed4a0f6eb27af0115a73f61e811e17185afa0d20e738e
33ddae0fd74c1095,late,proof:33ddae0fd74c1095:7b8535d6ff619255965a172c,23,immediate_win|winning_line,ProofSupportedGeometry,edge,60,897e41795fa2ff26e0355378cf8a5167b375d14ef03f185ae2be39fb7c1c6286,0.028571428458149337,0.02857142857142857,0.026979446884108273,-1.1327923321591271e-10,0.001591981574041064,0.0732389051230919,0.5593607305936074,0.16666666666666666,6,incoming_final_layer_mean_head_attention_mass,c055e845674e6c62d79b30e9b6b5693eb20d6c4a794b45818a859fc3cf7bd0c8,28c2715fbc9b16a75dc7e849a907a807c5097918ff49a92fd0b76583533998a8,87c0cf2e0f6e4cf5cf1ed4a0f6eb27af0115a73f61e811e17185afa0d20e738e
461699d7bb412c04,late,proof:461699d7bb412c04:4fcfc00e74de960ce3d81edf,23,immediate_win|winning_line,WinningThreat,edge,60,897e41795fa2ff26e0355378cf8a5167b375d14ef03f185ae2be39fb7c1c6286,0.05333980439957593,0.05357142857142857,0.055790336805968406,-0.000231624171852636,-0.0024505324063924736,0.07365127215642624,0.47869101978691025,0.08333333333333333,12,incoming_final_layer_mean_head_attention_mass,667dfc065b374d806cb170369c30878d4825f24745e3235a6c827e25434a26f1,28c2715fbc9b16a75dc7e849a907a807c5097918ff49a92fd0b76583533998a8,87c0cf2e0f6e4cf5cf1ed4a0f6eb27af0115a73f61e811e17185afa0d20e738e
461699d7bb412c04,late,proof:461699d7bb412c04:4fcfc00e74de960ce3d81edf,23,immediate_win|winning_line,TacticalLineWindow,edge,60,897e41795fa2ff26e0355378cf8a5167b375d14ef03f185ae2be39fb7c1c6286,0.024768375744898524,0.025,0.027432099796903343,-0.00023162425510147786,-0.00266372405200482,0.02529025795281149,0.3980213089802131,0.0,6,incoming_final_layer_mean_head_attention_mass,667dfc065b374d806cb170369c30878d4825f24745e3235a6c827e25434a26f1,28c2715fbc9b16a75dc7e849a907a807c5097918ff49a92fd0b76583533998a8,87c0cf2e0f6e4cf5cf1ed4a0f6eb27af0115a73f61e811e17185afa0d20e738e
461699d7bb412c04,late,proof:461699d7bb412c04:4fcfc00e74de960ce3d81edf,23,immediate_win|winning_line,CompletionCell,node,60,897e41795fa2ff26e0355378cf8a5167b375d14ef03f185ae2be39fb7c1c6286,0.02857142854824054,0.02857142857142857,0.027678571452674154,-2.318803135614722e-11,0.000892857095566385,0.05555555555555555,0.5142857142857142,0.0,1,incoming_final_layer_mean_head_attention_mass,667dfc065b374d806cb170369c30878d4825f24745e3235a6c827e25434a26f1,28c2715fbc9b16a75dc7e849a907a807c5097918ff49a92fd0b76583533998a8,87c0cf2e0f6e4cf5cf1ed4a0f6eb27af0115a73f61e811e17185afa0d20e738e
461699d7bb412c04,late,proof:461699d7bb412c04:4fcfc00e74de960ce3d81edf,23,immediate_win|winning_line,ForcedResponse,node,60,897e41795fa2ff26e0355378cf8a5167b375d14ef03f185ae2be39fb7c1c6286,0.02857142854824054,0.02857142857142857,0.02812500001168311,-2.318803135614722e-11,0.00044642853655742915,0.05555555555555555,0.5142857142857142,0.0,1,incoming_final_layer_mean_head_attention_mass,667dfc065b374d806cb170369c30878d4825f24745e3235a6c827e25434a26f1,28c2715fbc9b16a75dc7e849a907a807c5097918ff49a92fd0b76583533998a8,87c0cf2e0f6e4cf5cf1ed4a0f6eb27af0115a73f61e811e17185afa0d20e738e
461699d7bb412c04,late,proof:461699d7bb412c04:4fcfc00e74de960ce3d81edf,23,immediate_win|winning_line,BlockingMove,node,60,897e41795fa2ff26e0355378cf8a5167b375d14ef03f185ae2be39fb7c1c6286,0.02857142854824054,0.02857142857142857,0.02790178569579884,-2.318803135614722e-11,0.0006696428524416986,0.05555555555555555,0.5142857142857142,0.0,1,incoming_final_layer_mean_head_attention_mass,667dfc065b374d806cb170369c30878d4825f24745e3235a6c827e25434a26f1,28c2715fbc9b16a75dc7e849a907a807c5097918ff49a92fd0b76583533998a8,87c0cf2e0f6e4cf5cf1ed4a0f6eb27af0115a73f61e811e17185afa0d20e738e
461699d7bb412c04,late,proof:461699d7bb412c04:4fcfc00e74de960ce3d81edf,23,immediate_win|winning_line,ProofSupportedGeometry,edge,60,897e41795fa2ff26e0355378cf8a5167b375d14ef03f185ae2be39fb7c1c6286,0.024768375744898524,0.025,0.026921749225771365,-0.00023162425510147786,-0.0021533734808728416,0.02529025795281149,0.3980213089802131,0.0,6,incoming_final_layer_mean_head_attention_mass,667dfc065b374d806cb170369c30878d4825f24745e3235a6c827e25434a26f1,28c2715fbc9b16a75dc7e849a907a807c5097918ff49a92fd0b76583533998a8,87c0cf2e0f6e4cf5cf1ed4a0f6eb27af0115a73f61e811e17185afa0d20e738e
461699d7bb412c04,late,proof:461699d7bb412c04:9984890079b45dc1f2f8a0af,23,mandatory_block,WinningThreat,edge,60,897e41795fa2ff26e0355378cf8a5167b375d14ef03f185ae2be39fb7c1c6286,0.028571428654677405,0.02857142857142857,0.027056038548133224,8.324883490895552e-11,0.0015153901065441816,0.07646670593036893,0.5593607305936074,0.16666666666666666,6,incoming_final_layer_mean_head_attention_mass,fdf2f52caee69630c64deceff24154b700e2854bda225ff57d0d2cab76038d04,28c2715fbc9b16a75dc7e849a907a807c5097918ff49a92fd0b76583533998a8,87c0cf2e0f6e4cf5cf1ed4a0f6eb27af0115a73f61e811e17185afa0d20e738e
461699d7bb412c04,late,proof:461699d7bb412c04:9984890079b45dc1f2f8a0af,23,mandatory_block,TacticalLineWindow,edge,60,897e41795fa2ff26e0355378cf8a5167b375d14ef03f185ae2be39fb7c1c6286,0.028571428654677405,0.02857142857142857,0.028311730267153848,8.324883490895552e-11,0.00025969838752355756,0.07646670593036893,0.5593607305936074,0.16666666666666666,6,incoming_final_layer_mean_head_attention_mass,fdf2f52caee69630c64deceff24154b700e2854bda225ff57d0d2cab76038d04,28c2715fbc9b16a75dc7e849a907a807c5097918ff49a92fd0b76583533998a8,87c0cf2e0f6e4cf5cf1ed4a0f6eb27af0115a73f61e811e17185afa0d20e738e
461699d7bb412c04,late,proof:461699d7bb412c04:9984890079b45dc1f2f8a0af,23,mandatory_block,CompletionCell,node,60,897e41795fa2ff26e0355378cf8a5167b375d14ef03f185ae2be39fb7c1c6286,0.02857142854824054,0.02857142857142857,0.027678571443111463,-2.318803135614722e-11,0.000892857105129076,0.05555555555555555,0.5142857142857142,0.0,1,incoming_final_layer_mean_head_attention_mass,fdf2f52caee69630c64deceff24154b700e2854bda225ff57d0d2cab76038d04,28c2715fbc9b16a75dc7e849a907a807c5097918ff49a92fd0b76583533998a8,87c0cf2e0f6e4cf5cf1ed4a0f6eb27af0115a73f61e811e17185afa0d20e738e
461699d7bb412c04,late,proof:461699d7bb412c04:9984890079b45dc1f2f8a0af,23,mandatory_block,ForcedResponse,node,60,897e41795fa2ff26e0355378cf8a5167b375d14ef03f185ae2be39fb7c1c6286,0.02857142854824054,0.02857142857142857,0.02790178571326114,-2.318803135614722e-11,0.0006696428349793997,0.05555555555555555,0.5142857142857142,0.0,1,incoming_final_layer_mean_head_attention_mass,fdf2f52caee69630c64deceff24154b700e2854bda225ff57d0d2cab76038d04,28c2715fbc9b16a75dc7e849a907a807c5097918ff49a92fd0b76583533998a8,87c0cf2e0f6e4cf5cf1ed4a0f6eb27af0115a73f61e811e17185afa0d20e738e
461699d7bb412c04,late,proof:461699d7bb412c04:9984890079b45dc1f2f8a0af,23,mandatory_block,BlockingMove,node,60,897e41795fa2ff26e0355378cf8a5167b375d14ef03f185ae2be39fb7c1c6286,0.02857142854824054,0.02857142857142857,0.027678571430222627,-2.318803135614722e-11,0.0008928571180179118,0.05555555555555555,0.5142857142857142,0.0,1,incoming_final_layer_mean_head_attention_mass,fdf2f52caee69630c64deceff24154b700e2854bda225ff57d0d2cab76038d04,28c2715fbc9b16a75dc7e849a907a807c5097918ff49a92fd0b76583533998a8,87c0cf2e0f6e4cf5cf1ed4a0f6eb27af0115a73f61e811e17185afa0d20e738e
461699d7bb412c04,late,proof:461699d7bb412c04:9984890079b45dc1f2f8a0af,23,mandatory_block,ProofSupportedGeometry,edge,60,897e41795fa2ff26e0355378cf8a5167b375d14ef03f185ae2be39fb7c1c6286,0.028571428654677405,0.02857142857142857,0.026570666220560528,8.324883490895552e-11,0.0020007624341168775,0.07646670593036893,0.5593607305936074,0.16666666666666666,6,incoming_final_layer_mean_head_attention_mass,fdf2f52caee69630c64deceff24154b700e2854bda225ff57d0d2cab76038d04,28c2715fbc9b16a75dc7e849a907a807c5097918ff49a92fd0b76583533998a8,87c0cf2e0f6e4cf5cf1ed4a0f6eb27af0115a73f61e811e17185afa0d20e738e
071ab07e1e38a628,late,proof:071ab07e1e38a628:2c9daa79abf6399e87928c04,23,mandatory_block,WinningThreat,edge,60,897e41795fa2ff26e0355378cf8a5167b375d14ef03f185ae2be39fb7c1c6286,0.0245394666420464,0.025,0.028237782338720166,-0.00046053335795359987,-0.0036983156966737644,0.025369121531138017,0.3805175038051751,0.0,6,incoming_final_layer_mean_head_attention_mass,f7bf553d78f68b5b4278663f0ea9c4fdd361e17b0c8c929fc9ce4edf858602be,28c2715fbc9b16a75dc7e849a907a807c5097918ff49a92fd0b76583533998a8,87c0cf2e0f6e4cf5cf1ed4a0f6eb27af0115a73f61e811e17185afa0d20e738e
071ab07e1e38a628,late,proof:071ab07e1e38a628:2c9daa79abf6399e87928c04,23,mandatory_block,TacticalLineWindow,edge,60,897e41795fa2ff26e0355378cf8a5167b375d14ef03f185ae2be39fb7c1c6286,0.0245394666420464,0.025,0.0266759294507478,-0.00046053335795359987,-0.0021364628087013997,0.025369121531138017,0.3805175038051751,0.0,6,incoming_final_layer_mean_head_attention_mass,f7bf553d78f68b5b4278663f0ea9c4fdd361e17b0c8c929fc9ce4edf858602be,28c2715fbc9b16a75dc7e849a907a807c5097918ff49a92fd0b76583533998a8,87c0cf2e0f6e4cf5cf1ed4a0f6eb27af0115a73f61e811e17185afa0d20e738e
071ab07e1e38a628,late,proof:071ab07e1e38a628:2c9daa79abf6399e87928c04,23,mandatory_block,CompletionCell,node,60,897e41795fa2ff26e0355378cf8a5167b375d14ef03f185ae2be39fb7c1c6286,0.028571428472594338,0.02857142857142857,0.028348214287020987,-9.883423246481726e-11,0.00022321418557335118,0.038461538461538464,0.2857142857142857,0.0,1,incoming_final_layer_mean_head_attention_mass,f7bf553d78f68b5b4278663f0ea9c4fdd361e17b0c8c929fc9ce4edf858602be,28c2715fbc9b16a75dc7e849a907a807c5097918ff49a92fd0b76583533998a8,87c0cf2e0f6e4cf5cf1ed4a0f6eb27af0115a73f61e811e17185afa0d20e738e
071ab07e1e38a628,late,proof:071ab07e1e38a628:2c9daa79abf6399e87928c04,23,mandatory_block,ForcedResponse,node,60,897e41795fa2ff26e0355378cf8a5167b375d14ef03f185ae2be39fb7c1c6286,0.028571428472594338,0.02857142857142857,0.02790178569634825,-9.883423246481726e-11,0.0006696427762460898,0.038461538461538464,0.2857142857142857,0.0,1,incoming_final_layer_mean_head_attention_mass,f7bf553d78f68b5b4278663f0ea9c4fdd361e17b0c8c929fc9ce4edf858602be,28c2715fbc9b16a75dc7e849a907a807c5097918ff49a92fd0b76583533998a8,87c0cf2e0f6e4cf5cf1ed4a0f6eb27af0115a73f61e811e17185afa0d20e738e
071ab07e1e38a628,late,proof:071ab07e1e38a628:2c9daa79abf6399e87928c04,23,mandatory_block,BlockingMove,node,60,897e41795fa2ff26e0355378cf8a5167b375d14ef03f185ae2be39fb7c1c6286,0.028571428472594338,0.02857142857142857,0.027232142845263745,-9.883423246481726e-11,0.0013392856273305928,0.038461538461538464,0.2857142857142857,0.0,1,incoming_final_layer_mean_head_attention_mass,f7bf553d78f68b5b4278663f0ea9c4fdd361e17b0c8c929fc9ce4edf858602be,28c2715fbc9b16a75dc7e849a907a807c5097918ff49a92fd0b76583533998a8,87c0cf2e0f6e4cf5cf1ed4a0f6eb27af0115a73f61e811e17185afa0d20e738e
071ab07e1e38a628,late,proof:071ab07e1e38a628:2c9daa79abf6399e87928c04,23,mandatory_block,ProofSupportedGeometry,edge,60,897e41795fa2ff26e0355378cf8a5167b375d14ef03f185ae2be39fb7c1c6286,0.0245394666420464,0.025,0.0277999619941893,-0.00046053335795359987,-0.003260495352142897,0.025369121531138017,0.3805175038051751,0.0,6,incoming_final_layer_mean_head_attention_mass,f7bf553d78f68b5b4278663f0ea9c4fdd361e17b0c8c929fc9ce4edf858602be,28c2715fbc9b16a75dc7e849a907a807c5097918ff49a92fd0b76583533998a8,87c0cf2e0f6e4cf5cf1ed4a0f6eb27af0115a73f61e811e17185afa0d20e738e
071ab07e1e38a628,late,proof:071ab07e1e38a628:7b8535d6ff619255965a172c,23,immediate_win|winning_line,WinningThreat,edge,60,897e41795fa2ff26e0355378cf8a5167b375d14ef03f185ae2be39fb7c1c6286,0.05311089548716977,0.05357142857142857,0.054073520854729856,-0.0004605330842588004,-0.0009626253675600882,0.07257477500106733,0.46993911719939124,0.08333333333333333,12,incoming_final_layer_mean_head_attention_mass,459586cff256f64ad27fdf3e552a29ee1e048e6d11b550e773fbb884926a2030,28c2715fbc9b16a75dc7e849a907a807c5097918ff49a92fd0b76583533998a8,87c0cf2e0f6e4cf5cf1ed4a0f6eb27af0115a73f61e811e17185afa0d20e738e
071ab07e1e38a628,late,proof:071ab07e1e38a628:7b8535d6ff619255965a172c,23,immediate_win|winning_line,TacticalLineWindow,edge,60,897e41795fa2ff26e0355378cf8a5167b375d14ef03f185ae2be39fb7c1c6286,0.02857142884512337,0.02857142857142857,0.027420371065176433,2.736947994630423e-10,0.0011510577799469374,0.07460519973014108,0.5593607305936072,0.16666666666666666,6,incoming_final_layer_mean_head_attention_mass,459586cff256f64ad27fdf3e552a29ee1e048e6d11b550e773fbb884926a2030,28c2715fbc9b16a75dc7e849a907a807c5097918ff49a92fd0b76583533998a8,87c0cf2e0f6e4cf5cf1ed4a0f6eb27af0115a73f61e811e17185afa0d20e738e
071ab07e1e38a628,late,proof:071ab07e1e38a628:7b8535d6ff619255965a172c,23,immediate_win|winning_line,CompletionCell,node,60,897e41795fa2ff26e0355378cf8a5167b375d14ef03f185ae2be39fb7c1c6286,0.028571428472594338,0.02857142857142857,0.027455357138937035,-9.883423246481726e-11,0.001116071333657303,0.038461538461538464,0.2857142857142857,0.0,1,incoming_final_layer_mean_head_attention_mass,459586cff256f64ad27fdf3e552a29ee1e048e6d11b550e773fbb884926a2030,28c2715fbc9b16a75dc7e849a907a807c5097918ff49a92fd0b76583533998a8,87c0cf2e0f6e4cf5cf1ed4a0f6eb27af0115a73f61e811e17185afa0d20e738e
071ab07e1e38a628,late,proof:071ab07e1e38a628:7b8535d6ff619255965a172c,23,immediate_win|winning_line,ForcedResponse,node,60,897e41795fa2ff26e0355378cf8a5167b375d14ef03f185ae2be39fb7c1c6286,0.028571428472594338,0.02857142857142857,0.027678571422631873,-9.883423246481726e-11,0.0008928570499624651,0.038461538461538464,0.2857142857142857,0.0,1,incoming_final_layer_mean_head_attention_mass,459586cff256f64ad27fdf3e552a29ee1e048e6d11b550e773fbb884926a2030,28c2715fbc9b16a75dc7e849a907a807c5097918ff49a92fd0b76583533998a8,87c0cf2e0f6e4cf5cf1ed4a0f6eb27af0115a73f61e811e17185afa0d20e738e
071ab07e1e38a628,late,proof:071ab07e1e38a628:7b8535d6ff619255965a172c,23,immediate_win|winning_line,BlockingMove,node,60,897e41795fa2ff26e0355378cf8a5167b375d14ef03f185ae2be39fb7c1c6286,0.028571428472594338,0.02857142857142857,0.02857142849421433,-9.883423246481726e-11,-2.161999052008312e-11,0.038461538461538464,0.2857142857142857,0.0,1,incoming_final_layer_mean_head_attention_mass,459586cff256f64ad27fdf3e552a29ee1e048e6d11b550e773fbb884926a2030,28c2715fbc9b16a75dc7e849a907a807c5097918ff49a92fd0b76583533998a8,87c0cf2e0f6e4cf5cf1ed4a0f6eb27af0115a73f61e811e17185afa0d20e738e
071ab07e1e38a628,late,proof:071ab07e1e38a628:7b8535d6ff619255965a172c,23,immediate_win|winning_line,ProofSupportedGeometry,edge,60,897e41795fa2ff26e0355378cf8a5167b375d14ef03f185ae2be39fb7c1c6286,0.02857142884512337,0.02857142857142857,0.028350799520405597,2.736947994630423e-10,0.00022062932471777347,0.07460519973014108,0.5593607305936072,0.16666666666666666,6,incoming_final_layer_mean_head_attention_mass,459586cff256f64ad27fdf3e552a29ee1e048e6d11b550e773fbb884926a2030,28c2715fbc9b16a75dc7e849a907a807c5097918ff49a92fd0b76583533998a8,87c0cf2e0f6e4cf5cf1ed4a0f6eb27af0115a73f61e811e17185afa0d20e738e
42accf704c38cba0,late,proof:42accf704c38cba0:4fcfc00e74de960ce3d81edf,23,immediate_win|winning_line,WinningThreat,edge,60,897e41795fa2ff26e0355378cf8a5167b375d14ef03f185ae2be39fb7c1c6286,0.05333980446060068,0.05357142857142857,0.05488245342117571,-0.00023162411082788825,-0.0015426489605750299,0.07391611845510795,0.47869101978691014,0.08333333333333333,12,incoming_final_layer_mean_head_attention_mass,8d34be825a32254dc174969c8cd67b8e9b18ea2c5048e19088931375c53b52c9,28c2715fbc9b16a75dc7e849a907a807c5097918ff49a92fd0b76583533998a8,87c0cf2e0f6e4cf5cf1ed4a0f6eb27af0115a73f61e811e17185afa0d20e738e
42accf704c38cba0,late,proof:42accf704c38cba0:4fcfc00e74de960ce3d81edf,23,immediate_win|winning_line,TacticalLineWindow,edge,60,897e41795fa2ff26e0355378cf8a5167b375d14ef03f185ae2be39fb7c1c6286,0.024768375748523395,0.025,0.02746914509004039,-0.00023162425147660662,-0.002700769341516994,0.025251153799013087,0.3980213089802131,0.0,6,incoming_final_layer_mean_head_attention_mass,8d34be825a32254dc174969c8cd67b8e9b18ea2c5048e19088931375c53b52c9,28c2715fbc9b16a75dc7e849a907a807c5097918ff49a92fd0b76583533998a8,87c0cf2e0f6e4cf5cf1ed4a0f6eb27af0115a73f61e811e17185afa0d20e738e
42accf704c38cba0,late,proof:42accf704c38cba0:4fcfc00e74de960ce3d81edf,23,immediate_win|winning_line,CompletionCell,node,60,897e41795fa2ff26e0355378cf8a5167b375d14ef03f185ae2be39fb7c1c6286,0.02857142855242199,0.02857142857142857,0.02812499998711116,-1.9006581031266734e-11,0.0004464285653108281,0.05555555555555555,0.5142857142857142,0.0,1,incoming_final_layer_mean_head_attention_mass,8d34be825a32254dc174969c8cd67b8e9b18ea2c5048e19088931375c53b52c9,28c2715fbc9b16a75dc7e849a907a807c5097918ff49a92fd0b76583533998a8,87c0cf2e0f6e4cf5cf1ed4a0f6eb27af0115a73f61e811e17185afa0d20e738e
42accf704c38cba0,late,proof:42accf704c38cba0:4fcfc00e74de960ce3d81edf,23,immediate_win|winning_line,ForcedResponse,node,60,897e41795fa2ff26e0355378cf8a5167b375d14ef03f185ae2be39fb7c1c6286,0.02857142855242199,0.02857142857142857,0.0279017857198392,-1.9006581031266734e-11,0.000669642832582789,0.05555555555555555,0.5142857142857142,0.0,1,incoming_final_layer_mean_head_attention_mass,8d34be825a32254dc174969c8cd67b8e9b18ea2c5048e19088931375c53b52c9,28c2715fbc9b16a75dc7e849a907a807c5097918ff49a92fd0b76583533998a8,87c0cf2e0f6e4cf5cf1ed4a0f6eb27af0115a73f61e811e17185afa0d20e738e
42accf704c38cba0,late,proof:42accf704c38cba0:4fcfc00e74de960ce3d81edf,23,immediate_win|winning_line,BlockingMove,node,60,897e41795fa2ff26e0355378cf8a5167b375d14ef03f185ae2be39fb7c1c6286,0.02857142855242199,0.02857142857142857,0.02790178571900766,-1.9006581031266734e-11,0.0006696428334143287,0.05555555555555555,0.5142857142857142,0.0,1,incoming_final_layer_mean_head_attention_mass,8d34be825a32254dc174969c8cd67b8e9b18ea2c5048e19088931375c53b52c9,28c2715fbc9b16a75dc7e849a907a807c5097918ff49a92fd0b76583533998a8,87c0cf2e0f6e4cf5cf1ed4a0f6eb27af0115a73f61e811e17185afa0d20e738e
42accf704c38cba0,late,proof:42accf704c38cba0:4fcfc00e74de960ce3d81edf,23,immediate_win|winning_line,ProofSupportedGeometry,edge,60,897e41795fa2ff26e0355378cf8a5167b375d14ef03f185ae2be39fb7c1c6286,0.024768375748523395,0.025,0.028075732677026965,-0.00023162425147660662,-0.00330735692850357,0.025251153799013087,0.3980213089802131,0.0,6,incoming_final_layer_mean_head_attention_mass,8d34be825a32254dc174969c8cd67b8e9b18ea2c5048e19088931375c53b52c9,28c2715fbc9b16a75dc7e849a907a807c5097918ff49a92fd0b76583533998a8,87c0cf2e0f6e4cf5cf1ed4a0f6eb27af0115a73f61e811e17185afa0d20e738e
42accf704c38cba0,late,proof:42accf704c38cba0:9984890079b45dc1f2f8a0af,23,mandatory_block,WinningThreat,edge,60,897e41795fa2ff26e0355378cf8a5167b375d14ef03f185ae2be39fb7c1c6286,0.028571428712077285,0.02857142857142857,0.027438423874097194,1.4064871489694042e-10,0.0011330048379800915,0.07709197081735632,0.5593607305936074,0.16666666666666666,6,incoming_final_layer_mean_head_attention_mass,4ba7e3bf2ca7d20ba100a517e5bb5f3c8720e871f26e41316682959690644a37,28c2715fbc9b16a75dc7e849a907a807c5097918ff49a92fd0b76583533998a8,87c0cf2e0f6e4cf5cf1ed4a0f6eb27af0115a73f61e811e17185afa0d20e738e
42accf704c38cba0,late,proof:42accf704c38cba0:9984890079b45dc1f2f8a0af,23,mandatory_block,TacticalLineWindow,edge,60,897e41795fa2ff26e0355378cf8a5167b375d14ef03f185ae2be39fb7c1c6286,0.028571428712077285,0.02857142857142857,0.026345492882723594,1.4064871489694042e-10,0.0022259358293536917,0.07709197081735632,0.5593607305936074,0.16666666666666666,6,incoming_final_layer_mean_head_attention_mass,4ba7e3bf2ca7d20ba100a517e5bb5f3c8720e871f26e41316682959690644a37,28c2715fbc9b16a75dc7e849a907a807c5097918ff49a92fd0b76583533998a8,87c0cf2e0f6e4cf5cf1ed4a0f6eb27af0115a73f61e811e17185afa0d20e738e
42accf704c38cba0,late,proof:42accf704c38cba0:9984890079b45dc1f2f8a0af,23,mandatory_block,CompletionCell,node,60,897e41795fa2ff26e0355378cf8a5167b375d14ef03f185ae2be39fb7c1c6286,0.02857142855242199,0.02857142857142857,0.027678571425958025,-1.9006581031266734e-11,0.0008928571264639647,0.05555555555555555,0.5142857142857142,0.0,1,incoming_final_layer_mean_head_attention_mass,4ba7e3bf2ca7d20ba100a517e5bb5f3c8720e871f26e41316682959690644a37,28c2715fbc9b16a75dc7e849a907a807c5097918ff49a92fd0b76583533998a8,87c0cf2e0f6e4cf5cf1ed4a0f6eb27af0115a73f61e811e17185afa0d20e738e
42accf704c38cba0,late,proof:42accf704c38cba0:9984890079b45dc1f2f8a0af,23,mandatory_block,ForcedResponse,node,60,897e41795fa2ff26e0355378cf8a5167b375d14ef03f185ae2be39fb7c1c6286,0.02857142855242199,0.02857142857142857,0.02834821428515003,-1.9006581031266734e-11,0.00022321426727196086,0.05555555555555555,0.5142857142857142,0.0,1,incoming_final_layer_mean_head_attention_mass,4ba7e3bf2ca7d20ba100a517e5bb5f3c8720e871f26e41316682959690644a37,28c2715fbc9b16a75dc7e849a907a807c5097918ff49a92fd0b76583533998a8,87c0cf2e0f6e4cf5cf1ed4a0f6eb27af0115a73f61e811e17185afa0d20e738e
42accf704c38cba0,late,proof:42accf704c38cba0:9984890079b45dc1f2f8a0af,23,mandatory_block,BlockingMove,node,60,897e41795fa2ff26e0355378cf8a5167b375d14ef03f185ae2be39fb7c1c6286,0.02857142855242199,0.02857142857142857,0.027678571411821878,-1.9006581031266734e-11,0.0008928571406001118,0.05555555555555555,0.5142857142857142,0.0,1,incoming_final_layer_mean_head_attention_mass,4ba7e3bf2ca7d20ba100a517e5bb5f3c8720e871f26e41316682959690644a37,28c2715fbc9b16a75dc7e849a907a807c5097918ff49a92fd0b76583533998a8,87c0cf2e0f6e4cf5cf1ed4a0f6eb27af0115a73f61e811e17185afa0d20e738e
42accf704c38cba0,late,proof:42accf704c38cba0:9984890079b45dc1f2f8a0af,23,mandatory_block,ProofSupportedGeometry,edge,60,897e41795fa2ff26e0355378cf8a5167b375d14ef03f185ae2be39fb7c1c6286,0.028571428712077285,0.02857142857142857,0.027012664079990326,1.4064871489694042e-10,0.0015587646320869598,0.07709197081735632,0.5593607305936074,0.16666666666666666,6,incoming_final_layer_mean_head_attention_mass,4ba7e3bf2ca7d20ba100a517e5bb5f3c8720e871f26e41316682959690644a37,28c2715fbc9b16a75dc7e849a907a807c5097918ff49a92fd0b76583533998a8,87c0cf2e0f6e4cf5cf1ed4a0f6eb27af0115a73f61e811e17185afa0d20e738e
c10ec77ff32ffa91,late,proof:c10ec77ff32ffa91:7b8535d6ff619255965a172c,23,immediate_win|winning_line,WinningThreat,edge,60,897e41795fa2ff26e0355378cf8a5167b375d14ef03f185ae2be39fb7c1c6286,0.028571428615523843,0.02857142857142857,0.027445828037752903,4.40952725722088e-11,0.0011256005777709396,0.07469300663634518,0.5593607305936074,0.16666666666666666,6,incoming_final_layer_mean_head_attention_mass,8c85d93f69d9d2eaf333b866f31886ed0d65c40ef442da89801fc512c06b160b,28c2715fbc9b16a75dc7e849a907a807c5097918ff49a92fd0b76583533998a8,87c0cf2e0f6e4cf5cf1ed4a0f6eb27af0115a73f61e811e17185afa0d20e738e
c10ec77ff32ffa91,late,proof:c10ec77ff32ffa91:7b8535d6ff619255965a172c,23,immediate_win|winning_line,TacticalLineWindow,edge,60,897e41795fa2ff26e0355378cf8a5167b375d14ef03f185ae2be39fb7c1c6286,0.028571428615523843,0.02857142857142857,0.027226811705244394,4.40952725722088e-11,0.001344616910279449,0.07469300663634518,0.5593607305936074,0.16666666666666666,6,incoming_final_layer_mean_head_attention_mass,8c85d93f69d9d2eaf333b866f31886ed0d65c40ef442da89801fc512c06b160b,28c2715fbc9b16a75dc7e849a907a807c5097918ff49a92fd0b76583533998a8,87c0cf2e0f6e4cf5cf1ed4a0f6eb27af0115a73f61e811e17185afa0d20e738e
c10ec77ff32ffa91,late,proof:c10ec77ff32ffa91:7b8535d6ff619255965a172c,23,immediate_win|winning_line,CompletionCell,node,60,897e41795fa2ff26e0355378cf8a5167b375d14ef03f185ae2be39fb7c1c6286,0.02857142850908698,0.02857142857142857,0.027678571443016435,-6.234159022344699e-11,0.0008928570660705452,0.038461538461538464,0.2857142857142857,0.0,1,incoming_final_layer_mean_head_attention_mass,8c85d93f69d9d2eaf333b866f31886ed0d65c40ef442da89801fc512c06b160b,28c2715fbc9b16a75dc7e849a907a807c5097918ff49a92fd0b76583533998a8,87c0cf2e0f6e4cf5cf1ed4a0f6eb27af0115a73f61e811e17185afa0d20e738e
c10ec77ff32ffa91,late,proof:c10ec77ff32ffa91:7b8535d6ff619255965a172c,23,immediate_win|winning_line,ProofSupportedGeometry,edge,60,897e41795fa2ff26e0355378cf8a5167b375d14ef03f185ae2be39fb7c1c6286,0.028571428615523843,0.02857142857142857,0.02762091211491794,4.40952725722088e-11,0.0009505165006059024,0.07469300663634518,0.5593607305936074,0.16666666666666666,6,incoming_final_layer_mean_head_attention_mass,8c85d93f69d9d2eaf333b866f31886ed0d65c40ef442da89801fc512c06b160b,28c2715fbc9b16a75dc7e849a907a807c5097918ff49a92fd0b76583533998a8,87c0cf2e0f6e4cf5cf1ed4a0f6eb27af0115a73f61e811e17185afa0d20e738e
54793d67d9944eb8,late,proof:54793d67d9944eb8:4fcfc00e74de960ce3d81edf,23,immediate_win|winning_line,WinningThreat,edge,60,897e41795fa2ff26e0355378cf8a5167b375d14ef03f185ae2be39fb7c1c6286,0.024768375743909925,0.025,0.027941949936949984,-0.00023162425609007595,-0.003173574193040058,0.025319780792181622,0.4018264840182648,0.0,6,incoming_final_layer_mean_head_attention_mass,b21449fe8dfff88a6668f04c8d09448b278019cf89174a6c6a2d20dd952ccd24,28c2715fbc9b16a75dc7e849a907a807c5097918ff49a92fd0b76583533998a8,87c0cf2e0f6e4cf5cf1ed4a0f6eb27af0115a73f61e811e17185afa0d20e738e
54793d67d9944eb8,late,proof:54793d67d9944eb8:4fcfc00e74de960ce3d81edf,23,immediate_win|winning_line,TacticalLineWindow,edge,60,897e41795fa2ff26e0355378cf8a5167b375d14ef03f185ae2be39fb7c1c6286,0.024768375743909925,0.025,0.027508265209809625,-0.00023162425609007595,-0.0027398894658996996,0.025319780792181622,0.4018264840182648,0.0,6,incoming_final_layer_mean_head_attention_mass,b21449fe8dfff88a6668f04c8d09448b278019cf89174a6c6a2d20dd952ccd24,28c2715fbc9b16a75dc7e849a907a807c5097918ff49a92fd0b76583533998a8,87c0cf2e0f6e4cf5cf1ed4a0f6eb27af0115a73f61e811e17185afa0d20e738e
54793d67d9944eb8,late,proof:54793d67d9944eb8:4fcfc00e74de960ce3d81edf,23,immediate_win|winning_line,CompletionCell,node,60,897e41795fa2ff26e0355378cf8a5167b375d14ef03f185ae2be39fb7c1c6286,0.028571428547100146,0.02857142857142857,0.027455357136109804,-2.4328424691466566e-11,0.0011160714109903422,0.05555555555555555,0.5142857142857142,0.0,1,incoming_final_layer_mean_head_attention_mass,b21449fe8dfff88a6668f04c8d09448b278019cf89174a6c6a2d20dd952ccd24,28c2715fbc9b16a75dc7e849a907a807c5097918ff49a92fd0b76583533998a8,87c0cf2e0f6e4cf5cf1ed4a0f6eb27af0115a73f61e811e17185afa0d20e738e
54793d67d9944eb8,late,proof:54793d67d9944eb8:4fcfc00e74de960ce3d81edf,23,immediate_win|winning_line,ProofSupportedGeometry,edge,60,897e41795fa2ff26e0355378cf8a5167b375d14ef03f185ae2be39fb7c1c6286,0.024768375743909925,0.025,0.028261590197765644,-0.00023162425609007595,-0.0034932144538557183,0.025319780792181622,0.4018264840182648,0.0,6,incoming_final_layer_mean_head_attention_mass,b21449fe8dfff88a6668f04c8d09448b278019cf89174a6c6a2d20dd952ccd24,28c2715fbc9b16a75dc7e849a907a807c5097918ff49a92fd0b76583533998a8,87c0cf2e0f6e4cf5cf1ed4a0f6eb27af0115a73f61e811e17185afa0d20e738e
54793d67d9944eb8,late,proof:54793d67d9944eb8:c22761b035c58d641b3f748e,18,immediate_win|winning_line,WinningThreat,edge,60,897e41795fa2ff26e0355378cf8a5167b375d14ef03f185ae2be39fb7c1c6286,0.02857142860031858,0.02857142857142857,0.02724623036429474,2.8890008441084802e-11,0.001325198236023839,0.04081288650468435,0.5350076103500762,0.0,6,incoming_final_layer_mean_head_attention_mass,9bdfec892dde5357949557cf33bd123b5537fc9fae337f7bcabf108b1bca9982,28c2715fbc9b16a75dc7e849a907a807c5097918ff49a92fd0b76583533998a8,87c0cf2e0f6e4cf5cf1ed4a0f6eb27af0115a73f61e811e17185afa0d20e738e
54793d67d9944eb8,late,proof:54793d67d9944eb8:c22761b035c58d641b3f748e,18,immediate_win|winning_line,TacticalLineWindow,edge,60,897e41795fa2ff26e0355378cf8a5167b375d14ef03f185ae2be39fb7c1c6286,0.02857142860031858,0.02857142857142857,0.02683164664820601,2.8890008441084802e-11,0.0017397819521125686,0.04081288650468435,0.5350076103500762,0.0,6,incoming_final_layer_mean_head_attention_mass,9bdfec892dde5357949557cf33bd123b5537fc9fae337f7bcabf108b1bca9982,28c2715fbc9b16a75dc7e849a907a807c5097918ff49a92fd0b76583533998a8,87c0cf2e0f6e4cf5cf1ed4a0f6eb27af0115a73f61e811e17185afa0d20e738e
54793d67d9944eb8,late,proof:54793d67d9944eb8:c22761b035c58d641b3f748e,18,immediate_win|winning_line,CompletionCell,node,60,897e41795fa2ff26e0355378cf8a5167b375d14ef03f185ae2be39fb7c1c6286,0.028571428759973875,0.02857142857142857,0.02767857141997095,1.8854530436929196e-10,0.0008928573400029255,0.2,0.8857142857142857,0.0,1,incoming_final_layer_mean_head_attention_mass,9bdfec892dde5357949557cf33bd123b5537fc9fae337f7bcabf108b1bca9982,28c2715fbc9b16a75dc7e849a907a807c5097918ff49a92fd0b76583533998a8,87c0cf2e0f6e4cf5cf1ed4a0f6eb27af0115a73f61e811e17185afa0d20e738e
54793d67d9944eb8,late,proof:54793d67d9944eb8:c22761b035c58d641b3f748e,18,immediate_win|winning_line,ProofSupportedGeometry,edge,60,897e41795fa2ff26e0355378cf8a5167b375d14ef03f185ae2be39fb7c1c6286,0.02857142860031858,0.02857142857142857,0.02767149583641472,2.8890008441084802e-11,0.0008999327639038594,0.04081288650468435,0.5350076103500762,0.0,6,incoming_final_layer_mean_head_attention_mass,9bdfec892dde5357949557cf33bd123b5537fc9fae337f7bcabf108b1bca9982,28c2715fbc9b16a75dc7e849a907a807c5097918ff49a92fd0b76583533998a8,87c0cf2e0f6e4cf5cf1ed4a0f6eb27af0115a73f61e811e17185afa0d20e738e
8f08729d2995a817,late,proof:8f08729d2995a817:0b63997f0daebb84cdb34739,21,immediate_win|winning_line,WinningThreat,edge,60,897e41795fa2ff26e0355378cf8a5167b375d14ef03f185ae2be39fb7c1c6286,0.024720842239427297,0.025,0.02809643090666262,-0.00027915776057270414,-0.0033755886672353214,0.03279261327823737,0.42237442922374435,0.0,6,incoming_final_layer_mean_head_attention_mass,ac0cb536e703ea527bfee59dd950a0a91406d1de28bf936ab7a1e72962d03ef4,28c2715fbc9b16a75dc7e849a907a807c5097918ff49a92fd0b76583533998a8,87c0cf2e0f6e4cf5cf1ed4a0f6eb27af0115a73f61e811e17185afa0d20e738e
8f08729d2995a817,late,proof:8f08729d2995a817:0b63997f0daebb84cdb34739,21,immediate_win|winning_line,TacticalLineWindow,edge,60,897e41795fa2ff26e0355378cf8a5167b375d14ef03f185ae2be39fb7c1c6286,0.024720842239427297,0.025,0.028041697527251948,-0.00027915776057270414,-0.0033208552878246506,0.03279261327823737,0.42237442922374435,0.0,6,incoming_final_layer_mean_head_attention_mass,ac0cb536e703ea527bfee59dd950a0a91406d1de28bf936ab7a1e72962d03ef4,28c2715fbc9b16a75dc7e849a907a807c5097918ff49a92fd0b76583533998a8,87c0cf2e0f6e4cf5cf1ed4a0f6eb27af0115a73f61e811e17185afa0d20e738e
8f08729d2995a817,late,proof:8f08729d2995a817:0b63997f0daebb84cdb34739,21,immediate_win|winning_line,CompletionCell,node,60,897e41795fa2ff26e0355378cf8a5167b375d14ef03f185ae2be39fb7c1c6286,0.028571428625407267,0.02857142857142857,0.02790178571793854,5.3978696512579916e-11,0.0006696429074687267,0.1,0.7428571428571429,0.0,1,incoming_final_layer_mean_head_attention_mass,ac0cb536e703ea527bfee59dd950a0a91406d1de28bf936ab7a1e72962d03ef4,28c2715fbc9b16a75dc7e849a907a807c5097918ff49a92fd0b76583533998a8,87c0cf2e0f6e4cf5cf1ed4a0f6eb27af0115a73f61e811e17185afa0d20e738e
8f08729d2995a817,late,proof:8f08729d2995a817:0b63997f0daebb84cdb34739,21,immediate_win|winning_line,ProofSupportedGeometry,edge,60,897e41795fa2ff26e0355378cf8a5167b375d14ef03f185ae2be39fb7c1c6286,0.024720842239427297,0.025,0.02788242755710181,-0.00027915776057270414,-0.003161585317674513,0.03279261327823737,0.42237442922374435,0.0,6,incoming_final_layer_mean_head_attention_mass,ac0cb536e703ea527bfee59dd950a0a91406d1de28bf936ab7a1e72962d03ef4,28c2715fbc9b16a75dc7e849a907a807c5097918ff49a92fd0b76583533998a8,87c0cf2e0f6e4cf5cf1ed4a0f6eb27af0115a73f61e811e17185afa0d20e738e
07e3a9d289c6178d,late,proof:07e3a9d289c6178d:08f42e4be92883d4301377f8,21,mandatory_block,WinningThreat,edge,60,897e41795fa2ff26e0355378cf8a5167b375d14ef03f185ae2be39fb7c1c6286,0.10017569959535454,0.1,0.10937902754084744,0.00017569959535453095,-0.009203327945492903,0.09380900484170417,0.432648401826484,0.08333333333333333,24,incoming_final_layer_mean_head_attention_mass,ccd47b57a78d9ff2b941385607790f7185e94d1bee2145950465046920dbc355,28c2715fbc9b16a75dc7e849a907a807c5097918ff49a92fd0b76583533998a8,87c0cf2e0f6e4cf5cf1ed4a0f6eb27af0115a73f61e811e17185afa0d20e738e
07e3a9d289c6178d,late,proof:07e3a9d289c6178d:08f42e4be92883d4301377f8,21,mandatory_block,TacticalLineWindow,edge,60,897e41795fa2ff26e0355378cf8a5167b375d14ef03f185ae2be39fb7c1c6286,0.0506917311420008,0.05,0.05444518932081377,0.000691731142000794,-0.0037534581788129726,0.05315595124262501,0.4516742770167428,0.0,12,incoming_final_layer_mean_head_attention_mass,ccd47b57a78d9ff2b941385607790f7185e94d1bee2145950465046920dbc355,28c2715fbc9b16a75dc7e849a907a807c5097918ff49a92fd0b76583533998a8,87c0cf2e0f6e4cf5cf1ed4a0f6eb27af0115a73f61e811e17185afa0d20e738e
07e3a9d289c6178d,late,proof:07e3a9d289c6178d:08f42e4be92883d4301377f8,21,mandatory_block,CompletionCell,node,60,897e41795fa2ff26e0355378cf8a5167b375d14ef03f185ae2be39fb7c1c6286,0.08571428592677931,0.08571428571428572,0.08437500007986923,2.1249359216657382e-10,0.0013392858469100793,0.2078477078477078,0.6666666666666666,0.3333333333333333,3,incoming_final_layer_mean_head_attention_mass,ccd47b57a78d9ff2b941385607790f7185e94d1bee2145950465046920dbc355,28c2715fbc9b16a75dc7e849a907a807c5097918ff49a92fd0b76583533998a8,87c0cf2e0f6e4cf5cf1ed4a0f6eb27af0115a73f61e811e17185afa0d20e738e
07e3a9d289c6178d,late,proof:07e3a9d289c6178d:08f42e4be92883d4301377f8,21,mandatory_block,ForcedResponse,node,60,897e41795fa2ff26e0355378cf8a5167b375d14ef03f185ae2be39fb7c1c6286,0.0285714285801716,0.02857142857142857,0.027232142821820314,8.743030605051771e-12,0.001339285758351287,0.07692307692307693,0.6571428571428571,0.0,1,incoming_final_layer_mean_head_attention_mass,ccd47b57a78d9ff2b941385607790f7185e94d1bee2145950465046920dbc355,28c2715fbc9b16a75dc7e849a907a807c5097918ff49a92fd0b76583533998a8,87c0cf2e0f6e4cf5cf1ed4a0f6eb27af0115a73f61e811e17185afa0d20e738e
07e3a9d289c6178d,late,proof:07e3a9d289c6178d:08f42e4be92883d4301377f8,21,mandatory_block,BlockingMove,node,60,897e41795fa2ff26e0355378cf8a5167b375d14ef03f185ae2be39fb7c1c6286,0.0285714285801716,0.02857142857142857,0.028124999967861056,8.743030605051771e-12,0.00044642861231054473,0.07692307692307693,0.6571428571428571,0.0,1,incoming_final_layer_mean_head_attention_mass,ccd47b57a78d9ff2b941385607790f7185e94d1bee2145950465046920dbc355,28c2715fbc9b16a75dc7e849a907a807c5097918ff49a92fd0b76583533998a8,87c0cf2e0f6e4cf5cf1ed4a0f6eb27af0115a73f61e811e17185afa0d20e738e
07e3a9d289c6178d,late,proof:07e3a9d289c6178d:08f42e4be92883d4301377f8,21,mandatory_block,ProofSupportedGeometry,edge,60,897e41795fa2ff26e0355378cf8a5167b375d14ef03f185ae2be39fb7c1c6286,0.0506917311420008,0.05,0.05572720843124358,0.000691731142000794,-0.005035477289242786,0.05315595124262501,0.4516742770167428,0.0,12,incoming_final_layer_mean_head_attention_mass,ccd47b57a78d9ff2b941385607790f7185e94d1bee2145950465046920dbc355,28c2715fbc9b16a75dc7e849a907a807c5097918ff49a92fd0b76583533998a8,87c0cf2e0f6e4cf5cf1ed4a0f6eb27af0115a73f61e811e17185afa0d20e738e
07e3a9d289c6178d,late,proof:07e3a9d289c6178d:14456de8421d112d4c41706a,22,immediate_win|winning_line,WinningThreat,edge,60,897e41795fa2ff26e0355378cf8a5167b375d14ef03f185ae2be39fb7c1c6286,0.02488344307840718,0.025,0.027550083888533528,-0.00011655692159281972,-0.002666640810126346,0.02560736755275438,0.4140030441400304,0.0,6,incoming_final_layer_mean_head_attention_mass,2305c53a506a9ea352d75ca1e059927ce7da00f10d80de98f576de01854d7379,28c2715fbc9b16a75dc7e849a907a807c5097918ff49a92fd0b76583533998a8,87c0cf2e0f6e4cf5cf1ed4a0f6eb27af0115a73f61e811e17185afa0d20e738e
07e3a9d289c6178d,late,proof:07e3a9d289c6178d:14456de8421d112d4c41706a,22,immediate_win|winning_line,TacticalLineWindow,edge,60,897e41795fa2ff26e0355378cf8a5167b375d14ef03f185ae2be39fb7c1c6286,0.02488344307840718,0.025,0.02709326856402198,-0.00011655692159281972,-0.002209825485614797,0.02560736755275438,0.4140030441400304,0.0,6,incoming_final_layer_mean_head_attention_mass,2305c53a506a9ea352d75ca1e059927ce7da00f10d80de98f576de01854d7379,28c2715fbc9b16a75dc7e849a907a807c5097918ff49a92fd0b76583533998a8,87c0cf2e0f6e4cf5cf1ed4a0f6eb27af0115a73f61e811e17185afa0d20e738e
07e3a9d289c6178d,late,proof:07e3a9d289c6178d:14456de8421d112d4c41706a,22,immediate_win|winning_line,CompletionCell,node,60,897e41795fa2ff26e0355378cf8a5167b375d14ef03f185ae2be39fb7c1c6286,0.02857142850034395,0.02857142857142857,0.027008928553084247,-7.108462082849876e-11,0.0015624999472597031,0.045454545454545456,0.4,0.0,1,incoming_final_layer_mean_head_attention_mass,2305c53a506a9ea352d75ca1e059927ce7da00f10d80de98f576de01854d7379,28c2715fbc9b16a75dc7e849a907a807c5097918ff49a92fd0b76583533998a8,87c0cf2e0f6e4cf5cf1ed4a0f6eb27af0115a73f61e811e17185afa0d20e738e
07e3a9d289c6178d,late,proof:07e3a9d289c6178d:14456de8421d112d4c41706a,22,immediate_win|winning_line,ProofSupportedGeometry,edge,60,897e41795fa2ff26e0355378cf8a5167b375d14ef03f185ae2be39fb7c1c6286,0.02488344307840718,0.025,0.028052897559649327,-0.00011655692159281972,-0.0031694544812421455,0.02560736755275438,0.4140030441400304,0.0,6,incoming_final_layer_mean_head_attention_mass,2305c53a506a9ea352d75ca1e059927ce7da00f10d80de98f576de01854d7379,28c2715fbc9b16a75dc7e849a907a807c5097918ff49a92fd0b76583533998a8,87c0cf2e0f6e4cf5cf1ed4a0f6eb27af0115a73f61e811e17185afa0d20e738e
07e3a9d289c6178d,late,proof:07e3a9d289c6178d:4a991a9cef470cb306910280,21,simple_fork,WinningThreat,edge,60,897e41795fa2ff26e0355378cf8a5167b375d14ef03f185ae2be39fb7c1c6286,0.10017569959535454,0.1,0.10909680766741245,0.00017569959535453095,-0.008921108072057912,0.09380900484170417,0.432648401826484,0.08333333333333333,24,incoming_final_layer_mean_head_attention_mass,39df21139173373b0227a602f1a599158c067ac576f1b0e2237141b4a1da111b,28c2715fbc9b16a75dc7e849a907a807c5097918ff49a92fd0b76583533998a8,87c0cf2e0f6e4cf5cf1ed4a0f6eb27af0115a73f61e811e17185afa0d20e738e
07e3a9d289c6178d,late,proof:07e3a9d289c6178d:4a991a9cef470cb306910280,21,simple_fork,TacticalLineWindow,edge,60,897e41795fa2ff26e0355378cf8a5167b375d14ef03f185ae2be39fb7c1c6286,0.04948396845335375,0.05,0.05348511601987483,-0.0005160315466462562,-0.0040011475665210836,0.048092722195798514,0.4136225266362253,0.0,12,incoming_final_layer_mean_head_attention_mass,39df21139173373b0227a602f1a599158c067ac576f1b0e2237141b4a1da111b,28c2715fbc9b16a75dc7e849a907a807c5097918ff49a92fd0b76583533998a8,87c0cf2e0f6e4cf5cf1ed4a0f6eb27af0115a73f61e811e17185afa0d20e738e
07e3a9d289c6178d,late,proof:07e3a9d289c6178d:4a991a9cef470cb306910280,21,simple_fork,CompletionCell,node,60,897e41795fa2ff26e0355378cf8a5167b375d14ef03f185ae2be39fb7c1c6286,0.08571428592677931,0.08571428571428572,0.08303571425333181,2.1249359216657382e-10,0.002678571673447497,0.2078477078477078,0.6666666666666666,0.3333333333333333,3,incoming_final_layer_mean_head_attention_mass,39df21139173373b0227a602f1a599158c067ac576f1b0e2237141b4a1da111b,28c2715fbc9b16a75dc7e849a907a807c5097918ff49a92fd0b76583533998a8,87c0cf2e0f6e4cf5cf1ed4a0f6eb27af0115a73f61e811e17185afa0d20e738e
07e3a9d289c6178d,late,proof:07e3a9d289c6178d:4a991a9cef470cb306910280,21,simple_fork,ForcedResponse,node,60,897e41795fa2ff26e0355378cf8a5167b375d14ef03f185ae2be39fb7c1c6286,0.0285714285801716,0.02857142857142857,0.028348214287736706,8.743030605051771e-12,0.0002232142924348951,0.07692307692307693,0.6571428571428571,0.0,1,incoming_final_layer_mean_head_attention_mass,39df21139173373b0227a602f1a599158c067ac576f1b0e2237141b4a1da111b,28c2715fbc9b16a75dc7e849a907a807c5097918ff49a92fd0b76583533998a8,87c0cf2e0f6e4cf5cf1ed4a0f6eb27af0115a73f61e811e17185afa0d20e738e
07e3a9d289c6178d,late,proof:07e3a9d289c6178d:4a991a9cef470cb306910280,21,simple_fork,BlockingMove,node,60,897e41795fa2ff26e0355378cf8a5167b375d14ef03f185ae2be39fb7c1c6286,0.0285714285801716,0.02857142857142857,0.026562499974035224,8.743030605051771e-12,0.0020089286061363773,0.07692307692307693,0.6571428571428571,0.0,1,incoming_final_layer_mean_head_attention_mass,39df21139173373b0227a602f1a599158c067ac576f1b0e2237141b4a1da111b,28c2715fbc9b16a75dc7e849a907a807c5097918ff49a92fd0b76583533998a8,87c0cf2e0f6e4cf5cf1ed4a0f6eb27af0115a73f61e811e17185afa0d20e738e
07e3a9d289c6178d,late,proof:07e3a9d289c6178d:4a991a9cef470cb306910280,21,simple_fork,ProofSupportedGeometry,edge,60,897e41795fa2ff26e0355378cf8a5167b375d14ef03f185ae2be39fb7c1c6286,0.04948396845335375,0.05,0.05381686279496546,-0.0005160315466462562,-0.004332894341611715,0.048092722195798514,0.4136225266362253,0.0,12,incoming_final_layer_mean_head_attention_mass,39df21139173373b0227a602f1a599158c067ac576f1b0e2237141b4a1da111b,28c2715fbc9b16a75dc7e849a907a807c5097918ff49a92fd0b76583533998a8,87c0cf2e0f6e4cf5cf1ed4a0f6eb27af0115a73f61e811e17185afa0d20e738e
7102b379fd198e9c,late,proof:7102b379fd198e9c:41d04c60749badc98d769c41,21,simple_fork,WinningThreat,edge,60,897e41795fa2ff26e0355378cf8a5167b375d14ef03f185ae2be39fb7c1c6286,0.04961373153360301,0.05,0.053939081760438726,-0.0003862684663969926,-0.0043253502268357155,0.049803863260925806,0.4265601217656012,0.0,12,incoming_final_layer_mean_head_attention_mass,42b4f983736d1c238d32f2bd714cf5c814646339c712d764f304cdc1b1feaca0,28c2715fbc9b16a75dc7e849a907a807c5097918ff49a92fd0b76583533998a8,87c0cf2e0f6e4cf5cf1ed4a0f6eb27af0115a73f61e811e17185afa0d20e738e
7102b379fd198e9c,late,proof:7102b379fd198e9c:41d04c60749badc98d769c41,21,simple_fork,TacticalLineWindow,edge,60,897e41795fa2ff26e0355378cf8a5167b375d14ef03f185ae2be39fb7c1c6286,0.04961373153360301,0.05,0.054476314640872395,-0.0003862684663969926,-0.0048625831072693845,0.049803863260925806,0.4265601217656012,0.0,12,incoming_final_layer_mean_head_attention_mass,42b4f983736d1c238d32f2bd714cf5c814646339c712d764f304cdc1b1feaca0,28c2715fbc9b16a75dc7e849a907a807c5097918ff49a92fd0b76583533998a8,87c0cf2e0f6e4cf5cf1ed4a0f6eb27af0115a73f61e811e17185afa0d20e738e
7102b379fd198e9c,late,proof:7102b379fd198e9c:41d04c60749badc98d769c41,21,simple_fork,CompletionCell,node,60,897e41795fa2ff26e0355378cf8a5167b375d14ef03f185ae2be39fb7c1c6286,0.08571428596080109,0.08571428571428572,0.08325892862593441,2.465153775554896e-10,0.0024553573348666813,0.5023809523809524,0.7047619047619048,0.3333333333333333,3,incoming_final_layer_mean_head_attention_mass,42b4f983736d1c238d32f2bd714cf5c814646339c712d764f304cdc1b1feaca0,28c2715fbc9b16a75dc7e849a907a807c5097918ff49a92fd0b76583533998a8,87c0cf2e0f6e4cf5cf1ed4a0f6eb27af0115a73f61e811e17185afa0d20e738e
7102b379fd198e9c,late,proof:7102b379fd198e9c:41d04c60749badc98d769c41,21,simple_fork,ProofSupportedGeometry,edge,60,897e41795fa2ff26e0355378cf8a5167b375d14ef03f185ae2be39fb7c1c6286,0.04961373153360301,0.05,0.05550778658482652,-0.0003862684663969926,-0.005894055051223507,0.049803863260925806,0.4265601217656012,0.0,12,incoming_final_layer_mean_head_attention_mass,42b4f983736d1c238d32f2bd714cf5c814646339c712d764f304cdc1b1feaca0,28c2715fbc9b16a75dc7e849a907a807c5097918ff49a92fd0b76583533998a8,87c0cf2e0f6e4cf5cf1ed4a0f6eb27af0115a73f61e811e17185afa0d20e738e
7102b379fd198e9c,late,proof:7102b379fd198e9c:e319ffaf43be6618da06c722,18,mandatory_block,WinningThreat,edge,60,897e41795fa2ff26e0355378cf8a5167b375d14ef03f185ae2be39fb7c1c6286,0.02490578236237595,0.025,0.027574182735003512,-9.421763762405139e-05,-0.002668400372627562,0.025220384236888393,0.4033485540334856,0.0,6,incoming_final_layer_mean_head_attention_mass,8966ad6b498212628a97d65d1cc3120f044935082278809f28b6f22673ac6362,28c2715fbc9b16a75dc7e849a907a807c5097918ff49a92fd0b76583533998a8,87c0cf2e0f6e4cf5cf1ed4a0f6eb27af0115a73f61e811e17185afa0d20e738e
7102b379fd198e9c,late,proof:7102b379fd198e9c:e319ffaf43be6618da06c722,18,mandatory_block,TacticalLineWindow,edge,60,897e41795fa2ff26e0355378cf8a5167b375d14ef03f185ae2be39fb7c1c6286,0.02490578236237595,0.025,0.027954222069566263,-9.421763762405139e-05,-0.0030484397071903133,0.025220384236888393,0.4033485540334856,0.0,6,incoming_final_layer_mean_head_attention_mass,8966ad6b498212628a97d65d1cc3120f044935082278809f28b6f22673ac6362,28c2715fbc9b16a75dc7e849a907a807c5097918ff49a92fd0b76583533998a8,87c0cf2e0f6e4cf5cf1ed4a0f6eb27af0115a73f61e811e17185afa0d20e738e
7102b379fd198e9c,late,proof:7102b379fd198e9c:e319ffaf43be6618da06c722,18,mandatory_block,CompletionCell,node,60,897e41795fa2ff26e0355378cf8a5167b375d14ef03f185ae2be39fb7c1c6286,0.02857142852942402,0.02857142857142857,0.02812500005968364,-4.200454914449203e-11,0.0004464284697403807,0.047619047619047616,0.42857142857142855,0.0,1,incoming_final_layer_mean_head_attention_mass,8966ad6b498212628a97d65d1cc3120f044935082278809f28b6f22673ac6362,28c2715fbc9b16a75dc7e849a907a807c5097918ff49a92fd0b76583533998a8,87c0cf2e0f6e4cf5cf1ed4a0f6eb27af0115a73f61e811e17185afa0d20e738e
7102b379fd198e9c,late,proof:7102b379fd198e9c:e319ffaf43be6618da06c722,18,mandatory_block,ForcedResponse,node,60,897e41795fa2ff26e0355378cf8a5167b375d14ef03f185ae2be39fb7c1c6286,0.02857142852942402,0.02857142857142857,0.027901785701537937,-4.200454914449203e-11,0.0006696428278860841,0.047619047619047616,0.42857142857142855,0.0,1,incoming_final_layer_mean_head_attention_mass,8966ad6b498212628a97d65d1cc3120f044935082278809f28b6f22673ac6362,28c2715fbc9b16a75dc7e849a907a807c5097918ff49a92fd0b76583533998a8,87c0cf2e0f6e4cf5cf1ed4a0f6eb27af0115a73f61e811e17185afa0d20e738e
7102b379fd198e9c,late,proof:7102b379fd198e9c:e319ffaf43be6618da06c722,18,mandatory_block,BlockingMove,node,60,897e41795fa2ff26e0355378cf8a5167b375d14ef03f185ae2be39fb7c1c6286,0.02857142852942402,0.02857142857142857,0.02767857132551417,-4.200454914449203e-11,0.0008928572039098512,0.047619047619047616,0.42857142857142855,0.0,1,incoming_final_layer_mean_head_attention_mass,8966ad6b498212628a97d65d1cc3120f044935082278809f28b6f22673ac6362,28c2715fbc9b16a75dc7e849a907a807c5097918ff49a92fd0b76583533998a8,87c0cf2e0f6e4cf5cf1ed4a0f6eb27af0115a73f61e811e17185afa0d20e738e
7102b379fd198e9c,late,proof:7102b379fd198e9c:e319ffaf43be6618da06c722,18,mandatory_block,ProofSupportedGeometry,edge,60,897e41795fa2ff26e0355378cf8a5167b375d14ef03f185ae2be39fb7c1c6286,0.02490578236237595,0.025,0.028733112311133742,-9.421763762405139e-05,-0.003827329948757792,0.025220384236888393,0.4033485540334856,0.0,6,incoming_final_layer_mean_head_attention_mass,8966ad6b498212628a97d65d1cc3120f044935082278809f28b6f22673ac6362,28c2715fbc9b16a75dc7e849a907a807c5097918ff49a92fd0b76583533998a8,87c0cf2e0f6e4cf5cf1ed4a0f6eb27af0115a73f61e811e17185afa0d20e738e
d722ebf1d24090c6,late,proof:d722ebf1d24090c6:2c9daa79abf6399e87928c04,23,mandatory_block,WinningThreat,edge,60,897e41795fa2ff26e0355378cf8a5167b375d14ef03f185ae2be39fb7c1c6286,0.04926575731269024,0.05,0.054851249738858576,-0.0007342426873097607,-0.005585492426168334,0.04510126477693043,0.3858447488584475,0.0,12,incoming_final_layer_mean_head_attention_mass,c19d3667322ada56cdb0d4e9e5124404a9c3640575139fc3a5580c02168c5edb,28c2715fbc9b16a75dc7e849a907a807c5097918ff49a92fd0b76583533998a8,87c0cf2e0f6e4cf5cf1ed4a0f6eb27af0115a73f61e811e17185afa0d20e738e
d722ebf1d24090c6,late,proof:d722ebf1d24090c6:2c9daa79abf6399e87928c04,23,mandatory_block,TacticalLineWindow,edge,60,897e41795fa2ff26e0355378cf8a5167b375d14ef03f185ae2be39fb7c1c6286,0.02445601727950809,0.025,0.027028984095162745,-0.0005439827204919111,-0.0025729668156546544,0.026112993243331602,0.3789954337899544,0.0,6,incoming_final_layer_mean_head_attention_mass,c19d3667322ada56cdb0d4e9e5124404a9c3640575139fc3a5580c02168c5edb,28c2715fbc9b16a75dc7e849a907a807c5097918ff49a92fd0b76583533998a8,87c0cf2e0f6e4cf5cf1ed4a0f6eb27af0115a73f61e811e17185afa0d20e738e
d722ebf1d24090c6,late,proof:d722ebf1d24090c6:2c9daa79abf6399e87928c04,23,mandatory_block,CompletionCell,node,60,897e41795fa2ff26e0355378cf8a5167b375d14ef03f185ae2be39fb7c1c6286,0.05714285704858449,0.05714285714285714,0.05580357132611406,-9.427265218464598e-11,0.0013392857224704263,0.06666666666666667,0.4,0.0,2,incoming_final_layer_mean_head_attention_mass,c19d3667322ada56cdb0d4e9e5124404a9c3640575139fc3a5580c02168c5edb,28c2715fbc9b16a75dc7e849a907a807c5097918ff49a92fd0b76583533998a8,87c0cf2e0f6e4cf5cf1ed4a0f6eb27af0115a73f61e811e17185afa0d20e738e
d722ebf1d24090c6,late,proof:d722ebf1d24090c6:2c9daa79abf6399e87928c04,23,mandatory_block,ForcedResponse,node,60,897e41795fa2ff26e0355378cf8a5167b375d14ef03f185ae2be39fb7c1c6286,0.02857142849768303,0.02857142857142857,0.02678571428809011,-7.37455409238752e-11,0.0017857142095929202,0.041666666666666664,0.34285714285714286,0.0,1,incoming_final_layer_mean_head_attention_mass,c19d3667322ada56cdb0d4e9e5124404a9c3640575139fc3a5580c02168c5edb,28c2715fbc9b16a75dc7e849a907a807c5097918ff49a92fd0b76583533998a8,87c0cf2e0f6e4cf5cf1ed4a0f6eb27af0115a73f61e811e17185afa0d20e738e
d722ebf1d24090c6,late,proof:d722ebf1d24090c6:2c9daa79abf6399e87928c04,23,mandatory_block,BlockingMove,node,60,897e41795fa2ff26e0355378cf8a5167b375d14ef03f185ae2be39fb7c1c6286,0.02857142849768303,0.02857142857142857,0.027678571408685793,-7.37455409238752e-11,0.000892857088997237,0.041666666666666664,0.34285714285714286,0.0,1,incoming_final_layer_mean_head_attention_mass,c19d3667322ada56cdb0d4e9e5124404a9c3640575139fc3a5580c02168c5edb,28c2715fbc9b16a75dc7e849a907a807c5097918ff49a92fd0b76583533998a8,87c0cf2e0f6e4cf5cf1ed4a0f6eb27af0115a73f61e811e17185afa0d20e738e
d722ebf1d24090c6,late,proof:d722ebf1d24090c6:2c9daa79abf6399e87928c04,23,mandatory_block,ProofSupportedGeometry,edge,60,897e41795fa2ff26e0355378cf8a5167b375d14ef03f185ae2be39fb7c1c6286,0.02445601727950809,0.025,0.026532827641606374,-0.0005439827204919111,-0.0020768103620982838,0.026112993243331602,0.3789954337899544,0.0,6,incoming_final_layer_mean_head_attention_mass,c19d3667322ada56cdb0d4e9e5124404a9c3640575139fc3a5580c02168c5edb,28c2715fbc9b16a75dc7e849a907a807c5097918ff49a92fd0b76583533998a8,87c0cf2e0f6e4cf5cf1ed4a0f6eb27af0115a73f61e811e17185afa0d20e738e
d722ebf1d24090c6,late,proof:d722ebf1d24090c6:ae66a1206f2a0bbb44b10da0,18,immediate_win|winning_line,WinningThreat,edge,60,897e41795fa2ff26e0355378cf8a5167b375d14ef03f185ae2be39fb7c1c6286,0.024809740033182152,0.025,0.026745626217121843,-0.00019025996681784965,-0.0019358861839396911,0.024585820832270778,0.3926940639269407,0.0,6,incoming_final_layer_mean_head_attention_mass,f71d5fba2f869d1c60ac07619974f40e35ebab90b43ee2fa3d67f542748e7339,28c2715fbc9b16a75dc7e849a907a807c5097918ff49a92fd0b76583533998a8,87c0cf2e0f6e4cf5cf1ed4a0f6eb27af0115a73f61e811e17185afa0d20e738e
d722ebf1d24090c6,late,proof:d722ebf1d24090c6:ae66a1206f2a0bbb44b10da0,18,immediate_win|winning_line,TacticalLineWindow,edge,60,897e41795fa2ff26e0355378cf8a5167b375d14ef03f185ae2be39fb7c1c6286,0.024809740033182152,0.025,0.02870764913761001,-0.00019025996681784965,-0.0038979091044278567,0.024585820832270778,0.3926940639269407,0.0,6,incoming_final_layer_mean_head_attention_mass,f71d5fba2f869d1c60ac07619974f40e35ebab90b43ee2fa3d67f542748e7339,28c2715fbc9b16a75dc7e849a907a807c5097918ff49a92fd0b76583533998a8,87c0cf2e0f6e4cf5cf1ed4a0f6eb27af0115a73f61e811e17185afa0d20e738e
d722ebf1d24090c6,late,proof:d722ebf1d24090c6:ae66a1206f2a0bbb44b10da0,18,immediate_win|winning_line,CompletionCell,node,60,897e41795fa2ff26e0355378cf8a5167b375d14ef03f185ae2be39fb7c1c6286,0.028571428550901463,0.02857142857142857,0.02700892855493442,-2.052710779132383e-11,0.0015624999959670434,0.05,0.45714285714285713,0.0,1,incoming_final_layer_mean_head_attention_mass,f71d5fba2f869d1c60ac07619974f40e35ebab90b43ee2fa3d67f542748e7339,28c2715fbc9b16a75dc7e849a907a807c5097918ff49a92fd0b76583533998a8,87c0cf2e0f6e4cf5cf1ed4a0f6eb27af0115a73f61e811e17185afa0d20e738e
d722ebf1d24090c6,late,proof:d722ebf1d24090c6:ae66a1206f2a0bbb44b10da0,18,immediate_win|winning_line,ProofSupportedGeometry,edge,60,897e41795fa2ff26e0355378cf8a5167b375d14ef03f185ae2be39fb7c1c6286,0.024809740033182152,0.025,0.02701452622853019,-0.00019025996681784965,-0.0022047861953480366,0.024585820832270778,0.3926940639269407,0.0,6,incoming_final_layer_mean_head_attention_mass,f71d5fba2f869d1c60ac07619974f40e35ebab90b43ee2fa3d67f542748e7339,28c2715fbc9b16a75dc7e849a907a807c5097918ff49a92fd0b76583533998a8,87c0cf2e0f6e4cf5cf1ed4a0f6eb27af0115a73f61e811e17185afa0d20e738e
8ce9f2f52718d991,late,proof:8ce9f2f52718d991:4fcfc00e74de960ce3d81edf,23,immediate_win|winning_line,WinningThreat,edge,60,897e41795fa2ff26e0355378cf8a5167b375d14ef03f185ae2be39fb7c1c6286,0.02475628128842991,0.025,0.027364883906087514,-0.00024371871157009145,-0.0026086026176576037,0.025245155760759492,0.4010654490106545,0.0,6,incoming_final_layer_mean_head_attention_mass,b4cc93971943e447b9f378bdeea1f0106c5dc9e97f369c5eebe34342e20da52e,28c2715fbc9b16a75dc7e849a907a807c5097918ff49a92fd0b76583533998a8,87c0cf2e0f6e4cf5cf1ed4a0f6eb27af0115a73f61e811e17185afa0d20e738e
8ce9f2f52718d991,late,proof:8ce9f2f52718d991:4fcfc00e74de960ce3d81edf,23,immediate_win|winning_line,TacticalLineWindow,edge,60,897e41795fa2ff26e0355378cf8a5167b375d14ef03f185ae2be39fb7c1c6286,0.02475628128842991,0.025,0.027543821771159414,-0.00024371871157009145,-0.0027875404827295037,0.025245155760759492,0.4010654490106545,0.0,6,incoming_final_layer_mean_head_attention_mass,b4cc93971943e447b9f378bdeea1f0106c5dc9e97f369c5eebe34342e20da52e,28c2715fbc9b16a75dc7e849a907a807c5097918ff49a92fd0b76583533998a8,87c0cf2e0f6e4cf5cf1ed4a0f6eb27af0115a73f61e811e17185afa0d20e738e
8ce9f2f52718d991,late,proof:8ce9f2f52718d991:4fcfc00e74de960ce3d81edf,23,immediate_win|winning_line,CompletionCell,node,60,897e41795fa2ff26e0355378cf8a5167b375d14ef03f185ae2be39fb7c1c6286,0.02857142840911235,0.02857142857142857,0.02745535713822132,-1.6231621949303054e-10,0.0011160712708910316,0.037037037037037035,0.2571428571428571,0.0,1,incoming_final_layer_mean_head_attention_mass,b4cc93971943e447b9f378bdeea1f0106c5dc9e97f369c5eebe34342e20da52e,28c2715fbc9b16a75dc7e849a907a807c5097918ff49a92fd0b76583533998a8,87c0cf2e0f6e4cf5cf1ed4a0f6eb27af0115a73f61e811e17185afa0d20e738e
8ce9f2f52718d991,late,proof:8ce9f2f52718d991:4fcfc00e74de960ce3d81edf,23,immediate_win|winning_line,ProofSupportedGeometry,edge,60,897e41795fa2ff26e0355378cf8a5167b375d14ef03f185ae2be39fb7c1c6286,0.02475628128842991,0.025,0.02797551548895654,-0.00024371871157009145,-0.0032192342005266314,0.025245155760759492,0.4010654490106545,0.0,6,incoming_final_layer_mean_head_attention_mass,b4cc93971943e447b9f378bdeea1f0106c5dc9e97f369c5eebe34342e20da52e,28c2715fbc9b16a75dc7e849a907a807c5097918ff49a92fd0b76583533998a8,87c0cf2e0f6e4cf5cf1ed4a0f6eb27af0115a73f61e811e17185afa0d20e738e
8ce9f2f52718d991,late,proof:8ce9f2f52718d991:e319ffaf43be6618da06c722,18,mandatory_block,WinningThreat,edge,60,897e41795fa2ff26e0355378cf8a5167b375d14ef03f185ae2be39fb7c1c6286,0.049694198950754484,0.05,0.05418215610214276,-0.00030580104924551876,-0.004487957151388278,0.04566518484433705,0.4075342465753425,0.0,12,incoming_final_layer_mean_head_attention_mass,29039aa0663f56160e85904f328021c10a6e9f3cf43a7bd2eacd2296b5f89f3c,28c2715fbc9b16a75dc7e849a907a807c5097918ff49a92fd0b76583533998a8,87c0cf2e0f6e4cf5cf1ed4a0f6eb27af0115a73f61e811e17185afa0d20e738e
8ce9f2f52718d991,late,proof:8ce9f2f52718d991:e319ffaf43be6618da06c722,18,mandatory_block,TacticalLineWindow,edge,60,897e41795fa2ff26e0355378cf8a5167b375d14ef03f185ae2be39fb7c1c6286,0.024937917662324578,0.025,0.027274836344914857,-6.208233767542384e-05,-0.0023369186825902798,0.025370036702976106,0.4140030441400304,0.0,6,incoming_final_layer_mean_head_attention_mass,29039aa0663f56160e85904f328021c10a6e9f3cf43a7bd2eacd2296b5f89f3c,28c2715fbc9b16a75dc7e849a907a807c5097918ff49a92fd0b76583533998a8,87c0cf2e0f6e4cf5cf1ed4a0f6eb27af0115a73f61e811e17185afa0d20e738e
8ce9f2f52718d991,late,proof:8ce9f2f52718d991:e319ffaf43be6618da06c722,18,mandatory_block,CompletionCell,node,60,897e41795fa2ff26e0355378cf8a5167b375d14ef03f185ae2be39fb7c1c6286,0.057142857031098435,0.05714285714285714,0.0551339286028815,-1.1175870645585562e-10,0.0020089284282169342,0.07275132275132275,0.44285714285714284,0.0,2,incoming_final_layer_mean_head_attention_mass,29039aa0663f56160e85904f328021c10a6e9f3cf43a7bd2eacd2296b5f89f3c,28c2715fbc9b16a75dc7e849a907a807c5097918ff49a92fd0b76583533998a8,87c0cf2e0f6e4cf5cf1ed4a0f6eb27af0115a73f61e811e17185afa0d20e738e
8ce9f2f52718d991,late,proof:8ce9f2f52718d991:e319ffaf43be6618da06c722,18,mandatory_block,ForcedResponse,node,60,897e41795fa2ff26e0355378cf8a5167b375d14ef03f185ae2be39fb7c1c6286,0.028571428621986084,0.02857142857142857,0.028348214248565325,5.055751303717493e-11,0.00022321437342075895,0.07142857142857142,0.6285714285714286,0.0,1,incoming_final_layer_mean_head_attention_mass,29039aa0663f56160e85904f328021c10a6e9f3cf43a7bd2eacd2296b5f89f3c,28c2715fbc9b16a75dc7e849a907a807c5097918ff49a92fd0b76583533998a8,87c0cf2e0f6e4cf5cf1ed4a0f6eb27af0115a73f61e811e17185afa0d20e738e
8ce9f2f52718d991,late,proof:8ce9f2f52718d991:e319ffaf43be6618da06c722,18,mandatory_block,BlockingMove,node,60,897e41795fa2ff26e0355378cf8a5167b375d14ef03f185ae2be39fb7c1c6286,0.028571428621986084,0.02857142857142857,0.028571428542574204,5.055751303717493e-11,7.941187984972231e-11,0.07142857142857142,0.6285714285714286,0.0,1,incoming_final_layer_mean_head_attention_mass,29039aa0663f56160e85904f328021c10a6e9f3cf43a7bd2eacd2296b5f89f3c,28c2715fbc9b16a75dc7e849a907a807c5097918ff49a92fd0b76583533998a8,87c0cf2e0f6e4cf5cf1ed4a0f6eb27af0115a73f61e811e17185afa0d20e738e
8ce9f2f52718d991,late,proof:8ce9f2f52718d991:e319ffaf43be6618da06c722,18,mandatory_block,ProofSupportedGeometry,edge,60,897e41795fa2ff26e0355378cf8a5167b375d14ef03f185ae2be39fb7c1c6286,0.024937917662324578,0.025,0.0264593677296208,-6.208233767542384e-05,-0.0015214500672962213,0.025370036702976106,0.4140030441400304,0.0,6,incoming_final_layer_mean_head_attention_mass,29039aa0663f56160e85904f328021c10a6e9f3cf43a7bd2eacd2296b5f89f3c,28c2715fbc9b16a75dc7e849a907a807c5097918ff49a92fd0b76583533998a8,87c0cf2e0f6e4cf5cf1ed4a0f6eb27af0115a73f61e811e17185afa0d20e738e
bf37710c7cf719ac,late,proof:bf37710c7cf719ac:ae66a1206f2a0bbb44b10da0,18,immediate_win|winning_line,WinningThreat,edge,60,897e41795fa2ff26e0355378cf8a5167b375d14ef03f185ae2be39fb7c1c6286,0.02478251337298197,0.025,0.026429808268383898,-0.00021748662701803062,-0.0016472948954019268,0.024658945388403714,0.3926940639269407,0.0,6,incoming_final_layer_mean_head_attention_mass,ef1b14e7267814f720e20da1655dcecc57da41cd035290bfadda92e6ed4186d8,28c2715fbc9b16a75dc7e849a907a807c5097918ff49a92fd0b76583533998a8,87c0cf2e0f6e4cf5cf1ed4a0f6eb27af0115a73f61e811e17185afa0d20e738e
bf37710c7cf719ac,late,proof:bf37710c7cf719ac:ae66a1206f2a0bbb44b10da0,18,immediate_win|winning_line,TacticalLineWindow,edge,60,897e41795fa2ff26e0355378cf8a5167b375d14ef03f185ae2be39fb7c1c6286,0.02478251337298197,0.025,0.02710273317619047,-0.00021748662701803062,-0.002320219803208498,0.024658945388403714,0.3926940639269407,0.0,6,incoming_final_layer_mean_head_attention_mass,ef1b14e7267814f720e20da1655dcecc57da41cd035290bfadda92e6ed4186d8,28c2715fbc9b16a75dc7e849a907a807c5097918ff49a92fd0b76583533998a8,87c0cf2e0f6e4cf5cf1ed4a0f6eb27af0115a73f61e811e17185afa0d20e738e
bf37710c7cf719ac,late,proof:bf37710c7cf719ac:ae66a1206f2a0bbb44b10da0,18,immediate_win|winning_line,CompletionCell,node,60,897e41795fa2ff26e0355378cf8a5167b375d14ef03f185ae2be39fb7c1c6286,0.028571428698392548,0.02857142857142857,0.027678571411037856,1.2696397752587352e-10,0.0008928572873546925,0.125,0.8,0.0,1,incoming_final_layer_mean_head_attention_mass,ef1b14e7267814f720e20da1655dcecc57da41cd035290bfadda92e6ed4186d8,28c2715fbc9b16a75dc7e849a907a807c5097918ff49a92fd0b76583533998a8,87c0cf2e0f6e4cf5cf1ed4a0f6eb27af0115a73f61e811e17185afa0d20e738e
bf37710c7cf719ac,late,proof:bf37710c7cf719ac:ae66a1206f2a0bbb44b10da0,18,immediate_win|winning_line,ProofSupportedGeometry,edge,60,897e41795fa2ff26e0355378cf8a5167b375d14ef03f185ae2be39fb7c1c6286,0.02478251337298197,0.025,0.025848437960818867,-0.00021748662701803062,-0.0010659245878368966,0.024658945388403714,0.3926940639269407,0.0,6,incoming_final_layer_mean_head_attention_mass,ef1b14e7267814f720e20da1655dcecc57da41cd035290bfadda92e6ed4186d8,28c2715fbc9b16a75dc7e849a907a807c5097918ff49a92fd0b76583533998a8,87c0cf2e0f6e4cf5cf1ed4a0f6eb27af0115a73f61e811e17185afa0d20e738e
2180a713bbe5e4f3,late,proof:2180a713bbe5e4f3:4fcfc00e74de960ce3d81edf,23,immediate_win|winning_line,WinningThreat,edge,60,897e41795fa2ff26e0355378cf8a5167b375d14ef03f185ae2be39fb7c1c6286,0.024768375455493097,0.025,0.028083987894616008,-0.00023162454450690456,-0.0033156124391229107,0.025382798275001252,0.39954337899543374,0.0,6,incoming_final_layer_mean_head_attention_mass,c700631bafa9470b78f4c05115ff9b55d91a5a7a89f5bc51c03dc6acfaf4dcb5,28c2715fbc9b16a75dc7e849a907a807c5097918ff49a92fd0b76583533998a8,87c0cf2e0f6e4cf5cf1ed4a0f6eb27af0115a73f61e811e17185afa0d20e738e
2180a713bbe5e4f3,late,proof:2180a713bbe5e4f3:4fcfc00e74de960ce3d81edf,23,immediate_win|winning_line,TacticalLineWindow,edge,60,897e41795fa2ff26e0355378cf8a5167b375d14ef03f185ae2be39fb7c1c6286,0.024768375455493097,0.025,0.027368316717102693,-0.00023162454450690456,-0.0025999412616095965,0.025382798275001252,0.39954337899543374,0.0,6,incoming_final_layer_mean_head_attention_mass,c700631bafa9470b78f4c05115ff9b55d91a5a7a89f5bc51c03dc6acfaf4dcb5,28c2715fbc9b16a75dc7e849a907a807c5097918ff49a92fd0b76583533998a8,87c0cf2e0f6e4cf5cf1ed4a0f6eb27af0115a73f61e811e17185afa0d20e738e
2180a713bbe5e4f3,late,proof:2180a713bbe5e4f3:4fcfc00e74de960ce3d81edf,23,immediate_win|winning_line,CompletionCell,node,60,897e41795fa2ff26e0355378cf8a5167b375d14ef03f185ae2be39fb7c1c6286,0.02857142858273749,0.02857142857142857,0.028124999995540877,1.130891907896725e-11,0.00044642858719661296,0.058823529411764705,0.5428571428571428,0.0,1,incoming_final_layer_mean_head_attention_mass,c700631bafa9470b78f4c05115ff9b55d91a5a7a89f5bc51c03dc6acfaf4dcb5,28c2715fbc9b16a75dc7e849a907a807c5097918ff49a92fd0b76583533998a8,87c0cf2e0f6e4cf5cf1ed4a0f6eb27af0115a73f61e811e17185afa0d20e738e
2180a713bbe5e4f3,late,proof:2180a713bbe5e4f3:4fcfc00e74de960ce3d81edf,23,immediate_win|winning_line,ProofSupportedGeometry,edge,60,897e41795fa2ff26e0355378cf8a5167b375d14ef03f185ae2be39fb7c1c6286,0.024768375455493097,0.025,0.02671226008987706,-0.00023162454450690456,-0.001943884634383962,0.025382798275001252,0.39954337899543374,0.0,6,incoming_final_layer_mean_head_attention_mass,c700631bafa9470b78f4c05115ff9b55d91a5a7a89f5bc51c03dc6acfaf4dcb5,28c2715fbc9b16a75dc7e849a907a807c5097918ff49a92fd0b76583533998a8,87c0cf2e0f6e4cf5cf1ed4a0f6eb27af0115a73f61e811e17185afa0d20e738e
2180a713bbe5e4f3,late,proof:2180a713bbe5e4f3:d027b22deb886d45e058f048,0,mandatory_block,WinningThreat,edge,60,897e41795fa2ff26e0355378cf8a5167b375d14ef03f185ae2be39fb7c1c6286,0.04952465185993163,0.05,0.053166742999170985,-0.000475348140068374,-0.0036420911392393562,0.04683080339500321,0.40258751902587525,0.0,12,incoming_final_layer_mean_head_attention_mass,26ca45c768decbab72ee7186319613ac5af62f4dd23084063f363ae8ff6d7a91,28c2715fbc9b16a75dc7e849a907a807c5097918ff49a92fd0b76583533998a8,87c0cf2e0f6e4cf5cf1ed4a0f6eb27af0115a73f61e811e17185afa0d20e738e
2180a713bbe5e4f3,late,proof:2180a713bbe5e4f3:d027b22deb886d45e058f048,0,mandatory_block,TacticalLineWindow,edge,60,897e41795fa2ff26e0355378cf8a5167b375d14ef03f185ae2be39fb7c1c6286,0.02475627640443853,0.025,0.026126343624334664,-0.0002437235955614729,-0.0013700672198961351,0.026846114476481886,0.40563165905631654,0.0,6,incoming_final_layer_mean_head_attention_mass,26ca45c768decbab72ee7186319613ac5af62f4dd23084063f363ae8ff6d7a91,28c2715fbc9b16a75dc7e849a907a807c5097918ff49a92fd0b76583533998a8,87c0cf2e0f6e4cf5cf1ed4a0f6eb27af0115a73f61e811e17185afa0d20e738e
2180a713bbe5e4f3,late,proof:2180a713bbe5e4f3:d027b22deb886d45e058f048,0,mandatory_block,CompletionCell,node,60,897e41795fa2ff26e0355378cf8a5167b375d14ef03f185ae2be39fb7c1c6286,0.0500000000197906,0.05,0.05513392854117618,1.9790599714575308e-11,-0.0051339285213855765,0.059714795008912656,0.3142857142857143,0.0,2,incoming_final_layer_mean_head_attention_mass,26ca45c768decbab72ee7186319613ac5af62f4dd23084063f363ae8ff6d7a91,28c2715fbc9b16a75dc7e849a907a807c5097918ff49a92fd0b76583533998a8,87c0cf2e0f6e4cf5cf1ed4a0f6eb27af0115a73f61e811e17185afa0d20e738e
2180a713bbe5e4f3,late,proof:2180a713bbe5e4f3:d027b22deb886d45e058f048,0,mandatory_block,ForcedResponse,node,60,897e41795fa2ff26e0355378cf8a5167b375d14ef03f185ae2be39fb7c1c6286,0.021428571437053116,0.02142857142857143,0.028348214259619586,8.481687574501962e-12,-0.00691964282256647,0.030303030303030304,0.08571428571428572,0.0,1,incoming_final_layer_mean_head_attention_mass,26ca45c768decbab72ee7186319613ac5af62f4dd23084063f363ae8ff6d7a91,28c2715fbc9b16a75dc7e849a907a807c5097918ff49a92fd0b76583533998a8,87c0cf2e0f6e4cf5cf1ed4a0f6eb27af0115a73f61e811e17185afa0d20e738e
2180a713bbe5e4f3,late,proof:2180a713bbe5e4f3:d027b22deb886d45e058f048,0,mandatory_block,BlockingMove,node,60,897e41795fa2ff26e0355378cf8a5167b375d14ef03f185ae2be39fb7c1c6286,0.021428571437053116,0.02142857142857143,0.028124999978910117,8.481687574501962e-12,-0.006696428541857001,0.030303030303030304,0.08571428571428572,0.0,1,incoming_final_layer_mean_head_attention_mass,26ca45c768decbab72ee7186319613ac5af62f4dd23084063f363ae8ff6d7a91,28c2715fbc9b16a75dc7e849a907a807c5097918ff49a92fd0b76583533998a8,87c0cf2e0f6e4cf5cf1ed4a0f6eb27af0115a73f61e811e17185afa0d20e738e
2180a713bbe5e4f3,late,proof:2180a713bbe5e4f3:d027b22deb886d45e058f048,0,mandatory_block,ProofSupportedGeometry,edge,60,897e41795fa2ff26e0355378cf8a5167b375d14ef03f185ae2be39fb7c1c6286,0.02475627640443853,0.025,0.02683223279300906,-0.0002437235955614729,-0.0020759563885705302,0.026846114476481886,0.40563165905631654,0.0,6,incoming_final_layer_mean_head_attention_mass,26ca45c768decbab72ee7186319613ac5af62f4dd23084063f363ae8ff6d7a91,28c2715fbc9b16a75dc7e849a907a807c5097918ff49a92fd0b76583533998a8,87c0cf2e0f6e4cf5cf1ed4a0f6eb27af0115a73f61e811e17185afa0d20e738e
e935be4a08f19bb3,late,proof:e935be4a08f19bb3:7b8535d6ff619255965a172c,23,immediate_win|winning_line,WinningThreat,edge,60,897e41795fa2ff26e0355378cf8a5167b375d14ef03f185ae2be39fb7c1c6286,0.028571428706755442,0.02857142857142857,0.027478297673317324,1.3532687123674059e-10,0.0010931310334381175,0.07460317714619358,0.5593607305936074,0.16666666666666666,6,incoming_final_layer_mean_head_attention_mass,18a4af1f3730403746730981231da4d80175603f634757c2d9b1615b467ab0b2,28c2715fbc9b16a75dc7e849a907a807c5097918ff49a92fd0b76583533998a8,87c0cf2e0f6e4cf5cf1ed4a0f6eb27af0115a73f61e811e17185afa0d20e738e
e935be4a08f19bb3,late,proof:e935be4a08f19bb3:7b8535d6ff619255965a172c,23,immediate_win|winning_line,TacticalLineWindow,edge,60,897e41795fa2ff26e0355378cf8a5167b375d14ef03f185ae2be39fb7c1c6286,0.028571428706755442,0.02857142857142857,0.027767941460117854,1.3532687123674059e-10,0.0008034872466375874,0.07460317714619358,0.5593607305936074,0.16666666666666666,6,incoming_final_layer_mean_head_attention_mass,18a4af1f3730403746730981231da4d80175603f634757c2d9b1615b467ab0b2,28c2715fbc9b16a75dc7e849a907a807c5097918ff49a92fd0b76583533998a8,87c0cf2e0f6e4cf5cf1ed4a0f6eb27af0115a73f61e811e17185afa0d20e738e
e935be4a08f19bb3,late,proof:e935be4a08f19bb3:7b8535d6ff619255965a172c,23,immediate_win|winning_line,CompletionCell,node,60,897e41795fa2ff26e0355378cf8a5167b375d14ef03f185ae2be39fb7c1c6286,0.02857142860031858,0.02857142857142857,0.028125000009313228,2.8890008441084802e-11,0.000446428591005351,0.08333333333333333,0.6857142857142857,0.0,1,incoming_final_layer_mean_head_attention_mass,18a4af1f3730403746730981231da4d80175603f634757c2d9b1615b467ab0b2,28c2715fbc9b16a75dc7e849a907a807c5097918ff49a92fd0b76583533998a8,87c0cf2e0f6e4cf5cf1ed4a0f6eb27af0115a73f61e811e17185afa0d20e738e
e935be4a08f19bb3,late,proof:e935be4a08f19bb3:7b8535d6ff619255965a172c,23,immediate_win|winning_line,ProofSupportedGeometry,edge,60,897e41795fa2ff26e0355378cf8a5167b375d14ef03f185ae2be39fb7c1c6286,0.028571428706755442,0.02857142857142857,0.028113067907823565,1.3532687123674059e-10,0.0004583607989318769,0.07460317714619358,0.5593607305936074,0.16666666666666666,6,incoming_final_layer_mean_head_attention_mass,18a4af1f3730403746730981231da4d80175603f634757c2d9b1615b467ab0b2,28c2715fbc9b16a75dc7e849a907a807c5097918ff49a92fd0b76583533998a8,87c0cf2e0f6e4cf5cf1ed4a0f6eb27af0115a73f61e811e17185afa0d20e738e
e935be4a08f19bb3,late,proof:e935be4a08f19bb3:b2d4d6d35ca07a9fe82a3886,18,simple_fork,WinningThreat,edge,60,897e41795fa2ff26e0355378cf8a5167b375d14ef03f185ae2be39fb7c1c6286,0.0824307942327169,0.08214285714285714,0.0826993085238716,0.0002879370898597605,-0.00026851429115469505,0.10401645741606105,0.5205479452054794,0.1111111111111111,18,incoming_final_layer_mean_head_attention_mass,2894174412da0d372dbcd63d35ad0a9aa7c2b9a3851a270330e23edba599d241,28c2715fbc9b16a75dc7e849a907a807c5097918ff49a92fd0b76583533998a8,87c0cf2e0f6e4cf5cf1ed4a0f6eb27af0115a73f61e811e17185afa0d20e738e
e935be4a08f19bb3,late,proof:e935be4a08f19bb3:b2d4d6d35ca07a9fe82a3886,18,simple_fork,TacticalLineWindow,edge,60,897e41795fa2ff26e0355378cf8a5167b375d14ef03f185ae2be39fb7c1c6286,0.053859365685616764,0.05357142857142857,0.054449266468244564,0.0002879371141881956,-0.0005899007826278002,0.07633568100473039,0.5133181126331812,0.08333333333333333,12,incoming_final_layer_mean_head_attention_mass,2894174412da0d372dbcd63d35ad0a9aa7c2b9a3851a270330e23edba599d241,28c2715fbc9b16a75dc7e849a907a807c5097918ff49a92fd0b76583533998a8,87c0cf2e0f6e4cf5cf1ed4a0f6eb27af0115a73f61e811e17185afa0d20e738e
e935be4a08f19bb3,late,proof:e935be4a08f19bb3:b2d4d6d35ca07a9fe82a3886,18,simple_fork,CompletionCell,node,60,897e41795fa2ff26e0355378cf8a5167b375d14ef03f185ae2be39fb7c1c6286,0.08571428564130043,0.08571428571428572,0.08258928574707207,-7.298528448274055e-11,0.0031249998942283613,0.11244800950683304,0.5428571428571428,0.0,3,incoming_final_layer_mean_head_attention_mass,2894174412da0d372dbcd63d35ad0a9aa7c2b9a3851a270330e23edba599d241,28c2715fbc9b16a75dc7e849a907a807c5097918ff49a92fd0b76583533998a8,87c0cf2e0f6e4cf5cf1ed4a0f6eb27af0115a73f61e811e17185afa0d20e738e
e935be4a08f19bb3,late,proof:e935be4a08f19bb3:b2d4d6d35ca07a9fe82a3886,18,simple_fork,ForcedResponse,node,60,897e41795fa2ff26e0355378cf8a5167b375d14ef03f185ae2be39fb7c1c6286,0.028571428493881713,0.02857142857142857,0.027901785733767462,-7.754685782401793e-11,0.0006696427601142509,0.045454545454545456,0.4,0.0,1,incoming_final_layer_mean_head_attention_mass,2894174412da0d372dbcd63d35ad0a9aa7c2b9a3851a270330e23edba599d241,28c2715fbc9b16a75dc7e849a907a807c5097918ff49a92fd0b76583533998a8,87c0cf2e0f6e4cf5cf1ed4a0f6eb27af0115a73f61e811e17185afa0d20e738e
e935be4a08f19bb3,late,proof:e935be4a08f19bb3:b2d4d6d35ca07a9fe82a3886,18,simple_fork,BlockingMove,node,60,897e41795fa2ff26e0355378cf8a5167b375d14ef03f185ae2be39fb7c1c6286,0.028571428493881713,0.02857142857142857,0.02790178573044131,-7.754685782401793e-11,0.0006696427634404027,0.045454545454545456,0.4,0.0,1,incoming_final_layer_mean_head_attention_mass,2894174412da0d372dbcd63d35ad0a9aa7c2b9a3851a270330e23edba599d241,28c2715fbc9b16a75dc7e849a907a807c5097918ff49a92fd0b76583533998a8,87c0cf2e0f6e4cf5cf1ed4a0f6eb27af0115a73f61e811e17185afa0d20e738e
e935be4a08f19bb3,late,proof:e935be4a08f19bb3:b2d4d6d35ca07a9fe82a3886,18,simple_fork,ProofSupportedGeometry,edge,60,897e41795fa2ff26e0355378cf8a5167b375d14ef03f185ae2be39fb7c1c6286,0.053859365685616764,0.05357142857142857,0.05386387931885081,0.0002879371141881956,-4.513633234046188e-06,0.07633568100473039,0.5133181126331812,0.08333333333333333,12,incoming_final_layer_mean_head_attention_mass,2894174412da0d372dbcd63d35ad0a9aa7c2b9a3851a270330e23edba599d241,28c2715fbc9b16a75dc7e849a907a807c5097918ff49a92fd0b76583533998a8,87c0cf2e0f6e4cf5cf1ed4a0f6eb27af0115a73f61e811e17185afa0d20e738e
e935be4a08f19bb3,late,proof:e935be4a08f19bb3:ccbfdafd630a4c14d570a259,18,mandatory_block,WinningThreat,edge,60,897e41795fa2ff26e0355378cf8a5167b375d14ef03f185ae2be39fb7c1c6286,0.0824307942327169,0.08214285714285714,0.08450832527385582,0.0002879370898597605,-0.002077531041138919,0.10401645741606105,0.5205479452054794,0.1111111111111111,18,incoming_final_layer_mean_head_attention_mass,3d6e2d2550f3679ec3d41c5b12c69ff59a976f206dd7257d4c32594b2d42edbf,28c2715fbc9b16a75dc7e849a907a807c5097918ff49a92fd0b76583533998a8,87c0cf2e0f6e4cf5cf1ed4a0f6eb27af0115a73f61e811e17185afa0d20e738e
e935be4a08f19bb3,late,proof:e935be4a08f19bb3:ccbfdafd630a4c14d570a259,18,mandatory_block,TacticalLineWindow,edge,60,897e41795fa2ff26e0355378cf8a5167b375d14ef03f185ae2be39fb7c1c6286,0.028571428547100146,0.02857142857142857,0.025152093807571514,-2.4328424691466566e-11,0.0034193347395286323,0.04256347677908263,0.535007610350076,0.0,6,incoming_final_layer_mean_head_attention_mass,3d6e2d2550f3679ec3d41c5b12c69ff59a976f206dd7257d4c32594b2d42edbf,28c2715fbc9b16a75dc7e849a907a807c5097918ff49a92fd0b76583533998a8,87c0cf2e0f6e4cf5cf1ed4a0f6eb27af0115a73f61e811e17185afa0d20e738e
e935be4a08f19bb3,late,proof:e935be4a08f19bb3:ccbfdafd630a4c14d570a259,18,mandatory_block,CompletionCell,node,60,897e41795fa2ff26e0355378cf8a5167b375d14ef03f185ae2be39fb7c1c6286,0.08571428564130043,0.08571428571428572,0.0832589285088494,-7.298528448274055e-11,0.0024553571324510276,0.11244800950683304,0.5428571428571428,0.0,3,incoming_final_layer_mean_head_attention_mass,3d6e2d2550f3679ec3d41c5b12c69ff59a976f206dd7257d4c32594b2d42edbf,28c2715fbc9b16a75dc7e849a907a807c5097918ff49a92fd0b76583533998a8,87c0cf2e0f6e4cf5cf1ed4a0f6eb27af0115a73f61e811e17185afa0d20e738e
e935be4a08f19bb3,late,proof:e935be4a08f19bb3:ccbfdafd630a4c14d570a259,18,mandatory_block,ForcedResponse,node,60,897e41795fa2ff26e0355378cf8a5167b375d14ef03f185ae2be39fb7c1c6286,0.028571428493881713,0.02857142857142857,0.02834821427654361,-7.754685782401793e-11,0.00022321421733810173,0.045454545454545456,0.4,0.0,1,incoming_final_layer_mean_head_attention_mass,3d6e2d2550f3679ec3d41c5b12c69ff59a976f206dd7257d4c32594b2d42edbf,28c2715fbc9b16a75dc7e849a907a807c5097918ff49a92fd0b76583533998a8,87c0cf2e0f6e4cf5cf1ed4a0f6eb27af0115a73f61e811e17185afa0d20e738e
e935be4a08f19bb3,late,proof:e935be4a08f19bb3:ccbfdafd630a4c14d570a259,18,mandatory_block,BlockingMove,node,60,897e41795fa2ff26e0355378cf8a5167b375d14ef03f185ae2be39fb7c1c6286,0.028571428493881713,0.02857142857142857,0.02745535713943596,-7.754685782401793e-11,0.0011160713544457537,0.045454545454545456,0.4,0.0,1,incoming_final_layer_mean_head_attention_mass,3d6e2d2550f3679ec3d41c5b12c69ff59a976f206dd7257d4c32594b2d42edbf,28c2715fbc9b16a75dc7e849a907a807c5097918ff49a92fd0b76583533998a8,87c0cf2e0f6e4cf5cf1ed4a0f6eb27af0115a73f61e811e17185afa0d20e738e
e935be4a08f19bb3,late,proof:e935be4a08f19bb3:ccbfdafd630a4c14d570a259,18,mandatory_block,ProofSupportedGeometry,edge,60,897e41795fa2ff26e0355378cf8a5167b375d14ef03f185ae2be39fb7c1c6286,0.028571428547100146,0.02857142857142857,0.027050305133203584,-2.4328424691466566e-11,0.001521123413896562,0.04256347677908263,0.535007610350076,0.0,6,incoming_final_layer_mean_head_attention_mass,3d6e2d2550f3679ec3d41c5b12c69ff59a976f206dd7257d4c32594b2d42edbf,28c2715fbc9b16a75dc7e849a907a807c5097918ff49a92fd0b76583533998a8,87c0cf2e0f6e4cf5cf1ed4a0f6eb27af0115a73f61e811e17185afa0d20e738e
e70a019fe84490e1,late,proof:e70a019fe84490e1:7b8535d6ff619255965a172c,23,immediate_win|winning_line,WinningThreat,edge,60,897e41795fa2ff26e0355378cf8a5167b375d14ef03f185ae2be39fb7c1c6286,0.0285714285501412,0.02857142857142857,0.026865463775323624,-2.1287371171352376e-11,0.0017059647748175755,0.07462721356673065,0.5593607305936074,0.16666666666666666,6,incoming_final_layer_mean_head_attention_mass,86b0470af14b54c8d0cb0e363744cbf28ef984f6bc738890ca8ab00cbc36d3ba,28c2715fbc9b16a75dc7e849a907a807c5097918ff49a92fd0b76583533998a8,87c0cf2e0f6e4cf5cf1ed4a0f6eb27af0115a73f61e811e17185afa0d20e738e
e70a019fe84490e1,late,proof:e70a019fe84490e1:7b8535d6ff619255965a172c,23,immediate_win|winning_line,TacticalLineWindow,edge,60,897e41795fa2ff26e0355378cf8a5167b375d14ef03f185ae2be39fb7c1c6286,0.0285714285501412,0.02857142857142857,0.02766205941960115,-2.1287371171352376e-11,0.0009093691305400477,0.07462721356673065,0.5593607305936074,0.16666666666666666,6,incoming_final_layer_mean_head_attention_mass,86b0470af14b54c8d0cb0e363744cbf28ef984f6bc738890ca8ab00cbc36d3ba,28c2715fbc9b16a75dc7e849a907a807c5097918ff49a92fd0b76583533998a8,87c0cf2e0f6e4cf5cf1ed4a0f6eb27af0115a73f61e811e17185afa0d20e738e
e70a019fe84490e1,late,proof:e70a019fe84490e1:7b8535d6ff619255965a172c,23,immediate_win|winning_line,CompletionCell,node,60,897e41795fa2ff26e0355378cf8a5167b375d14ef03f185ae2be39fb7c1c6286,0.028571428603359632,0.02857142857142857,0.028124999985697542,3.193106196119899e-11,0.0004464286176620903,0.058823529411764705,0.5428571428571428,0.0,1,incoming_final_layer_mean_head_attention_mass,86b0470af14b54c8d0cb0e363744cbf28ef984f6bc738890ca8ab00cbc36d3ba,28c2715fbc9b16a75dc7e849a907a807c5097918ff49a92fd0b76583533998a8,87c0cf2e0f6e4cf5cf1ed4a0f6eb27af0115a73f61e811e17185afa0d20e738e
e70a019fe84490e1,late,proof:e70a019fe84490e1:7b8535d6ff619255965a172c,23,immediate_win|winning_line,ProofSupportedGeometry,edge,60,897e41795fa2ff26e0355378cf8a5167b375d14ef03f185ae2be39fb7c1c6286,0.0285714285501412,0.02857142857142857,0.02688473690726202,-2.1287371171352376e-11,0.001686691642879181,0.07462721356673065,0.5593607305936074,0.16666666666666666,6,incoming_final_layer_mean_head_attention_mass,86b0470af14b54c8d0cb0e363744cbf28ef984f6bc738890ca8ab00cbc36d3ba,28c2715fbc9b16a75dc7e849a907a807c5097918ff49a92fd0b76583533998a8,87c0cf2e0f6e4cf5cf1ed4a0f6eb27af0115a73f61e811e17185afa0d20e738e
9e3b391509c72b22,mid,proof:9e3b391509c72b22:9fdb828fd431ed3a78858fc8,8,mandatory_block,WinningThreat,edge,60,897e41795fa2ff26e0355378cf8a5167b375d14ef03f185ae2be39fb7c1c6286,0.0250210735141735,0.025,0.028263643071253404,2.1073514173498842e-05,-0.0032425695570799037,0.0285903612252264,0.4581430745814307,0.0,6,incoming_final_layer_mean_head_attention_mass,703bb15d21c165cff282339349ea333371e9f876327c5a5620cb637b911582d8,28c2715fbc9b16a75dc7e849a907a807c5097918ff49a92fd0b76583533998a8,87c0cf2e0f6e4cf5cf1ed4a0f6eb27af0115a73f61e811e17185afa0d20e738e
9e3b391509c72b22,mid,proof:9e3b391509c72b22:9fdb828fd431ed3a78858fc8,8,mandatory_block,TacticalLineWindow,edge,60,897e41795fa2ff26e0355378cf8a5167b375d14ef03f185ae2be39fb7c1c6286,0.0250210735141735,0.025,0.028882961892444336,2.1073514173498842e-05,-0.0038618883782708356,0.0285903612252264,0.4581430745814307,0.0,6,incoming_final_layer_mean_head_attention_mass,703bb15d21c165cff282339349ea333371e9f876327c5a5620cb637b911582d8,28c2715fbc9b16a75dc7e849a907a807c5097918ff49a92fd0b76583533998a8,87c0cf2e0f6e4cf5cf1ed4a0f6eb27af0115a73f61e811e17185afa0d20e738e
9e3b391509c72b22,mid,proof:9e3b391509c72b22:9fdb828fd431ed3a78858fc8,8,mandatory_block,CompletionCell,node,60,897e41795fa2ff26e0355378cf8a5167b375d14ef03f185ae2be39fb7c1c6286,0.02857142806129188,0.02857142857142857,0.027678571474876214,-5.101366898352389e-10,0.0008928565864156669,0.03125,0.11428571428571428,0.0,1,incoming_final_layer_mean_head_attention_mass,703bb15d21c165cff282339349ea333371e9f876327c5a5620cb637b911582d8,28c2715fbc9b16a75dc7e849a907a807c5097918ff49a92fd0b76583533998a8,87c0cf2e0f6e4cf5cf1ed4a0f6eb27af0115a73f61e811e17185afa0d20e738e
9e3b391509c72b22,mid,proof:9e3b391509c72b22:9fdb828fd431ed3a78858fc8,8,mandatory_block,ForcedResponse,node,60,897e41795fa2ff26e0355378cf8a5167b375d14ef03f185ae2be39fb7c1c6286,0.02857142806129188,0.02857142857142857,0.028124999995925465,-5.101366898352389e-10,0.00044642806536641585,0.03125,0.11428571428571428,0.0,1,incoming_final_layer_mean_head_attention_mass,703bb15d21c165cff282339349ea333371e9f876327c5a5620cb637b911582d8,28c2715fbc9b16a75dc7e849a907a807c5097918ff49a92fd0b76583533998a8,87c0cf2e0f6e4cf5cf1ed4a0f6eb27af0115a73f61e811e17185afa0d20e738e
9e3b391509c72b22,mid,proof:9e3b391509c72b22:9fdb828fd431ed3a78858fc8,8,mandatory_block,BlockingMove,node,60,897e41795fa2ff26e0355378cf8a5167b375d14ef03f185ae2be39fb7c1c6286,0.02857142806129188,0.02857142857142857,0.027678571420826248,-5.101366898352389e-10,0.0008928566404656328,0.03125,0.11428571428571428,0.0,1,incoming_final_layer_mean_head_attention_mass,703bb15d21c165cff282339349ea333371e9f876327c5a5620cb637b911582d8,28c2715fbc9b16a75dc7e849a907a807c5097918ff49a92fd0b76583533998a8,87c0cf2e0f6e4cf5cf1ed4a0f6eb27af0115a73f61e811e17185afa0d20e738e
9e3b391509c72b22,mid,proof:9e3b391509c72b22:9fdb828fd431ed3a78858fc8,8,mandatory_block,ProofSupportedGeometry,edge,60,897e41795fa2ff26e0355378cf8a5167b375d14ef03f185ae2be39fb7c1c6286,0.0250210735141735,0.025,0.02775832729246224,2.1073514173498842e-05,-0.002737253778288741,0.0285903612252264,0.4581430745814307,0.0,6,incoming_final_layer_mean_head_attention_mass,703bb15d21c165cff282339349ea333371e9f876327c5a5620cb637b911582d8,28c2715fbc9b16a75dc7e849a907a807c5097918ff49a92fd0b76583533998a8,87c0cf2e0f6e4cf5cf1ed4a0f6eb27af0115a73f61e811e17185afa0d20e738e
85bae8f3c9ae0365,mid,proof:85bae8f3c9ae0365:2c9daa79abf6399e87928c04,23,mandatory_block,WinningThreat,edge,60,897e41795fa2ff26e0355378cf8a5167b375d14ef03f185ae2be39fb7c1c6286,0.05301062199147787,0.05357142857142857,0.054279171198926016,-0.0005608065799506956,-0.0012685492074481428,0.07412673376648653,0.4687975646879756,0.08333333333333333,12,incoming_final_layer_mean_head_attention_mass,7811bc3b61e02c44e6c78392a8684bbb231f49dabfd93fc99d39783a8c52fbcf,28c2715fbc9b16a75dc7e849a907a807c5097918ff49a92fd0b76583533998a8,87c0cf2e0f6e4cf5cf1ed4a0f6eb27af0115a73f61e811e17185afa0d20e738e
85bae8f3c9ae0365,mid,proof:85bae8f3c9ae0365:2c9daa79abf6399e87928c04,23,mandatory_block,TacticalLineWindow,edge,60,897e41795fa2ff26e0355378cf8a5167b375d14ef03f185ae2be39fb7c1c6286,0.02443919333946139,0.025,0.02666775263661775,-0.0005608066605386104,-0.00222855929715636,0.02640677047801233,0.378234398782344,0.0,6,incoming_final_layer_mean_head_attention_mass,7811bc3b61e02c44e6c78392a8684bbb231f49dabfd93fc99d39783a8c52fbcf,28c2715fbc9b16a75dc7e849a907a807c5097918ff49a92fd0b76583533998a8,87c0cf2e0f6e4cf5cf1ed4a0f6eb27af0115a73f61e811e17185afa0d20e738e
85bae8f3c9ae0365,mid,proof:85bae8f3c9ae0365:2c9daa79abf6399e87928c04,23,mandatory_block,CompletionCell,node,60,897e41795fa2ff26e0355378cf8a5167b375d14ef03f185ae2be39fb7c1c6286,0.05714285709115924,0.05714285714285714,0.056473214321102166,-5.169790290304732e-11,0.0006696427700570717,0.09,0.5285714285714286,0.0,2,incoming_final_layer_mean_head_attention_mass,7811bc3b61e02c44e6c78392a8684bbb231f49dabfd93fc99d39783a8c52fbcf,28c2715fbc9b16a75dc7e849a907a807c5097918ff49a92fd0b76583533998a8,87c0cf2e0f6e4cf5cf1ed4a0f6eb27af0115a73f61e811e17185afa0d20e738e
85bae8f3c9ae0365,mid,proof:85bae8f3c9ae0365:2c9daa79abf6399e87928c04,23,mandatory_block,ForcedResponse,node,60,897e41795fa2ff26e0355378cf8a5167b375d14ef03f185ae2be39fb7c1c6286,0.028571428652016485,0.02857142857142857,0.02834821428501342,8.058791481357908e-11,0.00022321436700306618,0.1,0.7428571428571429,0.0,1,incoming_final_layer_mean_head_attention_mass,7811bc3b61e02c44e6c78392a8684bbb231f49dabfd93fc99d39783a8c52fbcf,28c2715fbc9b16a75dc7e849a907a807c5097918ff49a92fd0b76583533998a8,87c0cf2e0f6e4cf5cf1ed4a0f6eb27af0115a73f61e811e17185afa0d20e738e
85bae8f3c9ae0365,mid,proof:85bae8f3c9ae0365:2c9daa79abf6399e87928c04,23,mandatory_block,BlockingMove,node,60,897e41795fa2ff26e0355378cf8a5167b375d14ef03f185ae2be39fb7c1c6286,0.028571428652016485,0.02857142857142857,0.028125000021121067,8.058791481357908e-11,0.00044642863089541795,0.1,0.7428571428571429,0.0,1,incoming_final_layer_mean_head_attention_mass,7811bc3b61e02c44e6c78392a8684bbb231f49dabfd93fc99d39783a8c52fbcf,28c2715fbc9b16a75dc7e849a907a807c5097918ff49a92fd0b76583533998a8,87c0cf2e0f6e4cf5cf1ed4a0f6eb27af0115a73f61e811e17185afa0d20e738e
85bae8f3c9ae0365,mid,proof:85bae8f3c9ae0365:2c9daa79abf6399e87928c04,23,mandatory_block,ProofSupportedGeometry,edge,60,897e41795fa2ff26e0355378cf8a5167b375d14ef03f185ae2be39fb7c1c6286,0.02443919333946139,0.025,0.02777788555397391,-0.0005608066605386104,-0.0033386922145125196,0.02640677047801233,0.378234398782344,0.0,6,incoming_final_layer_mean_head_attention_mass,7811bc3b61e02c44e6c78392a8684bbb231f49dabfd93fc99d39783a8c52fbcf,28c2715fbc9b16a75dc7e849a907a807c5097918ff49a92fd0b76583533998a8,87c0cf2e0f6e4cf5cf1ed4a0f6eb27af0115a73f61e811e17185afa0d20e738e
c3f583a297ecfc3c,mid,proof:c3f583a297ecfc3c:e234ebc1091cbb1dbfacaa53,6,mandatory_block,WinningThreat,edge,60,897e41795fa2ff26e0355378cf8a5167b375d14ef03f185ae2be39fb7c1c6286,0.024991128482591416,0.025,0.02767914864134831,-8.8715174085853e-06,-0.0026880201587568923,0.02659166841410024,0.4284627092846271,0.0,6,incoming_final_layer_mean_head_attention_mass,4264137fbbd6661a90d28c2a77c9c61d896a6921d0141bc73da78d682e4f5651,28c2715fbc9b16a75dc7e849a907a807c5097918ff49a92fd0b76583533998a8,87c0cf2e0f6e4cf5cf1ed4a0f6eb27af0115a73f61e811e17185afa0d20e738e
c3f583a297ecfc3c,mid,proof:c3f583a297ecfc3c:e234ebc1091cbb1dbfacaa53,6,mandatory_block,TacticalLineWindow,edge,60,897e41795fa2ff26e0355378cf8a5167b375d14ef03f185ae2be39fb7c1c6286,0.024991128482591416,0.025,0.02660687236850421,-8.8715174085853e-06,-0.0016157438859127939,0.02659166841410024,0.4284627092846271,0.0,6,incoming_final_layer_mean_head_attention_mass,4264137fbbd6661a90d28c2a77c9c61d896a6921d0141bc73da78d682e4f5651,28c2715fbc9b16a75dc7e849a907a807c5097918ff49a92fd0b76583533998a8,87c0cf2e0f6e4cf5cf1ed4a0f6eb27af0115a73f61e811e17185afa0d20e738e
c3f583a297ecfc3c,mid,proof:c3f583a297ecfc3c:e234ebc1091cbb1dbfacaa53,6,mandatory_block,CompletionCell,node,60,897e41795fa2ff26e0355378cf8a5167b375d14ef03f185ae2be39fb7c1c6286,0.028571428512888294,0.02857142857142857,0.02745535712194396,-5.85402767927512e-11,0.0011160713909443322,0.05263157894736842,0.4857142857142857,0.0,1,incoming_final_layer_mean_head_attention_mass,4264137fbbd6661a90d28c2a77c9c61d896a6921d0141bc73da78d682e4f5651,28c2715fbc9b16a75dc7e849a907a807c5097918ff49a92fd0b76583533998a8,87c0cf2e0f6e4cf5cf1ed4a0f6eb27af0115a73f61e811e17185afa0d20e738e
c3f583a297ecfc3c,mid,proof:c3f583a297ecfc3c:e234ebc1091cbb1dbfacaa53,6,mandatory_block,ForcedResponse,node,60,897e41795fa2ff26e0355378cf8a5167b375d14ef03f185ae2be39fb7c1c6286,0.028571428512888294,0.02857142857142857,0.0272321428262928,-5.85402767927512e-11,0.0013392856865954948,0.05263157894736842,0.4857142857142857,0.0,1,incoming_final_layer_mean_head_attention_mass,4264137fbbd6661a90d28c2a77c9c61d896a6921d0141bc73da78d682e4f5651,28c2715fbc9b16a75dc7e849a907a807c5097918ff49a92fd0b76583533998a8,87c0cf2e0f6e4cf5cf1ed4a0f6eb27af0115a73f61e811e17185afa0d20e738e
c3f583a297ecfc3c,mid,proof:c3f583a297ecfc3c:e234ebc1091cbb1dbfacaa53,6,mandatory_block,BlockingMove,node,60,897e41795fa2ff26e0355378cf8a5167b375d14ef03f185ae2be39fb7c1c6286,0.028571428512888294,0.02857142857142857,0.028125000052137434,-5.85402767927512e-11,0.0004464284607508598,0.05263157894736842,0.4857142857142857,0.0,1,incoming_final_layer_mean_head_attention_mass,4264137fbbd6661a90d28c2a77c9c61d896a6921d0141bc73da78d682e4f5651,28c2715fbc9b16a75dc7e849a907a807c5097918ff49a92fd0b76583533998a8,87c0cf2e0f6e4cf5cf1ed4a0f6eb27af0115a73f61e811e17185afa0d20e738e
c3f583a297ecfc3c,mid,proof:c3f583a297ecfc3c:e234ebc1091cbb1dbfacaa53,6,mandatory_block,ProofSupportedGeometry,edge,60,897e41795fa2ff26e0355378cf8a5167b375d14ef03f185ae2be39fb7c1c6286,0.024991128482591416,0.025,0.02721911572477291,-8.8715174085853e-06,-0.0022279872421814943,0.02659166841410024,0.4284627092846271,0.0,6,incoming_final_layer_mean_head_attention_mass,4264137fbbd6661a90d28c2a77c9c61d896a6921d0141bc73da78d682e4f5651,28c2715fbc9b16a75dc7e849a907a807c5097918ff49a92fd0b76583533998a8,87c0cf2e0f6e4cf5cf1ed4a0f6eb27af0115a73f61e811e17185afa0d20e738e
0a43f69ab365b4d3,mid,proof:0a43f69ab365b4d3:9fdb828fd431ed3a78858fc8,8,mandatory_block,WinningThreat,edge,60,897e41795fa2ff26e0355378cf8a5167b375d14ef03f185ae2be39fb7c1c6286,0.025021073662555206,0.025,0.02703701674392219,2.107366255520507e-05,-0.0020159430813669853,0.028892637703334254,0.4573820395738204,0.0,6,incoming_final_layer_mean_head_attention_mass,d382abe15e09ddd15866d44c3ccb8a36fd48010ccb87f9b2f7374efd39f7d677,28c2715fbc9b16a75dc7e849a907a807c5097918ff49a92fd0b76583533998a8,87c0cf2e0f6e4cf5cf1ed4a0f6eb27af0115a73f61e811e17185afa0d20e738e
0a43f69ab365b4d3,mid,proof:0a43f69ab365b4d3:9fdb828fd431ed3a78858fc8,8,mandatory_block,TacticalLineWindow,edge,60,897e41795fa2ff26e0355378cf8a5167b375d14ef03f185ae2be39fb7c1c6286,0.025021073662555206,0.025,0.027715806566172087,2.107366255520507e-05,-0.002694732903616881,0.028892637703334254,0.4573820395738204,0.0,6,incoming_final_layer_mean_head_attention_mass,d382abe15e09ddd15866d44c3ccb8a36fd48010ccb87f9b2f7374efd39f7d677,28c2715fbc9b16a75dc7e849a907a807c5097918ff49a92fd0b76583533998a8,87c0cf2e0f6e4cf5cf1ed4a0f6eb27af0115a73f61e811e17185afa0d20e738e
0a43f69ab365b4d3,mid,proof:0a43f69ab365b4d3:9fdb828fd431ed3a78858fc8,8,mandatory_block,CompletionCell,node,60,897e41795fa2ff26e0355378cf8a5167b375d14ef03f185ae2be39fb7c1c6286,0.02857142810918847,0.02857142857142857,0.027678571421491476,-4.622401003628873e-10,0.000892856687696994,0.03125,0.11428571428571428,0.0,1,incoming_final_layer_mean_head_attention_mass,d382abe15e09ddd15866d44c3ccb8a36fd48010ccb87f9b2f7374efd39f7d677,28c2715fbc9b16a75dc7e849a907a807c5097918ff49a92fd0b76583533998a8,87c0cf2e0f6e4cf5cf1ed4a0f6eb27af0115a73f61e811e17185afa0d20e738e
0a43f69ab365b4d3,mid,proof:0a43f69ab365b4d3:9fdb828fd431ed3a78858fc8,8,mandatory_block,ForcedResponse,node,60,897e41795fa2ff26e0355378cf8a5167b375d14ef03f185ae2be39fb7c1c6286,0.02857142810918847,0.02857142857142857,0.0279017856956949,-4.622401003628873e-10,0.0006696424134935708,0.03125,0.11428571428571428,0.0,1,incoming_final_layer_mean_head_attention_mass,d382abe15e09ddd15866d44c3ccb8a36fd48010ccb87f9b2f7374efd39f7d677,28c2715fbc9b16a75dc7e849a907a807c5097918ff49a92fd0b76583533998a8,87c0cf2e0f6e4cf5cf1ed4a0f6eb27af0115a73f61e811e17185afa0d20e738e
0a43f69ab365b4d3,mid,proof:0a43f69ab365b4d3:9fdb828fd431ed3a78858fc8,8,mandatory_block,BlockingMove,node,60,897e41795fa2ff26e0355378cf8a5167b375d14ef03f185ae2be39fb7c1c6286,0.02857142810918847,0.02857142857142857,0.028348214287341727,-4.622401003628873e-10,0.00022321382184674332,0.03125,0.11428571428571428,0.0,1,incoming_final_layer_mean_head_attention_mass,d382abe15e09ddd15866d44c3ccb8a36fd48010ccb87f9b2f7374efd39f7d677,28c2715fbc9b16a75dc7e849a907a807c5097918ff49a92fd0b76583533998a8,87c0cf2e0f6e4cf5cf1ed4a0f6eb27af0115a73f61e811e17185afa0d20e738e
0a43f69ab365b4d3,mid,proof:0a43f69ab365b4d3:9fdb828fd431ed3a78858fc8,8,mandatory_block,ProofSupportedGeometry,edge,60,897e41795fa2ff26e0355378cf8a5167b375d14ef03f185ae2be39fb7c1c6286,0.025021073662555206,0.025,0.02756860739602067,2.107366255520507e-05,-0.002547533733465463,0.028892637703334254,0.4573820395738204,0.0,6,incoming_final_layer_mean_head_attention_mass,d382abe15e09ddd15866d44c3ccb8a36fd48010ccb87f9b2f7374efd39f7d677,28c2715fbc9b16a75dc7e849a907a807c5097918ff49a92fd0b76583533998a8,87c0cf2e0f6e4cf5cf1ed4a0f6eb27af0115a73f61e811e17185afa0d20e738e
acf4b5c3199cdd7c,mid,proof:acf4b5c3199cdd7c:2c9daa79abf6399e87928c04,23,mandatory_block,WinningThreat,edge,60,897e41795fa2ff26e0355378cf8a5167b375d14ef03f185ae2be39fb7c1c6286,0.024439193332958315,0.025,0.027274663436689942,-0.0005608066670416863,-0.002835470103731627,0.026024093741400817,0.37671232876712324,0.0,6,incoming_final_layer_mean_head_attention_mass,743a0fa0f4c5b7a242fe853220a90de1a819b749773f6a484b0b3d05d96bd1dc,28c2715fbc9b16a75dc7e849a907a807c5097918ff49a92fd0b76583533998a8,87c0cf2e0f6e4cf5cf1ed4a0f6eb27af0115a73f61e811e17185afa0d20e738e
acf4b5c3199cdd7c,mid,proof:acf4b5c3199cdd7c:2c9daa79abf6399e87928c04,23,mandatory_block,TacticalLineWindow,edge,60,897e41795fa2ff26e0355378cf8a5167b375d14ef03f185ae2be39fb7c1c6286,0.024439193332958315,0.025,0.027113585157306656,-0.0005608066670416863,-0.0026743918243483412,0.026024093741400817,0.37671232876712324,0.0,6,incoming_final_layer_mean_head_attention_mass,743a0fa0f4c5b7a242fe853220a90de1a819b749773f6a484b0b3d05d96bd1dc,28c2715fbc9b16a75dc7e849a907a807c5097918ff49a92fd0b76583533998a8,87c0cf2e0f6e4cf5cf1ed4a0f6eb27af0115a73f61e811e17185afa0d20e738e
acf4b5c3199cdd7c,mid,proof:acf4b5c3199cdd7c:2c9daa79abf6399e87928c04,23,mandatory_block,CompletionCell,node,60,897e41795fa2ff26e0355378cf8a5167b375d14ef03f185ae2be39fb7c1c6286,0.02857142864441385,0.02857142857142857,0.028348214337340916,7.29852810132936e-11,0.00022321430707293588,0.09090909090909091,0.7142857142857143,0.0,1,incoming_final_layer_mean_head_attention_mass,743a0fa0f4c5b7a242fe853220a90de1a819b749773f6a484b0b3d05d96bd1dc,28c2715fbc9b16a75dc7e849a907a807c5097918ff49a92fd0b76583533998a8,87c0cf2e0f6e4cf5cf1ed4a0f6eb27af0115a73f61e811e17185afa0d20e738e
acf4b5c3199cdd7c,mid,proof:acf4b5c3199cdd7c:2c9daa79abf6399e87928c04,23,mandatory_block,ForcedResponse,node,60,897e41795fa2ff26e0355378cf8a5167b375d14ef03f185ae2be39fb7c1c6286,0.02857142864441385,0.02857142857142857,0.027455357165593768,7.29852810132936e-11,0.001116071478820084,0.09090909090909091,0.7142857142857143,0.0,1,incoming_final_layer_mean_head_attention_mass,743a0fa0f4c5b7a242fe853220a90de1a819b749773f6a484b0b3d05d96bd1dc,28c2715fbc9b16a75dc7e849a907a807c5097918ff49a92fd0b76583533998a8,87c0cf2e0f6e4cf5cf1ed4a0f6eb27af0115a73f61e811e17185afa0d20e738e
acf4b5c3199cdd7c,mid,proof:acf4b5c3199cdd7c:2c9daa79abf6399e87928c04,23,mandatory_block,BlockingMove,node,60,897e41795fa2ff26e0355378cf8a5167b375d14ef03f185ae2be39fb7c1c6286,0.02857142864441385,0.02857142857142857,0.027678571426100574,7.29852810132936e-11,0.0008928572183132776,0.09090909090909091,0.7142857142857143,0.0,1,incoming_final_layer_mean_head_attention_mass,743a0fa0f4c5b7a242fe853220a90de1a819b749773f6a484b0b3d05d96bd1dc,28c2715fbc9b16a75dc7e849a907a807c5097918ff49a92fd0b76583533998a8,87c0cf2e0f6e4cf5cf1ed4a0f6eb27af0115a73f61e811e17185afa0d20e738e
acf4b5c3199cdd7c,mid,proof:acf4b5c3199cdd7c:2c9daa79abf6399e87928c04,23,mandatory_block,ProofSupportedGeometry,edge,60,897e41795fa2ff26e0355378cf8a5167b375d14ef03f185ae2be39fb7c1c6286,0.024439193332958315,0.025,0.02799253898688268,-0.0005608066670416863,-0.0035533456539243655,0.026024093741400817,0.37671232876712324,0.0,6,incoming_final_layer_mean_head_attention_mass,743a0fa0f4c5b7a242fe853220a90de1a819b749773f6a484b0b3d05d96bd1dc,28c2715fbc9b16a75dc7e849a907a807c5097918ff49a92fd0b76583533998a8,87c0cf2e0f6e4cf5cf1ed4a0f6eb27af0115a73f61e811e17185afa0d20e738e
acf4b5c3199cdd7c,mid,proof:acf4b5c3199cdd7c:7b8535d6ff619255965a172c,23,immediate_win|winning_line,WinningThreat,edge,60,897e41795fa2ff26e0355378cf8a5167b375d14ef03f185ae2be39fb7c1c6286,0.053010621604843135,0.05357142857142857,0.05514293600103182,-0.0005608069665854337,-0.0021323143961886823,0.0747942876098789,0.46803652968036524,0.08333333333333333,12,incoming_final_layer_mean_head_attention_mass,7bb37aa0895a322ea0c96031a77e0a909cea256a8ebcca4df9e25a5f195c3105,28c2715fbc9b16a75dc7e849a907a807c5097918ff49a92fd0b76583533998a8,87c0cf2e0f6e4cf5cf1ed4a0f6eb27af0115a73f61e811e17185afa0d20e738e
acf4b5c3199cdd7c,mid,proof:acf4b5c3199cdd7c:7b8535d6ff619255965a172c,23,immediate_win|winning_line,TacticalLineWindow,edge,60,897e41795fa2ff26e0355378cf8a5167b375d14ef03f185ae2be39fb7c1c6286,0.02857142827188482,0.02857142857142857,0.026736458777080044,-2.99543750914566e-10,0.0018349694948047758,0.07609162534200016,0.5593607305936074,0.16666666666666666,6,incoming_final_layer_mean_head_attention_mass,7bb37aa0895a322ea0c96031a77e0a909cea256a8ebcca4df9e25a5f195c3105,28c2715fbc9b16a75dc7e849a907a807c5097918ff49a92fd0b76583533998a8,87c0cf2e0f6e4cf5cf1ed4a0f6eb27af0115a73f61e811e17185afa0d20e738e
acf4b5c3199cdd7c,mid,proof:acf4b5c3199cdd7c:7b8535d6ff619255965a172c,23,immediate_win|winning_line,CompletionCell,node,60,897e41795fa2ff26e0355378cf8a5167b375d14ef03f185ae2be39fb7c1c6286,0.02857142864441385,0.02857142857142857,0.027678571457699017,7.29852810132936e-11,0.0008928571867148349,0.09090909090909091,0.7142857142857143,0.0,1,incoming_final_layer_mean_head_attention_mass,7bb37aa0895a322ea0c96031a77e0a909cea256a8ebcca4df9e25a5f195c3105,28c2715fbc9b16a75dc7e849a907a807c5097918ff49a92fd0b76583533998a8,87c0cf2e0f6e4cf5cf1ed4a0f6eb27af0115a73f61e811e17185afa0d20e738e
acf4b5c3199cdd7c,mid,proof:acf4b5c3199cdd7c:7b8535d6ff619255965a172c,23,immediate_win|winning_line,ForcedResponse,node,60,897e41795fa2ff26e0355378cf8a5167b375d14ef03f185ae2be39fb7c1c6286,0.02857142864441385,0.02857142857142857,0.028125000011974148,7.29852810132936e-11,0.0004464286324397035,0.09090909090909091,0.7142857142857143,0.0,1,incoming_final_layer_mean_head_attention_mass,7bb37aa0895a322ea0c96031a77e0a909cea256a8ebcca4df9e25a5f195c3105,28c2715fbc9b16a75dc7e849a907a807c5097918ff49a92fd0b76583533998a8,87c0cf2e0f6e4cf5cf1ed4a0f6eb27af0115a73f61e811e17185afa0d20e738e
acf4b5c3199cdd7c,mid,proof:acf4b5c3199cdd7c:7b8535d6ff619255965a172c,23,immediate_win|winning_line,BlockingMove,node,60,897e41795fa2ff26e0355378cf8a5167b375d14ef03f185ae2be39fb7c1c6286,0.02857142864441385,0.02857142857142857,0.027901785671639694,7.29852810132936e-11,0.0006696429727741579,0.09090909090909091,0.7142857142857143,0.0,1,incoming_final_layer_mean_head_attention_mass,7bb37aa0895a322ea0c96031a77e0a909cea256a8ebcca4df9e25a5f195c3105,28c2715fbc9b16a75dc7e849a907a807c5097918ff49a92fd0b76583533998a8,87c0cf2e0f6e4cf5cf1ed4a0f6eb27af0115a73f61e811e17185afa0d20e738e
acf4b5c3199cdd7c,mid,proof:acf4b5c3199cdd7c:7b8535d6ff619255965a172c,23,immediate_win|winning_line,ProofSupportedGeometry,edge,60,897e41795fa2ff26e0355378cf8a5167b375d14ef03f185ae2be39fb7c1c6286,0.02857142827188482,0.02857142857142857,0.027130453133723035,-2.99543750914566e-10,0.0014409751381617847,0.07609162534200016,0.5593607305936074,0.16666666666666666,6,incoming_final_layer_mean_head_attention_mass,7bb37aa0895a322ea0c96031a77e0a909cea256a8ebcca4df9e25a5f195c3105,28c2715fbc9b16a75dc7e849a907a807c5097918ff49a92fd0b76583533998a8,87c0cf2e0f6e4cf5cf1ed4a0f6eb27af0115a73f61e811e17185afa0d20e738e
ffb26c129585a7ef,mid,proof:ffb26c129585a7ef:76048e21183d9fcc6b883009,2,immediate_win|winning_line,WinningThreat,edge,60,897e41795fa2ff26e0355378cf8a5167b375d14ef03f185ae2be39fb7c1c6286,0.02530742900861818,0.025,0.027144821674208182,0.00030742900861817704,-0.0018373926655900034,0.03210672381805116,0.47869101978691014,0.0,6,incoming_final_layer_mean_head_attention_mass,0504a76646cdfdfbc959cb986dd6927b3b5d9f95e348e7484358c6c914af1d74,28c2715fbc9b16a75dc7e849a907a807c5097918ff49a92fd0b76583533998a8,87c0cf2e0f6e4cf5cf1ed4a0f6eb27af0115a73f61e811e17185afa0d20e738e
ffb26c129585a7ef,mid,proof:ffb26c129585a7ef:76048e21183d9fcc6b883009,2,immediate_win|winning_line,TacticalLineWindow,edge,60,897e41795fa2ff26e0355378cf8a5167b375d14ef03f185ae2be39fb7c1c6286,0.02530742900861818,0.025,0.027867153825440673,0.00030742900861817704,-0.0025597248168224944,0.03210672381805116,0.47869101978691014,0.0,6,incoming_final_layer_mean_head_attention_mass,0504a76646cdfdfbc959cb986dd6927b3b5d9f95e348e7484358c6c914af1d74,28c2715fbc9b16a75dc7e849a907a807c5097918ff49a92fd0b76583533998a8,87c0cf2e0f6e4cf5cf1ed4a0f6eb27af0115a73f61e811e17185afa0d20e738e
ffb26c129585a7ef,mid,proof:ffb26c129585a7ef:76048e21183d9fcc6b883009,2,immediate_win|winning_line,CompletionCell,node,60,897e41795fa2ff26e0355378cf8a5167b375d14ef03f185ae2be39fb7c1c6286,0.028571428631489374,0.02857142857142857,0.02790178564820814,6.00608035528083e-11,0.0006696429832812358,0.125,0.8,0.0,1,incoming_final_layer_mean_head_attention_mass,0504a76646cdfdfbc959cb986dd6927b3b5d9f95e348e7484358c6c914af1d74,28c2715fbc9b16a75dc7e849a907a807c5097918ff49a92fd0b76583533998a8,87c0cf2e0f6e4cf5cf1ed4a0f6eb27af0115a73f61e811e17185afa0d20e738e
ffb26c129585a7ef,mid,proof:ffb26c129585a7ef:76048e21183d9fcc6b883009,2,immediate_win|winning_line,ProofSupportedGeometry,edge,60,897e41795fa2ff26e0355378cf8a5167b375d14ef03f185ae2be39fb7c1c6286,0.02530742900861818,0.025,0.02670831238324203,0.00030742900861817704,-0.0014008833746238514,0.03210672381805116,0.47869101978691014,0.0,6,incoming_final_layer_mean_head_attention_mass,0504a76646cdfdfbc959cb986dd6927b3b5d9f95e348e7484358c6c914af1d74,28c2715fbc9b16a75dc7e849a907a807c5097918ff49a92fd0b76583533998a8,87c0cf2e0f6e4cf5cf1ed4a0f6eb27af0115a73f61e811e17185afa0d20e738e
7ffa0a410b2e3d2a,mid,proof:7ffa0a410b2e3d2a:45978ee638a56849b8d6e74d,0,immediate_win|winning_line,WinningThreat,edge,60,897e41795fa2ff26e0355378cf8a5167b375d14ef03f185ae2be39fb7c1c6286,0.025069496385572126,0.025,0.02630547773252779,6.949638557212506e-05,-0.0012359813469556627,0.028432230064951065,0.4649923896499239,0.0,6,incoming_final_layer_mean_head_attention_mass,57916aaf24f875de56b3a9407776c8d514efe892f0c8170c7a2cc5a419631c69,28c2715fbc9b16a75dc7e849a907a807c5097918ff49a92fd0b76583533998a8,87c0cf2e0f6e4cf5cf1ed4a0f6eb27af0115a73f61e811e17185afa0d20e738e
7ffa0a410b2e3d2a,mid,proof:7ffa0a410b2e3d2a:45978ee638a56849b8d6e74d,0,immediate_win|winning_line,TacticalLineWindow,edge,60,897e41795fa2ff26e0355378cf8a5167b375d14ef03f185ae2be39fb7c1c6286,0.025069496385572126,0.025,0.02773350394133322,6.949638557212506e-05,-0.002664007555761093,0.028432230064951065,0.4649923896499239,0.0,6,incoming_final_layer_mean_head_attention_mass,57916aaf24f875de56b3a9407776c8d514efe892f0c8170c7a2cc5a419631c69,28c2715fbc9b16a75dc7e849a907a807c5097918ff49a92fd0b76583533998a8,87c0cf2e0f6e4cf5cf1ed4a0f6eb27af0115a73f61e811e17185afa0d20e738e
7ffa0a410b2e3d2a,mid,proof:7ffa0a410b2e3d2a:45978ee638a56849b8d6e74d,0,immediate_win|winning_line,CompletionCell,node,60,897e41795fa2ff26e0355378cf8a5167b375d14ef03f185ae2be39fb7c1c6286,0.021428571454800514,0.02142857142857143,0.027678571432515293,2.622908487626141e-11,-0.00624999997771478,0.030303030303030304,0.08571428571428572,0.0,1,incoming_final_layer_mean_head_attention_mass,57916aaf24f875de56b3a9407776c8d514efe892f0c8170c7a2cc5a419631c69,28c2715fbc9b16a75dc7e849a907a807c5097918ff49a92fd0b76583533998a8,87c0cf2e0f6e4cf5cf1ed4a0f6eb27af0115a73f61e811e17185afa0d20e738e
7ffa0a410b2e3d2a,mid,proof:7ffa0a410b2e3d2a:45978ee638a56849b8d6e74d,0,immediate_win|winning_line,ProofSupportedGeometry,edge,60,897e41795fa2ff26e0355378cf8a5167b375d14ef03f185ae2be39fb7c1c6286,0.025069496385572126,0.025,0.026611962374942386,6.949638557212506e-05,-0.0015424659893702591,0.028432230064951065,0.4649923896499239,0.0,6,incoming_final_layer_mean_head_attention_mass,57916aaf24f875de56b3a9407776c8d514efe892f0c8170c7a2cc5a419631c69,28c2715fbc9b16a75dc7e849a907a807c5097918ff49a92fd0b76583533998a8,87c0cf2e0f6e4cf5cf1ed4a0f6eb27af0115a73f61e811e17185afa0d20e738e
7ffa0a410b2e3d2a,mid,proof:7ffa0a410b2e3d2a:9fdb828fd431ed3a78858fc8,8,mandatory_block,WinningThreat,edge,60,897e41795fa2ff26e0355378cf8a5167b375d14ef03f185ae2be39fb7c1c6286,0.05012249154452859,0.05,0.054208009970935014,0.0001224915445285843,-0.004085518426406427,0.05186623669864008,0.4649923896499239,0.0,12,incoming_final_layer_mean_head_attention_mass,ff6f95ad2b3bbaf9cf45400c8d59956407700fd902422716d21c484e22c011db,28c2715fbc9b16a75dc7e849a907a807c5097918ff49a92fd0b76583533998a8,87c0cf2e0f6e4cf5cf1ed4a0f6eb27af0115a73f61e811e17185afa0d20e738e
7ffa0a410b2e3d2a,mid,proof:7ffa0a410b2e3d2a:9fdb828fd431ed3a78858fc8,8,mandatory_block,TacticalLineWindow,edge,60,897e41795fa2ff26e0355378cf8a5167b375d14ef03f185ae2be39fb7c1c6286,0.02505299515895646,0.025,0.027219662156810306,5.299515895645923e-05,-0.002166666997853846,0.029293131347848337,0.4649923896499239,0.0,6,incoming_final_layer_mean_head_attention_mass,ff6f95ad2b3bbaf9cf45400c8d59956407700fd902422716d21c484e22c011db,28c2715fbc9b16a75dc7e849a907a807c5097918ff49a92fd0b76583533998a8,87c0cf2e0f6e4cf5cf1ed4a0f6eb27af0115a73f61e811e17185afa0d20e738e
7ffa0a410b2e3d2a,mid,proof:7ffa0a410b2e3d2a:9fdb828fd431ed3a78858fc8,8,mandatory_block,CompletionCell,node,60,897e41795fa2ff26e0355378cf8a5167b375d14ef03f185ae2be39fb7c1c6286,0.05000000011441963,0.05,0.0558035714436579,1.1441962655123206e-10,-0.005803571329238269,0.0928030303030303,0.4428571428571429,0.0,2,incoming_final_layer_mean_head_attention_mass,ff6f95ad2b3bbaf9cf45400c8d59956407700fd902422716d21c484e22c011db,28c2715fbc9b16a75dc7e849a907a807c5097918ff49a92fd0b76583533998a8,87c0cf2e0f6e4cf5cf1ed4a0f6eb27af0115a73f61e811e17185afa0d20e738e
7ffa0a410b2e3d2a,mid,proof:7ffa0a410b2e3d2a:9fdb828fd431ed3a78858fc8,8,mandatory_block,ForcedResponse,node,60,897e41795fa2ff26e0355378cf8a5167b375d14ef03f185ae2be39fb7c1c6286,0.028571428659619116,0.02857142857142857,0.027901785673599744,8.81905451444176e-11,0.0006696429860193719,0.125,0.8,0.0,1,incoming_final_layer_mean_head_attention_mass,ff6f95ad2b3bbaf9cf45400c8d59956407700fd902422716d21c484e22c011db,28c2715fbc9b16a75dc7e849a907a807c5097918ff49a92fd0b76583533998a8,87c0cf2e0f6e4cf5cf1ed4a0f6eb27af0115a73f61e811e17185afa0d20e738e
7ffa0a410b2e3d2a,mid,proof:7ffa0a410b2e3d2a:9fdb828fd431ed3a78858fc8,8,mandatory_block,BlockingMove,node,60,897e41795fa2ff26e0355378cf8a5167b375d14ef03f185ae2be39fb7c1c6286,0.028571428659619116,0.02857142857142857,0.027901785675262823,8.81905451444176e-11,0.0006696429843562925,0.125,0.8,0.0,1,incoming_final_layer_mean_head_attention_mass,ff6f95ad2b3bbaf9cf45400c8d59956407700fd902422716d21c484e22c011db,28c2715fbc9b16a75dc7e849a907a807c5097918ff49a92fd0b76583533998a8,87c0cf2e0f6e4cf5cf1ed4a0f6eb27af0115a73f61e811e17185afa0d20e738e
7ffa0a410b2e3d2a,mid,proof:7ffa0a410b2e3d2a:9fdb828fd431ed3a78858fc8,8,mandatory_block,ProofSupportedGeometry,edge,60,897e41795fa2ff26e0355378cf8a5167b375d14ef03f185ae2be39fb7c1c6286,0.02505299515895646,0.025,0.026206445877386964,5.299515895645923e-05,-0.001153450718430503,0.029293131347848337,0.4649923896499239,0.0,6,incoming_final_layer_mean_head_attention_mass,ff6f95ad2b3bbaf9cf45400c8d59956407700fd902422716d21c484e22c011db,28c2715fbc9b16a75dc7e849a907a807c5097918ff49a92fd0b76583533998a8,87c0cf2e0f6e4cf5cf1ed4a0f6eb27af0115a73f61e811e17185afa0d20e738e
afa1bb89512b7e7a,mid,proof:afa1bb89512b7e7a:2c9daa79abf6399e87928c04,23,mandatory_block,WinningThreat,edge,60,897e41795fa2ff26e0355378cf8a5167b375d14ef03f185ae2be39fb7c1c6286,0.05301062205174917,0.05357142857142857,0.05407352577214709,-0.0005608065196794007,-0.0010629037203979189,0.07268831496242312,0.4691780821917808,0.08333333333333333,12,incoming_final_layer_mean_head_attention_mass,2c016dde17c8e37751ec4d41c2b8dca2e33618a8ad233851a4a87e27c8432ece,28c2715fbc9b16a75dc7e849a907a807c5097918ff49a92fd0b76583533998a8,87c0cf2e0f6e4cf5cf1ed4a0f6eb27af0115a73f61e811e17185afa0d20e738e
afa1bb89512b7e7a,mid,proof:afa1bb89512b7e7a:2c9daa79abf6399e87928c04,23,mandatory_block,TacticalLineWindow,edge,60,897e41795fa2ff26e0355378cf8a5167b375d14ef03f185ae2be39fb7c1c6286,0.024439193342712932,0.025,0.02722530320065139,-0.000560806657287069,-0.0027861098579384583,0.025831159671738182,0.3789954337899543,0.0,6,incoming_final_layer_mean_head_attention_mass,2c016dde17c8e37751ec4d41c2b8dca2e33618a8ad233851a4a87e27c8432ece,28c2715fbc9b16a75dc7e849a907a807c5097918ff49a92fd0b76583533998a8,87c0cf2e0f6e4cf5cf1ed4a0f6eb27af0115a73f61e811e17185afa0d20e738e
afa1bb89512b7e7a,mid,proof:afa1bb89512b7e7a:2c9daa79abf6399e87928c04,23,mandatory_block,CompletionCell,node,60,897e41795fa2ff26e0355378cf8a5167b375d14ef03f185ae2be39fb7c1c6286,0.0571428571519803,0.05714285714285714,0.05580357145868499,9.123160560342569e-12,0.0013392856932953126,0.10555555555555556,0.6142857142857143,0.0,2,incoming_final_layer_mean_head_attention_mass,2c016dde17c8e37751ec4d41c2b8dca2e33618a8ad233851a4a87e27c8432ece,28c2715fbc9b16a75dc7e849a907a807c5097918ff49a92fd0b76583533998a8,87c0cf2e0f6e4cf5cf1ed4a0f6eb27af0115a73f61e811e17185afa0d20e738e
afa1bb89512b7e7a,mid,proof:afa1bb89512b7e7a:2c9daa79abf6399e87928c04,23,mandatory_block,ForcedResponse,node,60,897e41795fa2ff26e0355378cf8a5167b375d14ef03f185ae2be39fb7c1c6286,0.028571428655817802,0.02857142857142857,0.02834821427464889,8.438923171372181e-11,0.00022321438116891176,0.1111111111111111,0.7714285714285715,0.0,1,incoming_final_layer_mean_head_attention_mass,2c016dde17c8e37751ec4d41c2b8dca2e33618a8ad233851a4a87e27c8432ece,28c2715fbc9b16a75dc7e849a907a807c5097918ff49a92fd0b76583533998a8,87c0cf2e0f6e4cf5cf1ed4a0f6eb27af0115a73f61e811e17185afa0d20e738e
afa1bb89512b7e7a,mid,proof:afa1bb89512b7e7a:2c9daa79abf6399e87928c04,23,mandatory_block,BlockingMove,node,60,897e41795fa2ff26e0355378cf8a5167b375d14ef03f185ae2be39fb7c1c6286,0.028571428655817802,0.02857142857142857,0.028571428592620914,8.438923171372181e-11,6.319688869438345e-11,0.1111111111111111,0.7714285714285715,0.0,1,incoming_final_layer_mean_head_attention_mass,2c016dde17c8e37751ec4d41c2b8dca2e33618a8ad233851a4a87e27c8432ece,28c2715fbc9b16a75dc7e849a907a807c5097918ff49a92fd0b76583533998a8,87c0cf2e0f6e4cf5cf1ed4a0f6eb27af0115a73f61e811e17185afa0d20e738e
afa1bb89512b7e7a,mid,proof:afa1bb89512b7e7a:2c9daa79abf6399e87928c04,23,mandatory_block,ProofSupportedGeometry,edge,60,897e41795fa2ff26e0355378cf8a5167b375d14ef03f185ae2be39fb7c1c6286,0.024439193342712932,0.025,0.027984211640457966,-0.000560806657287069,-0.003545018297745034,0.025831159671738182,0.3789954337899543,0.0,6,incoming_final_layer_mean_head_attention_mass,2c016dde17c8e37751ec4d41c2b8dca2e33618a8ad233851a4a87e27c8432ece,28c2715fbc9b16a75dc7e849a907a807c5097918ff49a92fd0b76583533998a8,87c0cf2e0f6e4cf5cf1ed4a0f6eb27af0115a73f61e811e17185afa0d20e738e
bb9c5a54bd21082d,mid,proof:bb9c5a54bd21082d:2c9daa79abf6399e87928c04,23,mandatory_block,WinningThreat,edge,60,897e41795fa2ff26e0355378cf8a5167b375d14ef03f185ae2be39fb7c1c6286,0.053110895202261574,0.05357142857142857,0.05431539218363567,-0.00046053336916699467,-0.0012044969813740994,0.07312467308350294,0.4699391171993912,0.08333333333333333,12,incoming_final_layer_mean_head_attention_mass,152c9adcd0a4eba779e4ef15163bbc837d5513c9435565680f31f4dc1f845774,28c2715fbc9b16a75dc7e849a907a807c5097918ff49a92fd0b76583533998a8,87c0cf2e0f6e4cf5cf1ed4a0f6eb27af0115a73f61e811e17185afa0d20e738e
bb9c5a54bd21082d,mid,proof:bb9c5a54bd21082d:2c9daa79abf6399e87928c04,23,mandatory_block,TacticalLineWindow,edge,60,897e41795fa2ff26e0355378cf8a5167b375d14ef03f185ae2be39fb7c1c6286,0.02453946668253091,0.025,0.02744755284491248,-0.00046053331746909176,-0.0029080861623815707,0.02542959780290813,0.38051750380517496,0.0,6,incoming_final_layer_mean_head_attention_mass,152c9adcd0a4eba779e4ef15163bbc837d5513c9435565680f31f4dc1f845774,28c2715fbc9b16a75dc7e849a907a807c5097918ff49a92fd0b76583533998a8,87c0cf2e0f6e4cf5cf1ed4a0f6eb27af0115a73f61e811e17185afa0d20e738e
bb9c5a54bd21082d,mid,proof:bb9c5a54bd21082d:2c9daa79abf6399e87928c04,23,mandatory_block,CompletionCell,node,60,897e41795fa2ff26e0355378cf8a5167b375d14ef03f185ae2be39fb7c1c6286,0.057142857092679765,0.05714285714285714,0.05558035715080427,-5.0177376142990227e-11,0.0015624999418754962,0.07846153846153847,0.4857142857142857,0.0,2,incoming_final_layer_mean_head_attention_mass,152c9adcd0a4eba779e4ef15163bbc837d5513c9435565680f31f4dc1f845774,28c2715fbc9b16a75dc7e849a907a807c5097918ff49a92fd0b76583533998a8,87c0cf2e0f6e4cf5cf1ed4a0f6eb27af0115a73f61e811e17185afa0d20e738e
bb9c5a54bd21082d,mid,proof:bb9c5a54bd21082d:2c9daa79abf6399e87928c04,23,mandatory_block,ForcedResponse,node,60,897e41795fa2ff26e0355378cf8a5167b375d14ef03f185ae2be39fb7c1c6286,0.028571428519730664,0.02857142857142857,0.027232142839466733,-5.1697906372494273e-11,0.001339285680263931,0.04,0.3142857142857143,0.0,1,incoming_final_layer_mean_head_attention_mass,152c9adcd0a4eba779e4ef15163bbc837d5513c9435565680f31f4dc1f845774,28c2715fbc9b16a75dc7e849a907a807c5097918ff49a92fd0b76583533998a8,87c0cf2e0f6e4cf5cf1ed4a0f6eb27af0115a73f61e811e17185afa0d20e738e
bb9c5a54bd21082d,mid,proof:bb9c5a54bd21082d:2c9daa79abf6399e87928c04,23,mandatory_block,BlockingMove,node,60,897e41795fa2ff26e0355378cf8a5167b375d14ef03f185ae2be39fb7c1c6286,0.028571428519730664,0.02857142857142857,0.027455357143486736,-5.1697906372494273e-11,0.001116071376243928,0.04,0.3142857142857143,0.0,1,incoming_final_layer_mean_head_attention_mass,152c9adcd0a4eba779e4ef15163bbc837d5513c9435565680f31f4dc1f845774,28c2715fbc9b16a75dc7e849a907a807c5097918ff49a92fd0b76583533998a8,87c0cf2e0f6e4cf5cf1ed4a0f6eb27af0115a73f61e811e17185afa0d20e738e
bb9c5a54bd21082d,mid,proof:bb9c5a54bd21082d:2c9daa79abf6399e87928c04,23,mandatory_block,ProofSupportedGeometry,edge,60,897e41795fa2ff26e0355378cf8a5167b375d14ef03f185ae2be39fb7c1c6286,0.02453946668253091,0.025,0.02648844754747054,-0.00046053331746909176,-0.0019489808649396298,0.02542959780290813,0.38051750380517496,0.0,6,incoming_final_layer_mean_head_attention_mass,152c9adcd0a4eba779e4ef15163bbc837d5513c9435565680f31f4dc1f845774,28c2715fbc9b16a75dc7e849a907a807c5097918ff49a92fd0b76583533998a8,87c0cf2e0f6e4cf5cf1ed4a0f6eb27af0115a73f61e811e17185afa0d20e738e
057097684e7e5a87,mid,proof:057097684e7e5a87:708c7d162c6ab539184ec2a1,7,mandatory_block,WinningThreat,edge,60,897e41795fa2ff26e0355378cf8a5167b375d14ef03f185ae2be39fb7c1c6286,0.021428748124602284,0.02142857142857143,0.02582956167728272,1.7669603085551655e-07,-0.004400813552680436,0.023353510772334125,0.3637747336377473,0.0,6,incoming_final_layer_mean_head_attention_mass,d09e5251c9145b797dc637dd748bdcf1717e70eeeb408fa99932a0579682c477,28c2715fbc9b16a75dc7e849a907a807c5097918ff49a92fd0b76583533998a8,87c0cf2e0f6e4cf5cf1ed4a0f6eb27af0115a73f61e811e17185afa0d20e738e
057097684e7e5a87,mid,proof:057097684e7e5a87:708c7d162c6ab539184ec2a1,7,mandatory_block,TacticalLineWindow,edge,60,897e41795fa2ff26e0355378cf8a5167b375d14ef03f185ae2be39fb7c1c6286,0.021428748124602284,0.02142857142857143,0.027016118294747177,1.7669603085551655e-07,-0.0055873701701448925,0.023353510772334125,0.3637747336377473,0.0,6,incoming_final_layer_mean_head_attention_mass,d09e5251c9145b797dc637dd748bdcf1717e70eeeb408fa99932a0579682c477,28c2715fbc9b16a75dc7e849a907a807c5097918ff49a92fd0b76583533998a8,87c0cf2e0f6e4cf5cf1ed4a0f6eb27af0115a73f61e811e17185afa0d20e738e
057097684e7e5a87,mid,proof:057097684e7e5a87:708c7d162c6ab539184ec2a1,7,mandatory_block,CompletionCell,node,60,897e41795fa2ff26e0355378cf8a5167b375d14ef03f185ae2be39fb7c1c6286,0.028571428639092008,0.02857142857142857,0.027678571442565025,6.766343735309377e-11,0.0008928571965269826,0.125,0.8,0.0,1,incoming_final_layer_mean_head_attention_mass,d09e5251c9145b797dc637dd748bdcf1717e70eeeb408fa99932a0579682c477,28c2715fbc9b16a75dc7e849a907a807c5097918ff49a92fd0b76583533998a8,87c0cf2e0f6e4cf5cf1ed4a0f6eb27af0115a73f61e811e17185afa0d20e738e
057097684e7e5a87,mid,proof:057097684e7e5a87:708c7d162c6ab539184ec2a1,7,mandatory_block,ForcedResponse,node,60,897e41795fa2ff26e0355378cf8a5167b375d14ef03f185ae2be39fb7c1c6286,0.028571428639092008,0.02857142857142857,0.028124999970979322,6.766343735309377e-11,0.0004464286681126854,0.125,0.8,0.0,1,incoming_final_layer_mean_head_attention_mass,d09e5251c9145b797dc637dd748bdcf1717e70eeeb408fa99932a0579682c477,28c2715fbc9b16a75dc7e849a907a807c5097918ff49a92fd0b76583533998a8,87c0cf2e0f6e4cf5cf1ed4a0f6eb27af0115a73f61e811e17185afa0d20e738e
057097684e7e5a87,mid,proof:057097684e7e5a87:708c7d162c6ab539184ec2a1,7,mandatory_block,BlockingMove,node,60,897e41795fa2ff26e0355378cf8a5167b375d14ef03f185ae2be39fb7c1c6286,0.028571428639092008,0.02857142857142857,0.027901785686815263,6.766343735309377e-11,0.0006696429522767451,0.125,0.8,0.0,1,incoming_final_layer_mean_head_attention_mass,d09e5251c9145b797dc637dd748bdcf1717e70eeeb408fa99932a0579682c477,28c2715fbc9b16a75dc7e849a907a807c5097918ff49a92fd0b76583533998a8,87c0cf2e0f6e4cf5cf1ed4a0f6eb27af0115a73f61e811e17185afa0d20e738e
057097684e7e5a87,mid,proof:057097684e7e5a87:708c7d162c6ab539184ec2a1,7,mandatory_block,ProofSupportedGeometry,edge,60,897e41795fa2ff26e0355378cf8a5167b375d14ef03f185ae2be39fb7c1c6286,0.021428748124602284,0.02142857142857143,0.027701672114068154,1.7669603085551655e-07,-0.00627292398946587,0.023353510772334125,0.3637747336377473,0.0,6,incoming_final_layer_mean_head_attention_mass,d09e5251c9145b797dc637dd748bdcf1717e70eeeb408fa99932a0579682c477,28c2715fbc9b16a75dc7e849a907a807c5097918ff49a92fd0b76583533998a8,87c0cf2e0f6e4cf5cf1ed4a0f6eb27af0115a73f61e811e17185afa0d20e738e
72331df48a7d2dac,mid,proof:72331df48a7d2dac:2c9daa79abf6399e87928c04,23,mandatory_block,WinningThreat,edge,60,897e41795fa2ff26e0355378cf8a5167b375d14ef03f185ae2be39fb7c1c6286,0.053114357136224255,0.05357142857142857,0.054171806419486435,-0.0004570714352043134,-0.0010574492832621796,0.07318590018372324,0.4707001522070015,0.08333333333333333,12,incoming_final_layer_mean_head_attention_mass,7927a8f2d63798ebb3002892b41727057a7da4a0b02c218e777b24bbe7f6f3c3,28c2715fbc9b16a75dc7e849a907a807c5097918ff49a92fd0b76583533998a8,87c0cf2e0f6e4cf5cf1ed4a0f6eb27af0115a73f61e811e17185afa0d20e738e
72331df48a7d2dac,mid,proof:72331df48a7d2dac:2c9daa79abf6399e87928c04,23,mandatory_block,TacticalLineWindow,edge,60,897e41795fa2ff26e0355378cf8a5167b375d14ef03f185ae2be39fb7c1c6286,0.02454292873585493,0.025,0.0272522095665368,-0.00045707126414507027,-0.0027092808306818685,0.025339327296849623,0.3820395738203957,0.0,6,incoming_final_layer_mean_head_attention_mass,7927a8f2d63798ebb3002892b41727057a7da4a0b02c218e777b24bbe7f6f3c3,28c2715fbc9b16a75dc7e849a907a807c5097918ff49a92fd0b76583533998a8,87c0cf2e0f6e4cf5cf1ed4a0f6eb27af0115a73f61e811e17185afa0d20e738e
72331df48a7d2dac,mid,proof:72331df48a7d2dac:2c9daa79abf6399e87928c04,23,mandatory_block,CompletionCell,node,60,897e41795fa2ff26e0355378cf8a5167b375d14ef03f185ae2be39fb7c1c6286,0.05714285701361238,0.05714285714285714,0.056026785731421336,-1.2924476072706526e-10,0.0011160712821910446,0.06828703703703703,0.41428571428571426,0.0,2,incoming_final_layer_mean_head_attention_mass,7927a8f2d63798ebb3002892b41727057a7da4a0b02c218e777b24bbe7f6f3c3,28c2715fbc9b16a75dc7e849a907a807c5097918ff49a92fd0b76583533998a8,87c0cf2e0f6e4cf5cf1ed4a0f6eb27af0115a73f61e811e17185afa0d20e738e
72331df48a7d2dac,mid,proof:72331df48a7d2dac:2c9daa79abf6399e87928c04,23,mandatory_block,ForcedResponse,node,60,897e41795fa2ff26e0355378cf8a5167b375d14ef03f185ae2be39fb7c1c6286,0.028571428453587757,0.02857142857142857,0.02790178567529252,-1.17840813496084e-10,0.0006696427782952354,0.037037037037037035,0.2571428571428571,0.0,1,incoming_final_layer_mean_head_attention_mass,7927a8f2d63798ebb3002892b41727057a7da4a0b02c218e777b24bbe7f6f3c3,28c2715fbc9b16a75dc7e849a907a807c5097918ff49a92fd0b76583533998a8,87c0cf2e0f6e4cf5cf1ed4a0f6eb27af0115a73f61e811e17185afa0d20e738e
72331df48a7d2dac,mid,proof:72331df48a7d2dac:2c9daa79abf6399e87928c04,23,mandatory_block,BlockingMove,node,60,897e41795fa2ff26e0355378cf8a5167b375d14ef03f185ae2be39fb7c1c6286,0.028571428453587757,0.02857142857142857,0.027678571401724632,-1.17840813496084e-10,0.0008928570518631253,0.037037037037037035,0.2571428571428571,0.0,1,incoming_final_layer_mean_head_attention_mass,7927a8f2d63798ebb3002892b41727057a7da4a0b02c218e777b24bbe7f6f3c3,28c2715fbc9b16a75dc7e849a907a807c5097918ff49a92fd0b76583533998a8,87c0cf2e0f6e4cf5cf1ed4a0f6eb27af0115a73f61e811e17185afa0d20e738e
72331df48a7d2dac,mid,proof:72331df48a7d2dac:2c9daa79abf6399e87928c04,23,mandatory_block,ProofSupportedGeometry,edge,60,897e41795fa2ff26e0355378cf8a5167b375d14ef03f185ae2be39fb7c1c6286,0.02454292873585493,0.025,0.026911938599880426,-0.00045707126414507027,-0.0023690098640254953,0.025339327296849623,0.3820395738203957,0.0,6,incoming_final_layer_mean_head_attention_mass,7927a8f2d63798ebb3002892b41727057a7da4a0b02c218e777b24bbe7f6f3c3,28c2715fbc9b16a75dc7e849a907a807c5097918ff49a92fd0b76583533998a8,87c0cf2e0f6e4cf5cf1ed4a0f6eb27af0115a73f61e811e17185afa0d20e738e
61874ccf7e96711e,mid,proof:61874ccf7e96711e:708c7d162c6ab539184ec2a1,7,mandatory_block,WinningThreat,edge,60,897e41795fa2ff26e0355378cf8a5167b375d14ef03f185ae2be39fb7c1c6286,0.02137972871148067,0.02142857142857143,0.027079513012433394,-4.884271709075863e-05,-0.005699784300952724,0.023039912771642652,0.3546423135464231,0.0,6,incoming_final_layer_mean_head_attention_mass,ca9ea42f9d481953bae13c3b6db5564ebb91cc7950faf338748b158616535305,28c2715fbc9b16a75dc7e849a907a807c5097918ff49a92fd0b76583533998a8,87c0cf2e0f6e4cf5cf1ed4a0f6eb27af0115a73f61e811e17185afa0d20e738e
61874ccf7e96711e,mid,proof:61874ccf7e96711e:708c7d162c6ab539184ec2a1,7,mandatory_block,TacticalLineWindow,edge,60,897e41795fa2ff26e0355378cf8a5167b375d14ef03f185ae2be39fb7c1c6286,0.02137972871148067,0.02142857142857143,0.027013636648555273,-4.884271709075863e-05,-0.0056339079370746024,0.023039912771642652,0.3546423135464231,0.0,6,incoming_final_layer_mean_head_attention_mass,ca9ea42f9d481953bae13c3b6db5564ebb91cc7950faf338748b158616535305,28c2715fbc9b16a75dc7e849a907a807c5097918ff49a92fd0b76583533998a8,87c0cf2e0f6e4cf5cf1ed4a0f6eb27af0115a73f61e811e17185afa0d20e738e
61874ccf7e96711e,mid,proof:61874ccf7e96711e:708c7d162c6ab539184ec2a1,7,mandatory_block,CompletionCell,node,60,897e41795fa2ff26e0355378cf8a5167b375d14ef03f185ae2be39fb7c1c6286,0.028571428983491295,0.02857142857142857,0.02723214285574112,4.120627242198971e-10,0.0013392861277501736,1.0,1.0,1.0,1,incoming_final_layer_mean_head_attention_mass,ca9ea42f9d481953bae13c3b6db5564ebb91cc7950faf338748b158616535305,28c2715fbc9b16a75dc7e849a907a807c5097918ff49a92fd0b76583533998a8,87c0cf2e0f6e4cf5cf1ed4a0f6eb27af0115a73f61e811e17185afa0d20e738e
61874ccf7e96711e,mid,proof:61874ccf7e96711e:708c7d162c6ab539184ec2a1,7,mandatory_block,ForcedResponse,node,60,897e41795fa2ff26e0355378cf8a5167b375d14ef03f185ae2be39fb7c1c6286,0.028571428983491295,0.02857142857142857,0.026562499995592848,4.120627242198971e-10,0.002008928987898447,1.0,1.0,1.0,1,incoming_final_layer_mean_head_attention_mass,ca9ea42f9d481953bae13c3b6db5564ebb91cc7950faf338748b158616535305,28c2715fbc9b16a75dc7e849a907a807c5097918ff49a92fd0b76583533998a8,87c0cf2e0f6e4cf5cf1ed4a0f6eb27af0115a73f61e811e17185afa0d20e738e
61874ccf7e96711e,mid,proof:61874ccf7e96711e:708c7d162c6ab539184ec2a1,7,mandatory_block,BlockingMove,node,60,897e41795fa2ff26e0355378cf8a5167b375d14ef03f185ae2be39fb7c1c6286,0.028571428983491295,0.02857142857142857,0.027008928516915318,4.120627242198971e-10,0.0015625004665759772,1.0,1.0,1.0,1,incoming_final_layer_mean_head_attention_mass,ca9ea42f9d481953bae13c3b6db5564ebb91cc7950faf338748b158616535305,28c2715fbc9b16a75dc7e849a907a807c5097918ff49a92fd0b76583533998a8,87c0cf2e0f6e4cf5cf1ed4a0f6eb27af0115a73f61e811e17185afa0d20e738e
61874ccf7e96711e,mid,proof:61874ccf7e96711e:708c7d162c6ab539184ec2a1,7,mandatory_block,ProofSupportedGeometry,edge,60,897e41795fa2ff26e0355378cf8a5167b375d14ef03f185ae2be39fb7c1c6286,0.02137972871148067,0.02142857142857143,0.02708636224136676,-4.884271709075863e-05,-0.005706633529886089,0.023039912771642652,0.3546423135464231,0.0,6,incoming_final_layer_mean_head_attention_mass,ca9ea42f9d481953bae13c3b6db5564ebb91cc7950faf338748b158616535305,28c2715fbc9b16a75dc7e849a907a807c5097918ff49a92fd0b76583533998a8,87c0cf2e0f6e4cf5cf1ed4a0f6eb27af0115a73f61e811e17185afa0d20e738e
4b8d3d7dd8c4e0ae,mid,proof:4b8d3d7dd8c4e0ae:036f9ff78e8e2874cc3befee,34,immediate_win|winning_line,WinningThreat,edge,60,897e41795fa2ff26e0355378cf8a5167b375d14ef03f185ae2be39fb7c1c6286,0.02503148560083718,0.025,0.027152155731850057,3.1485600837179856e-05,-0.0021206701310128757,0.027265351956798575,0.4459665144596651,0.0,6,incoming_final_layer_mean_head_attention_mass,96f64d68565b3e834d5c8fdeba9c8c942659d68fc4fbc6a81cae6b77c764a59b,28c2715fbc9b16a75dc7e849a907a807c5097918ff49a92fd0b76583533998a8,87c0cf2e0f6e4cf5cf1ed4a0f6eb27af0115a73f61e811e17185afa0d20e738e
4b8d3d7dd8c4e0ae,mid,proof:4b8d3d7dd8c4e0ae:036f9ff78e8e2874cc3befee,34,immediate_win|winning_line,TacticalLineWindow,edge,60,897e41795fa2ff26e0355378cf8a5167b375d14ef03f185ae2be39fb7c1c6286,0.02503148560083718,0.025,0.02758715992781522,3.1485600837179856e-05,-0.0025556743269780392,0.027265351956798575,0.4459665144596651,0.0,6,incoming_final_layer_mean_head_attention_mass,96f64d68565b3e834d5c8fdeba9c8c942659d68fc4fbc6a81cae6b77c764a59b,28c2715fbc9b16a75dc7e849a907a807c5097918ff49a92fd0b76583533998a8,87c0cf2e0f6e4cf5cf1ed4a0f6eb27af0115a73f61e811e17185afa0d20e738e
4b8d3d7dd8c4e0ae,mid,proof:4b8d3d7dd8c4e0ae:036f9ff78e8e2874cc3befee,34,immediate_win|winning_line,CompletionCell,node,60,897e41795fa2ff26e0355378cf8a5167b375d14ef03f185ae2be39fb7c1c6286,0.028571428608681476,0.02857142857142857,0.027901785699110147,3.7252905621398824e-11,0.0006696429095713295,0.06666666666666667,0.6,0.0,1,incoming_final_layer_mean_head_attention_mass,96f64d68565b3e834d5c8fdeba9c8c942659d68fc4fbc6a81cae6b77c764a59b,28c2715fbc9b16a75dc7e849a907a807c5097918ff49a92fd0b76583533998a8,87c0cf2e0f6e4cf5cf1ed4a0f6eb27af0115a73f61e811e17185afa0d20e738e
4b8d3d7dd8c4e0ae,mid,proof:4b8d3d7dd8c4e0ae:036f9ff78e8e2874cc3befee,34,immediate_win|winning_line,ProofSupportedGeometry,edge,60,897e41795fa2ff26e0355378cf8a5167b375d14ef03f185ae2be39fb7c1c6286,0.02503148560083718,0.025,0.02722728810596778,3.1485600837179856e-05,-0.0021958025051305972,0.027265351956798575,0.4459665144596651,0.0,6,incoming_final_layer_mean_head_attention_mass,96f64d68565b3e834d5c8fdeba9c8c942659d68fc4fbc6a81cae6b77c764a59b,28c2715fbc9b16a75dc7e849a907a807c5097918ff49a92fd0b76583533998a8,87c0cf2e0f6e4cf5cf1ed4a0f6eb27af0115a73f61e811e17185afa0d20e738e
4b8d3d7dd8c4e0ae,mid,proof:4b8d3d7dd8c4e0ae:9fdb828fd431ed3a78858fc8,8,mandatory_block,WinningThreat,edge,60,897e41795fa2ff26e0355378cf8a5167b375d14ef03f185ae2be39fb7c1c6286,0.050052559174931885,0.05,0.05502763778393966,5.255917493188211e-05,-0.004975078609007776,0.049846103604284736,0.4509132420091324,0.0,12,incoming_final_layer_mean_head_attention_mass,0cff2cfa9d6ff2592dd516b002fbb20902ebbd38fe49b08f7b457342aadac9ae,28c2715fbc9b16a75dc7e849a907a807c5097918ff49a92fd0b76583533998a8,87c0cf2e0f6e4cf5cf1ed4a0f6eb27af0115a73f61e811e17185afa0d20e738e
4b8d3d7dd8c4e0ae,mid,proof:4b8d3d7dd8c4e0ae:9fdb828fd431ed3a78858fc8,8,mandatory_block,TacticalLineWindow,edge,60,897e41795fa2ff26e0355378cf8a5167b375d14ef03f185ae2be39fb7c1c6286,0.025021073574094704,0.025,0.027794503359541315,2.1073574094702258e-05,-0.0027734297854466114,0.028319079998335824,0.45585996955859964,0.0,6,incoming_final_layer_mean_head_attention_mass,0cff2cfa9d6ff2592dd516b002fbb20902ebbd38fe49b08f7b457342aadac9ae,28c2715fbc9b16a75dc7e849a907a807c5097918ff49a92fd0b76583533998a8,87c0cf2e0f6e4cf5cf1ed4a0f6eb27af0115a73f61e811e17185afa0d20e738e
4b8d3d7dd8c4e0ae,mid,proof:4b8d3d7dd8c4e0ae:9fdb828fd431ed3a78858fc8,8,mandatory_block,CompletionCell,node,60,897e41795fa2ff26e0355378cf8a5167b375d14ef03f185ae2be39fb7c1c6286,0.05714285673839705,0.05714285714285714,0.05647321430446547,-4.044600904196116e-10,0.0006696424339315832,0.06458333333333333,0.35714285714285715,0.0,2,incoming_final_layer_mean_head_attention_mass,0cff2cfa9d6ff2592dd516b002fbb20902ebbd38fe49b08f7b457342aadac9ae,28c2715fbc9b16a75dc7e849a907a807c5097918ff49a92fd0b76583533998a8,87c0cf2e0f6e4cf5cf1ed4a0f6eb27af0115a73f61e811e17185afa0d20e738e
4b8d3d7dd8c4e0ae,mid,proof:4b8d3d7dd8c4e0ae:9fdb828fd431ed3a78858fc8,8,mandatory_block,ForcedResponse,node,60,897e41795fa2ff26e0355378cf8a5167b375d14ef03f185ae2be39fb7c1c6286,0.028571428129715578,0.02857142857142857,0.027455357153708716,-4.417129925715635e-10,0.0011160709760068624,0.03125,0.11428571428571428,0.0,1,incoming_final_layer_mean_head_attention_mass,0cff2cfa9d6ff2592dd516b002fbb20902ebbd38fe49b08f7b457342aadac9ae,28c2715fbc9b16a75dc7e849a907a807c5097918ff49a92fd0b76583533998a8,87c0cf2e0f6e4cf5cf1ed4a0f6eb27af0115a73f61e811e17185afa0d20e738e
4b8d3d7dd8c4e0ae,mid,proof:4b8d3d7dd8c4e0ae:9fdb828fd431ed3a78858fc8,8,mandatory_block,BlockingMove,node,60,897e41795fa2ff26e0355378cf8a5167b375d14ef03f185ae2be39fb7c1c6286,0.028571428129715578,0.02857142857142857,0.0272321428219688,-4.417129925715635e-10,0.0013392853077467785,0.03125,0.11428571428571428,0.0,1,incoming_final_layer_mean_head_attention_mass,0cff2cfa9d6ff2592dd516b002fbb20902ebbd38fe49b08f7b457342aadac9ae,28c2715fbc9b16a75dc7e849a907a807c5097918ff49a92fd0b76583533998a8,87c0cf2e0f6e4cf5cf1ed4a0f6eb27af0115a73f61e811e17185afa0d20e738e
4b8d3d7dd8c4e0ae,mid,proof:4b8d3d7dd8c4e0ae:9fdb828fd431ed3a78858fc8,8,mandatory_block,ProofSupportedGeometry,edge,60,897e41795fa2ff26e0355378cf8a5167b375d14ef03f185ae2be39fb7c1c6286,0.025021073574094704,0.025,0.028320180807167902,2.1073574094702258e-05,-0.0032991072330731987,0.028319079998335824,0.45585996955859964,0.0,6,incoming_final_layer_mean_head_attention_mass,0cff2cfa9d6ff2592dd516b002fbb20902ebbd38fe49b08f7b457342aadac9ae,28c2715fbc9b16a75dc7e849a907a807c5097918ff49a92fd0b76583533998a8,87c0cf2e0f6e4cf5cf1ed4a0f6eb27af0115a73f61e811e17185afa0d20e738e
d5f8df6e4fc6622d,mid,proof:d5f8df6e4fc6622d:e234ebc1091cbb1dbfacaa53,6,mandatory_block,WinningThreat,edge,60,897e41795fa2ff26e0355378cf8a5167b375d14ef03f185ae2be39fb7c1c6286,0.02473409659699833,0.025,0.02812991354123797,-0.0002659034030016716,-0.0033958169442396408,0.025086896240058363,0.3904109589041096,0.0,6,incoming_final_layer_mean_head_attention_mass,04051a2869bf29dbcd5de1ee6bc50244d38badafe4bf027aac49fa907fd84ff7,28c2715fbc9b16a75dc7e849a907a807c5097918ff49a92fd0b76583533998a8,87c0cf2e0f6e4cf5cf1ed4a0f6eb27af0115a73f61e811e17185afa0d20e738e
d5f8df6e4fc6622d,mid,proof:d5f8df6e4fc6622d:e234ebc1091cbb1dbfacaa53,6,mandatory_block,TacticalLineWindow,edge,60,897e41795fa2ff26e0355378cf8a5167b375d14ef03f185ae2be39fb7c1c6286,0.02473409659699833,0.025,0.028553264911256655,-0.0002659034030016716,-0.0038191683142583255,0.025086896240058363,0.3904109589041096,0.0,6,incoming_final_layer_mean_head_attention_mass,04051a2869bf29dbcd5de1ee6bc50244d38badafe4bf027aac49fa907fd84ff7,28c2715fbc9b16a75dc7e849a907a807c5097918ff49a92fd0b76583533998a8,87c0cf2e0f6e4cf5cf1ed4a0f6eb27af0115a73f61e811e17185afa0d20e738e
d5f8df6e4fc6622d,mid,proof:d5f8df6e4fc6622d:e234ebc1091cbb1dbfacaa53,6,mandatory_block,CompletionCell,node,60,897e41795fa2ff26e0355378cf8a5167b375d14ef03f185ae2be39fb7c1c6286,0.028571428512888294,0.02857142857142857,0.027678571446698958,-5.85402767927512e-11,0.0008928570661893356,0.05555555555555555,0.5142857142857142,0.0,1,incoming_final_layer_mean_head_attention_mass,04051a2869bf29dbcd5de1ee6bc50244d38badafe4bf027aac49fa907fd84ff7,28c2715fbc9b16a75dc7e849a907a807c5097918ff49a92fd0b76583533998a8,87c0cf2e0f6e4cf5cf1ed4a0f6eb27af0115a73f61e811e17185afa0d20e738e
d5f8df6e4fc6622d,mid,proof:d5f8df6e4fc6622d:e234ebc1091cbb1dbfacaa53,6,mandatory_block,ForcedResponse,node,60,897e41795fa2ff26e0355378cf8a5167b375d14ef03f185ae2be39fb7c1c6286,0.028571428512888294,0.02857142857142857,0.02834821425881403,-5.85402767927512e-11,0.00022321425407426446,0.05555555555555555,0.5142857142857142,0.0,1,incoming_final_layer_mean_head_attention_mass,04051a2869bf29dbcd5de1ee6bc50244d38badafe4bf027aac49fa907fd84ff7,28c2715fbc9b16a75dc7e849a907a807c5097918ff49a92fd0b76583533998a8,87c0cf2e0f6e4cf5cf1ed4a0f6eb27af0115a73f61e811e17185afa0d20e738e
d5f8df6e4fc6622d,mid,proof:d5f8df6e4fc6622d:e234ebc1091cbb1dbfacaa53,6,mandatory_block,BlockingMove,node,60,897e41795fa2ff26e0355378cf8a5167b375d14ef03f185ae2be39fb7c1c6286,0.028571428512888294,0.02857142857142857,0.027901785719067058,-5.85402767927512e-11,0.000669642793821236,0.05555555555555555,0.5142857142857142,0.0,1,incoming_final_layer_mean_head_attention_mass,04051a2869bf29dbcd5de1ee6bc50244d38badafe4bf027aac49fa907fd84ff7,28c2715fbc9b16a75dc7e849a907a807c5097918ff49a92fd0b76583533998a8,87c0cf2e0f6e4cf5cf1ed4a0f6eb27af0115a73f61e811e17185afa0d20e738e
d5f8df6e4fc6622d,mid,proof:d5f8df6e4fc6622d:e234ebc1091cbb1dbfacaa53,6,mandatory_block,ProofSupportedGeometry,edge,60,897e41795fa2ff26e0355378cf8a5167b375d14ef03f185ae2be39fb7c1c6286,0.02473409659699833,0.025,0.02760925253621662,-0.0002659034030016716,-0.0028751559392182907,0.025086896240058363,0.3904109589041096,0.0,6,incoming_final_layer_mean_head_attention_mass,04051a2869bf29dbcd5de1ee6bc50244d38badafe4bf027aac49fa907fd84ff7,28c2715fbc9b16a75dc7e849a907a807c5097918ff49a92fd0b76583533998a8,87c0cf2e0f6e4cf5cf1ed4a0f6eb27af0115a73f61e811e17185afa0d20e738e
e0cdbab80d258594,mid,proof:e0cdbab80d258594:2c9daa79abf6399e87928c04,23,mandatory_block,WinningThreat,edge,60,897e41795fa2ff26e0355378cf8a5167b375d14ef03f185ae2be39fb7c1c6286,0.05321877128032917,0.05357142857142857,0.05273412138864983,-0.0003526572910994008,0.0004846498916793382,0.07315728946665133,0.4718417047184171,0.08333333333333333,12,incoming_final_layer_mean_head_attention_mass,2c72055edade18550361bbb85bc8be4984317cc977ec4c7c9be6d0d7f106ad83,28c2715fbc9b16a75dc7e849a907a807c5097918ff49a92fd0b76583533998a8,87c0cf2e0f6e4cf5cf1ed4a0f6eb27af0115a73f61e811e17185afa0d20e738e
e0cdbab80d258594,mid,proof:e0cdbab80d258594:2c9daa79abf6399e87928c04,23,mandatory_block,TacticalLineWindow,edge,60,897e41795fa2ff26e0355378cf8a5167b375d14ef03f185ae2be39fb7c1c6286,0.024647342455732905,0.025,0.025882607284267983,-0.00035265754426709595,-0.0012352648285350772,0.025192425122973122,0.38432267884322674,0.0,6,incoming_final_layer_mean_head_attention_mass,2c72055edade18550361bbb85bc8be4984317cc977ec4c7c9be6d0d7f106ad83,28c2715fbc9b16a75dc7e849a907a807c5097918ff49a92fd0b76583533998a8,87c0cf2e0f6e4cf5cf1ed4a0f6eb27af0115a73f61e811e17185afa0d20e738e
e0cdbab80d258594,mid,proof:e0cdbab80d258594:2c9daa79abf6399e87928c04,23,mandatory_block,CompletionCell,node,60,897e41795fa2ff26e0355378cf8a5167b375d14ef03f185ae2be39fb7c1c6286,0.05714285717022662,0.05714285714285714,0.05558035712020961,2.7369481681027708e-11,0.0015625000500170128,0.11309523809523808,0.6571428571428571,0.0,2,incoming_final_layer_mean_head_attention_mass,2c72055edade18550361bbb85bc8be4984317cc977ec4c7c9be6d0d7f106ad83,28c2715fbc9b16a75dc7e849a907a807c5097918ff49a92fd0b76583533998a8,87c0cf2e0f6e4cf5cf1ed4a0f6eb27af0115a73f61e811e17185afa0d20e738e
e0cdbab80d258594,mid,proof:e0cdbab80d258594:2c9daa79abf6399e87928c04,23,mandatory_block,ForcedResponse,node,60,897e41795fa2ff26e0355378cf8a5167b375d14ef03f185ae2be39fb7c1c6286,0.028571428611722526,0.02857142857142857,0.02812499999725592,4.029395567206606e-11,0.0004464286144666048,0.08333333333333333,0.6857142857142857,0.0,1,incoming_final_layer_mean_head_attention_mass,2c72055edade18550361bbb85bc8be4984317cc977ec4c7c9be6d0d7f106ad83,28c2715fbc9b16a75dc7e849a907a807c5097918ff49a92fd0b76583533998a8,87c0cf2e0f6e4cf5cf1ed4a0f6eb27af0115a73f61e811e17185afa0d20e738e
e0cdbab80d258594,mid,proof:e0cdbab80d258594:2c9daa79abf6399e87928c04,23,mandatory_block,BlockingMove,node,60,897e41795fa2ff26e0355378cf8a5167b375d14ef03f185ae2be39fb7c1c6286,0.028571428611722526,0.02857142857142857,0.027455357123785225,4.029395567206606e-11,0.0011160714879373014,0.08333333333333333,0.6857142857142857,0.0,1,incoming_final_layer_mean_head_attention_mass,2c72055edade18550361bbb85bc8be4984317cc977ec4c7c9be6d0d7f106ad83,28c2715fbc9b16a75dc7e849a907a807c5097918ff49a92fd0b76583533998a8,87c0cf2e0f6e4cf5cf1ed4a0f6eb27af0115a73f61e811e17185afa0d20e738e
e0cdbab80d258594,mid,proof:e0cdbab80d258594:2c9daa79abf6399e87928c04,23,mandatory_block,ProofSupportedGeometry,edge,60,897e41795fa2ff26e0355378cf8a5167b375d14ef03f185ae2be39fb7c1c6286,0.024647342455732905,0.025,0.027127424868058782,-0.00035265754426709595,-0.0024800824123258763,0.025192425122973122,0.38432267884322674,0.0,6,incoming_final_layer_mean_head_attention_mass,2c72055edade18550361bbb85bc8be4984317cc977ec4c7c9be6d0d7f106ad83,28c2715fbc9b16a75dc7e849a907a807c5097918ff49a92fd0b76583533998a8,87c0cf2e0f6e4cf5cf1ed4a0f6eb27af0115a73f61e811e17185afa0d20e738e
4456aeaef4126487,mid,proof:4456aeaef4126487:2c9daa79abf6399e87928c04,23,mandatory_block,WinningThreat,edge,60,897e41795fa2ff26e0355378cf8a5167b375d14ef03f185ae2be39fb7c1c6286,0.05311089536849841,0.05357142857142857,0.05525750169279765,-0.00046053320293015787,-0.0021466063242992425,0.07396805103887806,0.4699391171993912,0.08333333333333333,12,incoming_final_layer_mean_head_attention_mass,97a5e08334e0492d510c122ae1044a7c2137ee608bc460a79001231f12125eff,28c2715fbc9b16a75dc7e849a907a807c5097918ff49a92fd0b76583533998a8,87c0cf2e0f6e4cf5cf1ed4a0f6eb27af0115a73f61e811e17185afa0d20e738e
4456aeaef4126487,mid,proof:4456aeaef4126487:2c9daa79abf6399e87928c04,23,mandatory_block,TacticalLineWindow,edge,60,897e41795fa2ff26e0355378cf8a5167b375d14ef03f185ae2be39fb7c1c6286,0.024539466660982705,0.025,0.027746409419321622,-0.00046053333901729596,-0.003206942758338917,0.02545690671378024,0.3805175038051751,0.0,6,incoming_final_layer_mean_head_attention_mass,97a5e08334e0492d510c122ae1044a7c2137ee608bc460a79001231f12125eff,28c2715fbc9b16a75dc7e849a907a807c5097918ff49a92fd0b76583533998a8,87c0cf2e0f6e4cf5cf1ed4a0f6eb27af0115a73f61e811e17185afa0d20e738e
4456aeaef4126487,mid,proof:4456aeaef4126487:2c9daa79abf6399e87928c04,23,mandatory_block,CompletionCell,node,60,897e41795fa2ff26e0355378cf8a5167b375d14ef03f185ae2be39fb7c1c6286,0.057142857202157685,0.05714285714285714,0.056473214317294906,5.93005436422267e-11,0.0006696428848627783,0.12333333333333332,0.5857142857142856,0.0,2,incoming_final_layer_mean_head_attention_mass,97a5e08334e0492d510c122ae1044a7c2137ee608bc460a79001231f12125eff,28c2715fbc9b16a75dc7e849a907a807c5097918ff49a92fd0b76583533998a8,87c0cf2e0f6e4cf5cf1ed4a0f6eb27af0115a73f61e811e17185afa0d20e738e
4456aeaef4126487,mid,proof:4456aeaef4126487:2c9daa79abf6399e87928c04,23,mandatory_block,ForcedResponse,node,60,897e41795fa2ff26e0355378cf8a5167b375d14ef03f185ae2be39fb7c1c6286,0.028571428494641976,0.02857142857142857,0.027901785744488365,-7.678659444398939e-11,0.0006696427501536109,0.04,0.3142857142857143,0.0,1,incoming_final_layer_mean_head_attention_mass,97a5e08334e0492d510c122ae1044a7c2137ee608bc460a79001231f12125eff,28c2715fbc9b16a75dc7e849a907a807c5097918ff49a92fd0b76583533998a8,87c0cf2e0f6e4cf5cf1ed4a0f6eb27af0115a73f61e811e17185afa0d20e738e
4456aeaef4126487,mid,proof:4456aeaef4126487:2c9daa79abf6399e87928c04,23,mandatory_block,BlockingMove,node,60,897e41795fa2ff26e0355378cf8a5167b375d14ef03f185ae2be39fb7c1c6286,0.028571428494641976,0.02857142857142857,0.02767857140490823,-7.678659444398939e-11,0.0008928570897337451,0.04,0.3142857142857143,0.0,1,incoming_final_layer_mean_head_attention_mass,97a5e08334e0492d510c122ae1044a7c2137ee608bc460a79001231f12125eff,28c2715fbc9b16a75dc7e849a907a807c5097918ff49a92fd0b76583533998a8,87c0cf2e0f6e4cf5cf1ed4a0f6eb27af0115a73f61e811e17185afa0d20e738e
4456aeaef4126487,mid,proof:4456aeaef4126487:2c9daa79abf6399e87928c04,23,mandatory_block,ProofSupportedGeometry,edge,60,897e41795fa2ff26e0355378cf8a5167b375d14ef03f185ae2be39fb7c1c6286,0.024539466660982705,0.025,0.026297013063211062,-0.00046053333901729596,-0.001757546402228357,0.02545690671378024,0.3805175038051751,0.0,6,incoming_final_layer_mean_head_attention_mass,97a5e08334e0492d510c122ae1044a7c2137ee608bc460a79001231f12125eff,28c2715fbc9b16a75dc7e849a907a807c5097918ff49a92fd0b76583533998a8,87c0cf2e0f6e4cf5cf1ed4a0f6eb27af0115a73f61e811e17185afa0d20e738e
